id,Family,tool,time,l1,l2,l3,l4,Distribution,N,valid,KS,W1,moment gap
0,FKML,pyGLAM,0.051168500001949724,-0.0017888503582765623,1.553672488351138,0.085516363778824,0.06991845627783655,Normal,1000,True,0.006205773296695805,0.006016305524801077,2.49413432129586e-08
0,RS,pyGLAM,0.092241100002866,-0.030765294227225952,0.1201153922847909,0.07465372159373511,0.07989787122835636,Normal,1000,True,0.0065197617272960695,0.006179684068748236,1.8490747447086342e-08
1,FKML,pyGLAM,0.08602220000102534,-0.010515231274916204,1.5051461828007606,0.1370546093542042,0.13745554469207422,Normal,1000,True,0.01107145441516455,0.008040184586724182,5.295442713039371e-10
1,RS,pyGLAM,0.07023969999863766,-0.00957235914187036,0.20658847840526287,0.1374081743453259,0.13710122265824073,Normal,1000,True,0.01107708733325663,0.008035835908417315,3.4470803014402585e-07
2,FKML,pyGLAM,0.052368999997270294,0.04778122060543982,1.5009088914641664,0.10432718168014782,0.1286016977608484,Normal,1000,True,0.018787441657528603,0.011488638907671914,1.6745288711206285e-08
2,RS,pyGLAM,0.06612030000178493,0.10011850059349216,0.17322367639671707,0.12234206373529123,0.10826913214631494,Normal,1000,True,0.020179381666301233,0.011462388718337175,6.566703782684424e-07
3,FKML,pyGLAM,0.07703069999843137,0.0033838975697299987,1.5643059209632588,0.0844020853390934,0.10256615496483554,Normal,1000,True,0.008846788243240034,0.006337448590953155,1.9631215032209744e-06
3,RS,pyGLAM,0.08236119999855873,0.03838904181682662,0.14535863209154773,0.09675025192250004,0.08898702755011907,Normal,1000,True,0.009145928181350738,0.006559536445796903,2.3822411399820698e-07
4,FKML,pyGLAM,0.05540780000228551,-0.04013245235315108,1.401651782267552,0.1640628595504466,0.12840635179753815,Normal,1000,True,0.016113927199576883,0.010873524278945225,2.744293681189447e-10
4,RS,pyGLAM,0.08179250000102911,-0.1314526037465779,0.20146484513424393,0.12891762115147964,0.15807116264594495,Normal,1000,True,0.017708077194828087,0.01134595884442229,4.5777618976848817e-07
5,FKML,pyGLAM,0.054654600000503706,-0.02978281328243925,1.5129858222866202,0.15835590558212007,0.11728337171931662,Normal,1000,True,0.014529508200087915,0.0104118333508688,4.966597967635945e-06
5,RS,pyGLAM,0.07977949999985867,-0.12321704975135724,0.2037095914195782,0.11933217942315105,0.14931491091144966,Normal,1000,True,0.01582346578940963,0.011097806608462392,1.259464610839367e-06
6,FKML,pyGLAM,0.048056700001325225,-0.07261846528625009,1.35750411007186,0.19966279226739264,0.16309690729553428,Normal,1000,True,0.02876852147102138,0.01705005478819909,4.154254718002903e-10
6,RS,pyGLAM,0.08648270000048797,-0.18710022594069764,0.24182889587624892,0.15550375430424884,0.20037943509968692,Normal,1000,True,0.03079844767405371,0.016831974761438964,5.156485009122358e-07
7,FKML,pyGLAM,0.05531649999829824,-0.051268652940263636,1.290663457265865,0.22963096599506697,0.16441766649307218,Normal,1000,True,0.025034406678122234,0.01643754036024791,1.8193002659927515e-10
7,RS,pyGLAM,0.07275140000274405,-0.2675926756715994,0.2406675917732929,0.14338117750792387,0.22843551746140542,Normal,1000,True,0.026822358359674836,0.017119769108875835,1.289670020956435e-06
8,FKML,pyGLAM,0.045884000002843095,-0.033286634146435796,1.454561240907774,0.12645000587671432,0.11713571616223607,Normal,1000,True,0.01303140867767616,0.010609841345627672,2.376596965447675e-06
8,RS,pyGLAM,0.08615949999875738,-0.054583102464720236,0.1769251947261465,0.11868233182262623,0.12455499937890258,Normal,1000,True,0.013594483101009636,0.010699545567480874,3.7241625842204806e-08
9,FKML,pyGLAM,0.06503359999987879,0.044738415291557455,1.3334118581423393,0.19963399745283328,0.19296178778008444,Normal,1000,True,0.023172428537563072,0.015052232596317494,3.0594814018112092e-06
9,RS,pyGLAM,0.07972439999866765,0.0204771314109821,0.2615744015575619,0.19097108262589796,0.20136008374256045,Normal,1000,True,0.02299907347873753,0.015095202288828961,1.2349640094808128e-06
10,FKML,pyGLAM,0.05040500000177417,-0.04011450448179328,1.4227286196798294,0.15375752536910964,0.1244776028934693,Normal,1000,True,0.015267352530726808,0.010353565402834821,7.536575807876034e-10
10,RS,pyGLAM,0.07545599999866681,-0.11237796344422668,0.1955827775831878,0.12616174031026622,0.14845391657036372,Normal,1000,True,0.016864414000437755,0.01070341558605346,6.814330908849753e-07
11,FKML,pyGLAM,0.045780299999023555,0.013329192881793525,1.394291623824367,0.12487698303322702,0.1573292024409144,Normal,1000,True,0.01103861108154873,0.010134188860875078,3.68691743801719e-10
11,RS,pyGLAM,0.07472390000111773,0.09543248004999405,0.19390364944048508,0.15144153107982133,0.12629941368681372,Normal,1000,True,0.012271415169946343,0.010349868430209146,2.8706660747113144e-07
12,FKML,pyGLAM,0.055644500000198605,-0.012963055507440329,1.4204611799417224,0.15169803075168878,0.1467374792197174,Normal,1000,True,0.0064561797175387015,0.004113597409065511,4.873777825764591e-09
12,RS,pyGLAM,0.06429049999860581,-0.025980909705138673,0.21188653400669138,0.14697153987603348,0.15135392839856707,Normal,1000,True,0.006559685992042097,0.0042005521263253865,8.806946846882241e-07
13,FKML,pyGLAM,0.07039889999941806,-0.03896950338808539,1.3188584332479834,0.2113443698851991,0.22844786195244882,Normal,1000,True,0.020856778308332602,0.015583769237385836,1.6985293171956073e-09
13,RS,pyGLAM,0.0705199999974866,0.03537415598109478,0.28854338843011973,0.236609847297806,0.2010154048313874,Normal,1000,True,0.02038810433848104,0.015711003782082254,1.4983273833840177e-06
14,FKML,pyGLAM,0.08873649999804911,-0.026185336973213878,1.4970371293654614,0.12623552822313455,0.13252082393543446,Normal,1000,True,0.014141168347430288,0.008951562890986937,2.436087208401716e-06
14,RS,pyGLAM,0.08448280000084196,-0.011800492796752698,0.19357356947686566,0.13147889506152832,0.1271151707517525,Normal,1000,True,0.014044601191004924,0.00895945908969176,3.522252470938847e-08
15,FKML,pyGLAM,0.04810390000056941,0.09580945963454011,1.469691724894126,0.07676785928552247,0.16221854391733684,Normal,1000,True,0.03292849712579882,0.020446564830367303,9.87530945906201e-10
15,RS,pyGLAM,0.06389140000101179,0.26852290547113994,0.15781620095163587,0.1273300539504336,0.08502150145932375,Normal,1000,True,0.038284691102787094,0.020796729893485515,1.033099688435568e-06
16,FKML,pyGLAM,0.04014709999682964,0.04148036590029505,1.4063334387582023,0.13867587432335954,0.17316470450326746,Normal,1000,True,0.015360410106548095,0.009100668441008259,2.0405499512321512e-10
16,RS,pyGLAM,0.08154369999829214,0.13351438565387402,0.2158191937061728,0.1690826714462192,0.13740263543676806,Normal,1000,True,0.01735239365516983,0.009404347695429483,1.042529641873821e-06
17,FKML,pyGLAM,0.05366439999852446,0.02105358213545238,1.5301857855313439,0.07747760863803284,0.10544144758743887,Normal,1000,True,0.008446697069003473,0.006329436598993422,1.0393845784051337e-09
17,RS,pyGLAM,0.08546820000265143,0.07547261788308739,0.13792753720118378,0.09573014208110169,0.08429817450468688,Normal,1000,True,0.00991177879336197,0.006729173528940727,4.1021576906163926e-07
18,FKML,pyGLAM,0.09503420000328333,-0.0013291585893821017,1.4128912022536166,0.18259932503265075,0.17220778777084206,Normal,1000,True,0.00502082276037203,0.004104749150440008,1.1219203344126072e-10
18,RS,pyGLAM,0.061012800000753487,-0.03294575285534197,0.2502788799356516,0.17072132889506006,0.18352501273155786,Normal,1000,True,0.005335075116367348,0.004178453702800876,6.039237381053367e-07
19,FKML,pyGLAM,0.043370100000174716,-0.029290696257495717,1.4854335511613341,0.1305609130802034,0.10083779362978887,Normal,1000,True,0.010184956554998625,0.0070010132176889185,9.21281242405314e-08
19,RS,pyGLAM,0.06207920000088052,-0.09357413205266554,0.1695351579239554,0.10551989995155883,0.1224254921819106,Normal,1000,True,0.01209576599016271,0.007317183437202666,2.0272885954686348e-07
20,FKML,pyGLAM,0.05393330000151764,0.0384795214842214,1.410088874310848,0.15805042416724457,0.1552742309670128,Normal,1000,True,0.016490640392981204,0.012193301178808603,5.866147567701319e-10
20,RS,pyGLAM,0.08096260000093025,0.030874249197563312,0.22088467473013534,0.15530336101494047,0.15798559274871318,Normal,1000,True,0.016352888948477418,0.012202249674712916,4.260813086373258e-07
21,FKML,pyGLAM,0.05021800000031362,-0.0344617584718135,1.50689815610944,0.1231684228329842,0.10479532517229283,Normal,1000,True,0.014363721334797463,0.008441963680948192,2.3517809921713706e-10
21,RS,pyGLAM,0.062109500002407,-0.07373117058742745,0.17085402164856908,0.10812199585246017,0.11851869546289681,Normal,1000,True,0.015281692112010026,0.008439339797949766,1.340175546510336e-07
22,FKML,pyGLAM,0.0555023999986588,-0.012569262160195372,1.4432959607665585,0.13879031131671232,0.12072413844737352,Normal,1000,True,0.005043462032989554,0.005429327688952657,2.342902760688048e-09
22,RS,pyGLAM,0.06475250000221422,-0.055305693584938316,0.1863973002632265,0.12284261067812398,0.1353281250382662,Normal,1000,True,0.005692842573740919,0.005733855174714451,6.418853861905882e-07
23,FKML,pyGLAM,0.050870800001575844,0.07848654516523891,1.3895639351659366,0.17403585051531406,0.1358029981783036,Normal,1000,True,0.03579739317988684,0.03008193872949404,8.648735061456136e-10
23,RS,pyGLAM,0.08135179999953834,-0.023731237367844736,0.2111195449729159,0.13446509625081762,0.16885744825291407,Normal,1000,True,0.03429856524434849,0.030105761060436033,7.759698173181947e-07
24,FKML,pyGLAM,0.06995269999970333,-0.014172839968463287,1.4682592727983106,0.1670333688812311,0.11893154210432459,Normal,1000,True,0.006746877603373683,0.005461054270218709,3.7690538725526606e-06
24,RS,pyGLAM,0.06340700000146171,-0.12802525073164145,0.20346923319997506,0.1198394431232267,0.156450454764656,Normal,1000,True,0.008876557507271246,0.006883770734552716,9.374877248391478e-07
25,FKML,pyGLAM,0.041964399999415036,0.03490395765197845,1.5482676874068508,0.05840908582541335,0.07951097531528326,Normal,1000,True,0.01370475317513159,0.01309180301457176,2.395603271310165e-09
25,RS,pyGLAM,0.06783670000004349,0.07325864241811465,0.1056252274361826,0.07119348876561282,0.06513360506386402,Normal,1000,True,0.014974581289510125,0.013357377987815326,5.2704877490095114e-08
26,FKML,pyGLAM,0.07922749999852385,-0.03671812604782109,1.4883926974035562,0.15124970077894057,0.12365589884867707,Normal,1000,True,0.015224784319325058,0.008995898736470269,3.6511466534878195e-11
26,RS,pyGLAM,0.06269600000086939,-0.1014855332004718,0.20241725705010608,0.12552546469741294,0.14618046340486474,Normal,1000,True,0.016514722650880942,0.009395541192516664,6.18648839975644e-07
27,FKML,pyGLAM,0.06557940000129747,0.012555210816741585,1.4045280009098076,0.1572011330016213,0.18303991069912276,Normal,1000,True,0.004007139497904544,0.0032002483886359777,4.073727852826892e-06
27,RS,pyGLAM,0.08167730000059237,0.08743789626232223,0.23680253704116083,0.18276268635088325,0.15421086478682405,Normal,1000,True,0.005536904749296356,0.004137523470085528,4.90436352450409e-07
28,FKML,pyGLAM,0.05465539999931934,0.03637723847391864,1.3499901920062387,0.16661709820073548,0.19336585134921772,Normal,1000,True,0.017527986345760582,0.009785258044751603,2.275886146207995e-10
28,RS,pyGLAM,0.06325989999822923,0.12136287057764229,0.24062524026140997,0.19470063799146523,0.16157001187812733,Normal,1000,True,0.01837196203875746,0.010250630968549865,1.5842771145108125e-06
29,FKML,pyGLAM,0.05981509999764967,-0.0017567317295438085,1.4320282132360103,0.1727655569171533,0.1425517337765419,Normal,1000,True,0.0049229212037633155,0.004253812291419872,1.2638038793255646e-07
29,RS,pyGLAM,0.05981850000171107,-0.08204076247527994,0.223027996831572,0.14127751335145636,0.16987290631383684,Normal,1000,True,0.006191896159214491,0.004592641943398163,5.709041730441454e-07
30,FKML,pyGLAM,0.07311769999796525,0.030998217644963594,1.4648600629501463,0.13192592026977235,0.175326732212256,Normal,1000,True,0.011293184945192547,0.008231828365302483,6.267120156167039e-11
30,RS,pyGLAM,0.0609292999979516,0.13952770093771946,0.21948741654526668,0.16844665660991762,0.13052345852433753,Normal,1000,True,0.01362952431910286,0.009003991260180649,3.4279246108326333e-12
31,FKML,pyGLAM,0.06104050000067218,-0.02962925761876811,1.5421021591349238,0.1259760247616073,0.10074828177584359,Normal,1000,True,0.015839622566746092,0.008643551835102849,6.450334395368226e-09
31,RS,pyGLAM,0.08013950000167824,-0.0819624164944171,0.17307957561970738,0.10510822986294319,0.11913602821504499,Normal,1000,True,0.016546409751131308,0.009014519845097215,3.663096072303862e-08
32,FKML,pyGLAM,0.09935380000024452,-0.03152258075696433,1.5080788955287914,0.1296678149612272,0.13944911566057513,Normal,1000,True,0.018596333346101335,0.011213185310464268,7.924221279154153e-10
32,RS,pyGLAM,0.06291649999911897,-0.008857726866544362,0.20264896905809543,0.1379693675325133,0.1307453729642876,Normal,1000,True,0.01857646284667802,0.011220670497607515,1.2606092594791285e-07
33,FKML,pyGLAM,0.06771759999901406,0.006242785235863767,1.4437541957300164,0.1490611062941113,0.131405971223836,Normal,1000,True,0.00499904687167585,0.004738492708132134,3.2748894774569735e-06
33,RS,pyGLAM,0.08272729999953299,-0.037333897737791825,0.20158568201022212,0.13263171953112252,0.14650128548235083,Normal,1000,True,0.0056684876498154235,0.004751716419431728,1.0053499049436643e-06
34,FKML,pyGLAM,0.05259239999941201,-0.05409201578410706,1.3795406160926091,0.16056903470264314,0.12660479992229146,Normal,1000,True,0.024049271039776388,0.016751374658229876,1.336897675896509e-10
34,RS,pyGLAM,0.06209370000215131,-0.14168162617581392,0.19498380576722646,0.12761366031797258,0.15462988492776172,Normal,1000,True,0.025171951535058024,0.01732722654364505,8.96580476195119e-07
35,FKML,pyGLAM,0.06999059999725432,0.023208600277717872,1.4066586939042838,0.1658540702719733,0.16346669935082098,Normal,1000,True,0.010359875360271387,0.007740507432157185,1.042799885157147e-06
35,RS,pyGLAM,0.06025750000117114,0.01638439463480831,0.2316031401367563,0.16337821686936482,0.16591508386844192,Normal,1000,True,0.010256217435072101,0.007754088531980494,1.4376475071520906e-07
36,FKML,pyGLAM,0.05459540000083507,0.054836253098623514,1.412934535109211,0.1261660952819379,0.1463079495066561,Normal,1000,True,0.0225132488769777,0.01564080010482456,5.147719050612373e-10
36,RS,pyGLAM,0.06510169999819482,0.10471114964483505,0.19139676349826917,0.14289809718351384,0.12786868526913803,Normal,1000,True,0.023477930730546492,0.015861194025444787,4.1868630629160464e-07
37,FKML,pyGLAM,0.05778140000256826,0.012208181290439971,1.534786146136995,0.11504301043262552,0.1469565349251806,Normal,1000,True,0.012143566857648724,0.010500112607030548,1.7529178109043642e-10
37,RS,pyGLAM,0.06222169999819016,0.0827002624559031,0.19815334470792612,0.13987000617435558,0.1179642399970502,Normal,1000,True,0.013496947573075513,0.010773182797546582,6.900808574572537e-08
38,FKML,pyGLAM,0.044892599999002414,-0.02127976327629971,1.424510358958981,0.18789183137454663,0.12646824602678225,Normal,1000,True,0.005719188931569634,0.006038262118828824,9.959480853247966e-07
38,RS,pyGLAM,0.0734998000007181,-0.17603383131134276,0.21329896783342886,0.12272765867414151,0.1753563075957306,Normal,1000,True,0.00870055418443022,0.008140437787942729,7.241804113554954e-08
39,FKML,pyGLAM,0.05559269999866956,0.03938565678578319,1.467418926366963,0.11818480978598152,0.11819647917589489,Normal,1000,True,0.015714616296320538,0.012793406289764163,2.049844738394313e-10
39,RS,pyGLAM,0.08372550000058254,0.03941179275839467,0.1734351763308743,0.11819411584728735,0.11818706919144166,Normal,1000,True,0.01571540595241816,0.012793393466515514,5.822175180511813e-07
40,FKML,pyGLAM,0.0842235999989498,-0.00919083884041142,1.5381493280723646,0.09569496705230708,0.10416943072023585,Normal,1000,True,0.00929437983114434,0.005319166971084893,2.2127222715434542e-06
40,RS,pyGLAM,0.08337500000197906,0.007814412567733995,0.15352016396846538,0.10179777973868981,0.09779444984160622,Normal,1000,True,0.009251161003906327,0.0053424757056647525,1.4318262553616216e-09
41,FKML,pyGLAM,0.04860790000020643,-0.025078056225750586,1.402983613740945,0.2265363134389127,0.15165677116634144,Normal,1000,True,0.012092578773437695,0.007184579237022358,1.9840085130340412e-10
41,RS,pyGLAM,0.07575119999819435,-0.23794833688884373,0.2475105650477115,0.13273435674304865,0.2183534738557033,Normal,1000,True,0.0145390321174401,0.009950878034278545,3.713633986711862e-07
42,FKML,pyGLAM,0.04718710000088322,0.027046358450734616,1.4882413881449206,0.10719853501171786,0.1418442969539847,Normal,1000,True,0.009752621728046529,0.005560279859170811,4.611628146022895e-08
42,RS,pyGLAM,0.062164799997844966,0.10383740283129726,0.18208015252924722,0.13303707111811927,0.11121174503245217,Normal,1000,True,0.011736714808746218,0.0063667703103867795,1.0334298282677068e-06
43,FKML,pyGLAM,0.056428899999446,-0.004957079545325382,1.5003085170406483,0.15461205705165848,0.14988744688622926,Normal,1000,True,0.011453659292897211,0.011181427686633383,3.5743186188597065e-10
43,RS,pyGLAM,0.07846690000224044,-0.01686250970121089,0.22835196972691962,0.15003508637379767,0.15436315156302752,Normal,1000,True,0.011311070875279605,0.011202881311533647,9.642267938814175e-07
44,FKML,pyGLAM,0.0438265999982832,-0.012455776291189909,1.4423631667916637,0.10605788299093492,0.14403583098966874,Normal,1000,True,0.01274106346062534,0.010068591263322156,2.1137391836845154e-08
44,RS,pyGLAM,0.0649096000015561,0.07422691367371541,0.176599399009689,0.13412289313684525,0.11022109971238805,Normal,1000,True,0.014005867521516183,0.010095722798837112,7.126011801195098e-07
45,FKML,pyGLAM,0.09951440000077127,-0.014345655826145972,1.5004689918289265,0.12506662415960149,0.1349639287608302,Normal,1000,True,0.011116701319555777,0.006226023045702988,2.611424542386942e-06
45,RS,pyGLAM,0.0612347000023874,0.008287514862435272,0.1948084143577213,0.1332695205416824,0.12635688321989746,Normal,1000,True,0.011181839936722726,0.006099524921006195,5.723596561632571e-08
46,FKML,pyGLAM,0.04254969999965397,0.007535504466500013,1.3982145427172135,0.1666849780829177,0.1542911716630913,Normal,1000,True,0.007909082066839046,0.004761229445101774,6.404390795466952e-09
46,RS,pyGLAM,0.08150260000184062,-0.027236722381360233,0.22393013856544908,0.15389504976194593,0.16635826176791732,Normal,1000,True,0.008132220048055583,0.004632326422347136,2.716652540701858e-07
47,FKML,pyGLAM,0.05890789999830304,0.017314201624635202,1.4391620498492743,0.15475467972707552,0.14084053861783447,Normal,1000,True,0.007780993168155836,0.007490716608298963,2.222670936191662e-10
47,RS,pyGLAM,0.08122930000172346,-0.01837274765682326,0.21214069821085602,0.14136131553935644,0.15337685023953262,Normal,1000,True,0.0070140569745448245,0.007521266180068751,1.2725599961987966e-06
48,FKML,pyGLAM,0.04481339999983902,0.005003861119286465,1.4747397985247384,0.13063949551410356,0.10449137978193498,Normal,1000,True,0.007045951706472819,0.005902907155478872,2.7300193217172364e-09
48,RS,pyGLAM,0.08284210000056191,-0.05251050233161899,0.1715752310913149,0.10855361834053034,0.12388311856637124,Normal,1000,True,0.00797809937438787,0.005995602380863721,1.3030070349084877e-07
49,FKML,pyGLAM,0.05570309999893652,-0.05971841186890693,1.380442634916763,0.1768199548850326,0.11393925330811955,Normal,1000,True,0.023394527167249657,0.016438769028706716,1.0240721159959776e-08
49,RS,pyGLAM,0.06816319999779807,-0.2151074469546564,0.19048089074033922,0.11384343263802037,0.1606652656885441,Normal,1000,True,0.026079323390927278,0.01723010989873213,2.7789138591079283e-07
50,FKML,pyGLAM,0.16859430000113207,-0.016285334814588322,1.4719435284023243,0.12737446137980765,0.1207066319245087,Normal,5000,True,0.006325570953233606,0.005003698471728744,5.285920813058453e-06
50,RS,pyGLAM,0.21472369999901275,-0.03148778821115375,0.18246134810906928,0.12178599772238427,0.12611654595520472,Normal,5000,True,0.006736061146929484,0.0050496575717607975,2.0679769172776696e-07
51,FKML,pyGLAM,0.20329519999722834,0.0023372400042227953,1.46211207745363,0.1348519945846486,0.14654944438421474,Normal,5000,True,0.0026442280638432347,0.0020077067144905958,1.2740048197007643e-06
51,RS,pyGLAM,0.19534370000110357,0.03099744455406621,0.20532821862878478,0.1450539880727724,0.1357589666059701,Normal,5000,True,0.00309962867514757,0.0022084233181029725,2.2918755958759964e-08
52,FKML,pyGLAM,0.21481159999893862,0.01671272174288673,1.5548880418478639,0.09930076043940264,0.10476125773022758,Normal,5000,True,0.01306760071774088,0.006787783980133291,6.14305548533245e-11
52,RS,pyGLAM,0.21305239999855985,0.02763191066693932,0.1585662355477282,0.10330375229146267,0.10064437564053687,Normal,5000,True,0.013127933914155065,0.006852897852424876,7.164734719747323e-07
53,FKML,pyGLAM,0.22468950000256882,-0.010795680758172067,1.4874777221731492,0.12816240763105632,0.12005891889200819,Normal,5000,True,0.005579491074287013,0.002695468514514313,1.8172156345912037e-06
53,RS,pyGLAM,0.2131030999989889,-0.02907787980826129,0.18443218327785654,0.12134542297182027,0.12660958719222656,Normal,5000,True,0.0058533461493062156,0.002817664512317518,3.7856689211178684e-07
54,FKML,pyGLAM,0.1899269000023196,-0.003768950695666416,1.486641807285527,0.13365159185428893,0.120374229870872,Normal,5000,True,0.0033492045087744615,0.002665743703576123,1.8929555420992145e-06
54,RS,pyGLAM,0.19523490000210586,-0.03401693919579769,0.18833648195064734,0.12219655801303762,0.13110862935181725,Normal,5000,True,0.0037144735665138318,0.002861579529085518,2.012450888286053e-07
55,FKML,pyGLAM,0.21478969999952824,-0.026578440654839077,1.5422259217827536,0.10737901960768353,0.09733854183073445,Normal,5000,True,0.014484359708515138,0.007253738806475252,8.854795109629426e-09
55,RS,pyGLAM,0.20557729999927687,-0.04682016240314105,0.15759042483745436,0.09971613771965265,0.10461675440049147,Normal,5000,True,0.01476119209924831,0.0073377278631923115,5.336954600199611e-08
56,FKML,pyGLAM,0.2079650000014226,0.02623264377072757,1.4784187836947424,0.12645969784935546,0.1457297945738732,Normal,5000,True,0.010799673177600277,0.006051326718122067,4.475205889591234e-06
56,RS,pyGLAM,0.21247109999967506,0.07183777210283065,0.20015454265318366,0.14249853993340209,0.1281282573093878,Normal,5000,True,0.01172882554977317,0.006277224717177069,5.045295918277379e-07
57,FKML,pyGLAM,0.19064720000096713,0.008071217188661809,1.4869536326023245,0.12102427764308007,0.11778798356316628,Normal,5000,True,0.004859475547228709,0.003575018673140899,1.793123663518761e-06
57,RS,pyGLAM,0.1962521999994351,0.0008871372647101737,0.17752330366688981,0.11839301595919148,0.12037740540188102,Normal,5000,True,0.004774103712623712,0.0035706993960140875,5.43058287574838e-10
58,FKML,pyGLAM,0.17346349999934318,0.0023971127880952196,1.4469209810076866,0.13664848845835667,0.13827404950527092,Normal,5000,True,0.0019963253529144964,0.0018887060238242793,3.834300247273148e-06
58,RS,pyGLAM,0.19631130000198027,0.006377009425243401,0.19888855524327023,0.13807938430923386,0.13683191319259816,Normal,5000,True,0.0019273999346477444,0.001915475379214311,3.9264565763596354e-07
59,FKML,pyGLAM,0.20505789999879198,0.023559190565760908,1.472396459769823,0.12230295369249042,0.1383205258072448,Normal,5000,True,0.00897365406038192,0.005256188637278551,5.808456342570878e-07
59,RS,pyGLAM,0.20649240000057034,0.06082634175212484,0.19116215880914786,0.13536749205125914,0.12419682035768408,Normal,5000,True,0.009919729077787376,0.0052259869934278835,2.4202418402730075e-09
60,FKML,pyGLAM,0.1770914000007906,-0.009322753790447509,1.490702342486924,0.1095850147120888,0.13749922630424494,Normal,5000,True,0.008700369694113363,0.007312925365877614,8.823962938109275e-08
60,RS,pyGLAM,0.20856580000327085,0.052647305424737195,0.1820528216006303,0.130781885462479,0.11318083462622289,Normal,5000,True,0.00918100729358795,0.007329849256477082,2.7178030948560305e-08
61,FKML,pyGLAM,0.21585330000016256,0.020059143823109204,1.4958383554590466,0.13584915563627967,0.1276934331939364,Normal,5000,True,0.012450352080998872,0.00738788396654914,5.899725839951255e-06
61,RS,pyGLAM,0.2041821999991953,0.0012097474693028975,0.196920877853483,0.12871947454334076,0.13454619677063429,Normal,5000,True,0.012424155738393339,0.007405209856976122,2.964076506597202e-07
62,FKML,pyGLAM,0.1790627999980643,-0.02325689868745569,1.479064644489945,0.12068134630796877,0.13884248379156275,Normal,5000,True,0.011965596211666263,0.009971912537178728,3.364592230159502e-06
62,RS,pyGLAM,0.19378449999931036,0.018663534653040832,0.1910150927754166,0.13535889393788936,0.12280840690208904,Normal,5000,True,0.011658886939160285,0.00998294197694926,4.3324198172073284e-07
63,FKML,pyGLAM,0.2145980999994208,0.00306842684104953,1.5113470317761393,0.11717107707273385,0.12607209963850863,Normal,5000,True,0.0057841091874840656,0.0043946933455980665,1.075142839823684e-05
63,RS,pyGLAM,0.1926939000004495,0.022645664527406236,0.18359640673581884,0.12426473977743446,0.11866330641766044,Normal,5000,True,0.00598169010232219,0.004407663119081396,3.876820254926361e-07
64,FKML,pyGLAM,0.16896120000092196,-0.00020104442336407998,1.4072222736140139,0.14250686297944293,0.14854651451228826,Normal,5000,True,0.007095480662212689,0.0061788843523759695,2.398869547448612e-09
64,RS,pyGLAM,0.2062456999992719,0.015531217337448435,0.20468530043225652,0.14799818295822434,0.14289483006432036,Normal,5000,True,0.007310886480707907,0.006162950847410024,2.3722357411770645e-11
65,FKML,pyGLAM,0.20989410000038333,0.00037623360536220325,1.4238046355927092,0.15876327588986724,0.14997724318039132,Normal,5000,True,0.0025544938710818643,0.001796909625600824,9.012857235701597e-07
65,RS,pyGLAM,0.20561839999936637,-0.0231617015026801,0.21956224588081216,0.15007424887997028,0.15831330356790166,Normal,5000,True,0.002839725993894704,0.001895540614244126,4.168141347938913e-07
66,FKML,pyGLAM,0.16592970000056084,-0.007943179430151472,1.4745897308625358,0.12135251286572588,0.11975508463094169,Normal,5000,True,0.003360004272007555,0.0037888567245326406,1.752128476745613e-06
66,RS,pyGLAM,0.19432600000072853,-0.01153448521853218,0.1777607285722212,0.1200516277355785,0.12104577604487189,Normal,5000,True,0.0034486883083683084,0.0038081630899369444,4.0124002392258936e-08
67,FKML,pyGLAM,0.20655410000108532,-0.003058691917280379,1.5170806481325145,0.11978931182826263,0.1166000273332728,Normal,5000,True,0.006495673935761781,0.004277619956107094,5.133413694125011e-10
67,RS,pyGLAM,0.19135129999995115,-0.009967335656499359,0.17928293585190122,0.11721163607202069,0.11913715269912321,Normal,5000,True,0.006491193660234096,0.004290962135133955,7.966606702970724e-08
68,FKML,pyGLAM,0.19392560000051162,-0.00903214794324356,1.4475160909107625,0.1375815389335867,0.14675758357938906,Normal,5000,True,0.004213846094050511,0.004222206213718127,4.463553970879275e-10
68,RS,pyGLAM,0.19398920000094222,0.013844343048969995,0.20555196428252143,0.14570473525248093,0.1382696083477812,Normal,5000,True,0.003831353762148937,0.0042408146731677445,8.823327172190198e-07
69,FKML,pyGLAM,0.21174600000085775,-0.025233663037265017,1.4691606964855741,0.14723784590200725,0.12784076585191523,Normal,5000,True,0.009714152081129135,0.005451287736938505,4.002856421828024e-06
69,RS,pyGLAM,0.19315650000135065,-0.07169921730951771,0.2010034329404803,0.12938425781729554,0.1441025248509896,Normal,5000,True,0.010801776640920857,0.005591423530164759,3.8315687629100245e-07
70,FKML,pyGLAM,0.20840510000198265,0.010616312167949761,1.497932360880675,0.11479633038892158,0.12383345901553035,Normal,5000,True,0.006028574097188766,0.003022260241286643,1.441787980295172e-06
70,RS,pyGLAM,0.21335539999927278,0.03050064107837246,0.17850393527172986,0.12191285379761706,0.11639065553478123,Normal,5000,True,0.006296924527587067,0.0031815803677366244,5.794027438419914e-07
71,FKML,pyGLAM,0.19894489999933285,-0.019841343708196735,1.4660464944333607,0.14526470651319373,0.11649464195019694,Normal,5000,True,0.006342543657675503,0.004054845626439357,8.351819065701317e-08
71,RS,pyGLAM,0.21403780000036932,-0.08655569014793557,0.189615969698556,0.11926353221385254,0.1391020275924279,Normal,5000,True,0.008218411936462555,0.004721323443892438,2.0880459260601096e-07
72,FKML,pyGLAM,0.19827760000043781,0.015423906608217337,1.4866758807001534,0.13549693968837834,0.12416744359246494,Normal,5000,True,0.009616379840197309,0.006489382938080623,3.423013452241719e-06
72,RS,pyGLAM,0.22495669999989332,-0.010691296593286704,0.19266113624557543,0.1256241268615935,0.13351126679447942,Normal,5000,True,0.009566508415370073,0.006497496904106201,9.782552295653502e-08
73,FKML,pyGLAM,0.1630412000013166,-0.0037117497114955563,1.4152987535189538,0.15363529478352592,0.1408493692374541,Normal,5000,True,0.005312520502878004,0.0043989657867358435,1.0797052141242602e-10
73,RS,pyGLAM,0.19879499999660766,-0.03699508888095763,0.2079245247973101,0.14139135397428468,0.15237092699720817,Normal,5000,True,0.005825000722167628,0.004421185605473852,1.345294179548595e-06
74,FKML,pyGLAM,0.22160950000034063,-0.00994039056208068,1.4289616795963764,0.16063890488907692,0.14788870624554312,Normal,5000,True,0.0033101722584622517,0.002150460412008084,9.172401072797776e-07
74,RS,pyGLAM,0.2159895000004326,-0.043895074341400574,0.21995040028060828,0.14794055167360534,0.15984542631265308,Normal,5000,True,0.0041349339648648065,0.002478261908915247,2.1326692432530048e-07
75,FKML,pyGLAM,0.20381190000261995,0.006503983681524214,1.4681294090468056,0.13277261403472676,0.12615551520601875,Normal,5000,True,0.0037097902237654967,0.0031248498623695537,1.5760731631535948e-06
75,RS,pyGLAM,0.19254880000153207,-0.008942210992464327,0.1899495395769857,0.12707450624941308,0.13167272616356276,Normal,5000,True,0.0035373609701618847,0.0031323190803426953,2.9418422476876205e-07
76,FKML,pyGLAM,0.20021540000016103,-0.030477930937813275,1.401260013580986,0.1652956735264849,0.16683362465841892,Normal,5000,True,0.013361480176827478,0.009769060062713511,2.497222872932525e-09
76,RS,pyGLAM,0.21206240000174148,-0.02603225384002271,0.23269225018774528,0.166889887593518,0.16522790477332513,Normal,5000,True,0.013290530960108016,0.009777635064940586,1.146285013925306e-07
77,FKML,pyGLAM,0.1710296000019298,0.03862934316151447,1.4470602937160237,0.15081540672829089,0.12470053686079098,Normal,5000,True,0.017045562533892,0.0159487594797026,4.228758770656419e-06
77,RS,pyGLAM,0.21254160000171396,-0.024586997979452734,0.19745295963829304,0.12648611480342276,0.14615691158470584,Normal,5000,True,0.015405215288233132,0.015964736679228576,2.776684950300812e-07
78,FKML,pyGLAM,0.15625370000270777,-0.008148750313238399,1.4177524269200017,0.13655858660773615,0.15987712118925027,Normal,5000,True,0.008616780642273586,0.00624585780506373,3.1771127395607834e-11
78,RS,pyGLAM,0.20184490000247024,0.052251452649507035,0.20858363283589124,0.15701901030461768,0.1370214226258538,Normal,5000,True,0.009310844415834685,0.006263789605829711,4.506886901595175e-07
79,FKML,pyGLAM,0.21935799999846495,-0.015520316335791966,1.5091502239317827,0.11920351455981261,0.1323629573548572,Normal,5000,True,0.012301135609040448,0.0069365243087980855,2.183364568697499e-06
79,RS,pyGLAM,0.19157380000251578,0.013874942939223051,0.18934328404031933,0.1297808321454215,0.12108130723307195,Normal,5000,True,0.012400203491609418,0.006839033154352679,6.975383523566414e-08
80,FKML,pyGLAM,0.16843900000094436,0.0018863962822038465,1.4636182167043068,0.12389498937646132,0.13075290591533917,Normal,5000,True,0.002846639240541106,0.0020283806206533657,5.3420111444056125e-11
80,RS,pyGLAM,0.19912029999977676,0.01780998915573172,0.18622544897227003,0.129547668612002,0.12490736058444321,Normal,5000,True,0.0030617786807055347,0.0021450547564133503,3.8058035863767214e-07
81,FKML,pyGLAM,0.1733855999991647,0.004879179836662033,1.4179275563077396,0.14261173063782986,0.16577418023587556,Normal,5000,True,0.00421596561531358,0.0031398855015647284,6.911601957426683e-09
81,RS,pyGLAM,0.20119660000273143,0.06652898151856733,0.21705443420264342,0.16364169810947687,0.1423163111350212,Normal,5000,True,0.00515297372412768,0.0036497186292602547,3.356475690812682e-07
82,FKML,pyGLAM,0.1985263999995368,-0.0005030812181633354,1.4386770717638433,0.1442335320163846,0.14075234505379286,Normal,5000,True,0.002139449716881847,0.0017163568450927745,3.5763507710839804e-09
82,RS,pyGLAM,0.19169870000041556,-0.009259518888550157,0.2049667791994794,0.1410473663568576,0.14388588095496146,Normal,5000,True,0.0022864933282034094,0.0017174975470206286,7.219624220110114e-08
83,FKML,pyGLAM,0.19176130000050762,0.007751136438670191,1.4647319311527736,0.1385743195615266,0.13516254956180657,Normal,5000,True,0.004473998907171539,0.0029210811875934124,4.3387005117896955e-10
83,RS,pyGLAM,0.19152480000047944,-0.0004785445445895805,0.2004426123453171,0.13554430419097618,0.13814305332737445,Normal,5000,True,0.00441542070026435,0.0029304151241376693,4.783101408296214e-07
84,FKML,pyGLAM,0.1688356999984535,-0.003821972145982696,1.450436187296485,0.1361702161633517,0.1282555941260398,Normal,5000,True,0.0031810454379122,0.00283650274608772,5.94642828409535e-06
84,RS,pyGLAM,0.1905789000011282,-0.022721401226979288,0.19159474687069764,0.12923932332071544,0.13492526475953534,Normal,5000,True,0.0034670535423536597,0.002953142796951245,1.5035498090712467e-07
85,FKML,pyGLAM,0.16407420000177808,-0.008158200461918168,1.4269226594201025,0.1427874873530924,0.1527758672517006,Normal,5000,True,0.00568985539359404,0.004097380573371287,8.38492090826648e-06
85,RS,pyGLAM,0.19436829999904148,0.017730159479225377,0.2105863404206787,0.15188854277907365,0.14323571929651394,Normal,5000,True,0.005894979666537542,0.0041186227220411315,5.845992608055628e-07
86,FKML,pyGLAM,0.17933460000131163,0.005216651100427392,1.469225159280206,0.11705680053908765,0.15657483432504538,Normal,5000,True,0.005720712425617891,0.004858559371736017,2.8972113597092175e-10
86,RS,pyGLAM,0.1923010999998951,0.09762659563648518,0.19669692352832832,0.14789199442827053,0.11927709214708103,Normal,5000,True,0.007507079365087321,0.005830275790237089,1.0790682049705014e-06
87,FKML,pyGLAM,0.19157189999896218,-0.006372053407212025,1.4542076883620798,0.14872561090430933,0.13448178965216295,Normal,5000,True,0.002007695302131962,0.0016526247735693883,3.2920856294086493e-10
87,RS,pyGLAM,0.1990858000026492,-0.041551038204397386,0.20534124002989212,0.13545793387609092,0.14687452965929365,Normal,5000,True,0.002839114057383796,0.002126090624678663,1.1432751242171357e-06
88,FKML,pyGLAM,0.19715680000081193,0.008249023304178702,1.4249875641314762,0.16134531617807998,0.16584981928642445,Normal,5000,True,0.0030109133380420428,0.0035245179318450152,1.5831012056821692e-09
88,RS,pyGLAM,0.20157150000159163,0.020886361303385902,0.23306032742075486,0.165910874154097,0.16118694853606325,Normal,5000,True,0.003329021285756295,0.0035804156306246133,6.355912024729228e-07
89,FKML,pyGLAM,0.19086130000141566,-0.0036765745365654836,1.4763384019364099,0.1329705294636141,0.13695783484188978,Normal,5000,True,0.00452515597763814,0.0026050146614141094,4.5729054410897826e-06
89,RS,pyGLAM,0.19693950000146287,0.005790650585002914,0.19920821006000705,0.1364142139447513,0.13344709982038772,Normal,5000,True,0.0045587510842830525,0.0025725890100483256,4.0593057049233037e-07
90,FKML,pyGLAM,0.2140278999977454,-0.00509588390966058,1.4681752818698248,0.1398221105158567,0.1482826691494831,Normal,5000,True,0.005970589681645322,0.004046150991823845,3.194754902846597e-06
90,RS,pyGLAM,0.19746359999771812,0.0158760682430572,0.21128570843002234,0.14740437576076684,0.1403891247976185,Normal,5000,True,0.006184191650778437,0.003931304283199566,1.3463868144558582e-08
91,FKML,pyGLAM,0.17075819999809028,0.02740092223525986,1.4517154643289036,0.13013174830395888,0.141277158996337,Normal,5000,True,0.010239345252800014,0.006995603852607204,4.501767258490008e-06
91,RS,pyGLAM,0.1897376000015356,0.05434145272659872,0.19665854404737956,0.1396121319272592,0.13127257663793734,Normal,5000,True,0.011002100395807068,0.007001937608598604,3.7917849768712153e-07
92,FKML,pyGLAM,0.2027202000026591,0.01355183274945497,1.4771667912219202,0.1326853280834646,0.13684702608264226,Normal,5000,True,0.007106583256329346,0.0037573189462573498,8.738161305643644e-10
92,RS,pyGLAM,0.171143800002028,0.02341913737265953,0.19902310424507122,0.13627431841709334,0.13318503642451743,Normal,5000,True,0.007212186412419053,0.00382370017975436,3.0102170536956685e-07
93,FKML,pyGLAM,0.17764270000043325,0.000879570301411664,1.4482108132306664,0.1545171605119296,0.15356684704405477,Normal,5000,True,0.00300196924988963,0.0033556364150769506,1.6233043993317758e-06
93,RS,pyGLAM,0.19250900000042748,-0.0016236133439287404,0.22308290701242023,0.15359514942547653,0.15448527241967644,Normal,5000,True,0.0030419766017954764,0.0033518591914411815,1.1531637636278532e-06
94,FKML,pyGLAM,0.19493969999894034,0.007827953963876312,1.4693252392063973,0.13955458438845358,0.13421254996784326,Normal,5000,True,0.005294593098162992,0.0032510257388256086,2.6427482424651316e-10
94,RS,pyGLAM,0.2026646999984223,-0.005014411463683808,0.20104545946985622,0.13478918010796354,0.13885672667315563,Normal,5000,True,0.005274911276340055,0.003266805138857012,6.066088057594954e-07
95,FKML,pyGLAM,0.1752057000012428,-0.01938999077168471,1.5029889642247487,0.12819977928712403,0.11036492080153011,Normal,5000,True,0.009015086018151153,0.0043642646605322865,3.7001193220476125e-09
95,RS,pyGLAM,0.19559010000011767,-0.05834520410605232,0.17841643004990848,0.11324323862518908,0.12405522163326667,Normal,5000,True,0.00971792886036038,0.004759537412965248,1.4464044847950497e-07
96,FKML,pyGLAM,0.1916696000007505,-0.0014185789378444202,1.4732822605540783,0.12817627240529303,0.1464803188985348,Normal,5000,True,0.005436845616234365,0.003553204115242949,1.0403315861662321e-05
96,RS,pyGLAM,0.1930553999991389,0.042301999548868846,0.20137558759013036,0.14355787400900166,0.1296851929168201,Normal,5000,True,0.006047754501983693,0.0037111539439324166,4.394198206830735e-07
97,FKML,pyGLAM,0.19822429999840097,0.020413692827733552,1.4754862809440603,0.12437351749178281,0.1301698278931849,Normal,5000,True,0.00846384104686354,0.005596381879985762,1.58701352948043e-06
97,RS,pyGLAM,0.2111933999985922,0.03376415367022974,0.1876956554091096,0.12916362592499744,0.12524248423978374,Normal,5000,True,0.008770729737444971,0.005586511067556554,1.798589450048571e-07
98,FKML,pyGLAM,0.20420219999869005,-0.0008815889704828271,1.4951078250904601,0.13010358983162118,0.1157894394153653,Normal,5000,True,0.00475341387218603,0.0031807757514487043,2.152685768487057e-06
98,RS,pyGLAM,0.1979128999992099,-0.03279609666956619,0.18325799849979005,0.11797208214988542,0.12709487573719072,Normal,5000,True,0.005049020492951778,0.003333436427153792,4.4767234851084137e-07
99,FKML,pyGLAM,0.19815830000152346,-0.0016090609120149111,1.4763395934990735,0.13561393734532642,0.12862717817734134,Normal,5000,True,0.002706381473325997,0.0019451708225032152,8.452394339997227e-11
99,RS,pyGLAM,0.1936329999989539,-0.017998588807591337,0.19491822159067654,0.12951068689702472,0.13452679904532644,Normal,5000,True,0.0028478287625818277,0.00200764636785534,5.85641170024187e-07
100,FKML,pyGLAM,0.06333839999933844,0.2595533116411808,1.0635540078487915,0.5481662071193927,0.020198699574177307,Gumbel,1000,True,0.01971244659593302,0.011217469620353523,9.559452601060059e-06
100,RS,pyGLAM,0.11361849999957485,-0.3155749421889011,0.07268422529360176,0.020240249211786607,0.09228277406472249,Gumbel,1000,True,0.00827284810779233,0.005680021047759766,1.3767118556273772e-07
101,FKML,pyGLAM,0.0445698999974411,0.2722057987655288,1.063756529429135,0.5913641224143833,0.041098114572016134,Gumbel,1000,True,0.02619281771197169,0.01183103701367357,4.2795505086346e-06
101,RS,pyGLAM,0.09478260000105365,-0.32836843180715347,0.09252302638370638,0.023180706529817546,0.11995952405168415,Gumbel,1000,True,0.019679118879334906,0.00850439665375493,2.3741009158584347e-12
102,FKML,pyGLAM,0.04920320000019274,0.360717900833669,1.0783675048271784,0.4720152859902915,-0.01621209130787825,Gumbel,1000,True,0.037382949266597576,0.024082497061552497,7.639133366765805e-06
102,RS,pyGLAM,0.13956140000300366,-0.15975035889136888,0.0363361772983828,0.011822794476512117,0.043793983196451364,Gumbel,1000,True,0.02588717380097405,0.02484606170467735,4.3279398065365626e-08
103,FKML,pyGLAM,0.05813710000074934,0.3541098815601615,1.190925437785519,0.36135730898724017,0.013909616178364352,Gumbel,1000,True,0.018019469857385118,0.013920424374094477,3.2510327452328625e-06
103,RS,pyGLAM,0.09098789999916335,-0.11292113202998225,0.0770586148967633,0.027970351294948764,0.08634907537617675,Gumbel,1000,True,0.013469214415237296,0.011769375696928625,5.756775323106922e-08
104,FKML,pyGLAM,0.046544699998776196,0.393724206082695,1.113353446514432,0.45285156482785993,-0.017801302790981185,Gumbel,1000,True,0.04215810726123759,0.027668769434032698,8.28268898445117e-06
104,RS,pyGLAM,0.1197318999984418,-0.10598991770751048,0.036021350055372256,0.011760391609646459,0.041986987507422205,Gumbel,1000,True,0.0371994078637391,0.028550001167000176,3.218038280294877e-09
105,FKML,pyGLAM,0.05607810000219615,0.24744804984329424,1.0349148441637557,0.5795181863192405,0.008630201679914674,Gumbel,1000,True,0.023658116359712017,0.014678200094109263,1.151910038466042e-06
105,RS,pyGLAM,0.10997010000210139,-0.33289643030213534,0.05860978967677132,0.01604740867993941,0.07538613810920161,Gumbel,1000,True,0.010610458778087195,0.008664022374504459,8.195222278573056e-11
106,FKML,pyGLAM,0.04428820000248379,0.32038804351923317,1.2486568792092845,0.39690946655219256,-0.04187100968635834,Gumbel,1000,True,0.011554861464860233,0.010639375786715673,8.70395702179394e-06
106,RS,pyGLAM,0.1385441999991599,-0.09592795542159138,0.009848352656061534,0.003199061494981072,0.009973052422866873,Gumbel,1000,True,0.028235973852770935,0.013646949748379425,2.0969535707848763e-07
107,FKML,pyGLAM,0.04723940000258153,0.29576558231488953,1.0211806365794545,0.5663289598527925,0.03495521769330231,Gumbel,1000,True,0.02490220859935177,0.01646459577431683,8.370870489216031e-06
107,RS,pyGLAM,0.09139119999963441,-0.3211745144262123,0.0835614844424161,0.023048484516125102,0.11222846466363405,Gumbel,1000,True,0.01654121982003831,0.011833167968867412,9.276298840177333e-08
108,FKML,pyGLAM,0.049600400001509115,0.19172947824786082,1.1217165154153055,0.5050068263609091,0.021290878792208093,Gumbel,1000,True,0.03929611500052796,0.027504486695904495,3.1385031507014105e-06
108,RS,pyGLAM,0.08595919999788748,-0.3497156357619969,0.07867459654470157,0.022527363579474817,0.09493245972159604,Gumbel,1000,True,0.0365184434949381,0.02563189885016932,5.454570128904379e-11
109,FKML,pyGLAM,0.04524889999811421,0.3161603945915881,1.0282087604239314,0.5317499804430152,0.05530945932450437,Gumbel,1000,True,0.025047432812692505,0.016423470160200015,1.3711974164998253e-06
109,RS,pyGLAM,0.08533049999823561,-0.3137865608624184,0.10371213823744983,0.029820213696156995,0.1415779039425302,Gumbel,1000,True,0.016047118502030444,0.011244032595595617,1.6741777386641843e-07
110,FKML,pyGLAM,0.04994829999850481,0.1743023023386804,1.1102380986912748,0.5495482747968926,-0.016460790209521733,Gumbel,1000,True,0.03959718542966856,0.019760759404769113,8.605517042070687e-06
110,RS,pyGLAM,0.1074676999996882,-0.3380878717841362,0.035686664909689116,0.009864384449088253,0.04165701879648232,Gumbel,1000,True,0.03444952634541404,0.016779673519256452,2.0368932140968354e-07
111,FKML,pyGLAM,0.049346100000548176,0.18138485066777935,1.0445812488600346,0.6657940011948916,0.011591737031135987,Gumbel,1000,True,0.030499891974900717,0.013406794199862158,9.218204449545908e-06
111,RS,pyGLAM,0.1214570999982243,-0.39850229747375127,0.06045248483390662,0.014064461970873783,0.0768814214806101,Gumbel,1000,True,0.023674485939811696,0.011053973471893191,4.7480890330575676e-09
112,FKML,pyGLAM,0.06194529999993392,0.31389803438887054,1.1826025335452954,0.4122420942871616,-0.010316212318806256,Gumbel,1000,True,0.009663221533686372,0.00861688182357859,1.5915208159356098e-05
112,RS,pyGLAM,0.10908990000098129,-0.15536028457429008,0.04787592392137484,0.015818857320811997,0.052939783162450245,Gumbel,1000,True,0.01359988844545465,0.008349629623794382,7.899902954022764e-11
113,FKML,pyGLAM,0.0595441999976174,0.3004065800920422,1.083964624316868,0.49249596391262007,-0.006824249849670542,Gumbel,1000,True,0.020200180059948947,0.013365825807024218,0.00027371669092524087
113,RS,pyGLAM,0.1576015999999072,-0.2299524586765704,0.04651122162285298,0.014412981710212928,0.056333739482397026,Gumbel,1000,True,0.011276055480224811,0.009708601921697266,4.936084874174185e-08
114,FKML,pyGLAM,0.06494460000249092,0.3202928787933223,1.1788215620808973,0.4254045209687144,0.018649203836130918,Gumbel,1000,True,0.012042241796126674,0.012362100982167707,4.063522089481353e-06
114,RS,pyGLAM,0.09679940000205534,-0.17684389483506355,0.08107605010715742,0.025939328425960605,0.09272469686980371,Gumbel,1000,True,0.016237714273915155,0.013099295941862323,1.453098352754978e-07
115,FKML,pyGLAM,0.04603529999803868,0.31919479166399506,1.3186944902027868,0.3341744025747322,-0.040297494667071644,Gumbel,1000,True,0.018596493106501355,0.015366989831922617,2.8083525727140568e-08
115,RS,pyGLAM,0.1552237000032619,-0.062362828452992125,0.013273379730255533,0.004575292007366103,0.012722638669381265,Gumbel,1000,True,0.02476930515650258,0.02045432519718121,1.8846543614614575e-07
116,FKML,pyGLAM,0.046788700001343386,0.24816635486632663,1.150102872343451,0.5140608260716875,-0.027508137882386367,Gumbel,1000,True,0.018023674057450756,0.007240583122095411,4.092072402706037e-06
116,RS,pyGLAM,0.11251590000028955,-0.23270808776951046,0.024551043493447066,0.0070266387992968925,0.027364016740380585,Gumbel,1000,True,0.01559121681941067,0.008448853923500858,5.416034811744908e-07
117,FKML,pyGLAM,0.045813900000212016,0.28034583751107406,1.1376952363935722,0.49517065443065195,-0.038021239725529024,Gumbel,1000,True,0.01525067386260491,0.009181889757081839,1.3176702289285913e-06
117,RS,pyGLAM,0.12176860000181478,-0.19327175618240924,0.012040372291320276,0.003625962535078315,0.013416214072451972,Gumbel,1000,True,0.017185695295131365,0.008087239529664067,2.680524460174638e-07
118,FKML,pyGLAM,0.05221910000182106,0.28345002175414685,1.246253783526103,0.3819782546380123,-0.07279733570497754,Gumbel,1000,True,0.00806214828180743,0.004738209356005349,1.9339136514417987e-08
118,RS,pyGLAM,0.12492060000295169,-0.10497612928575803,-0.03221940173509652,-0.010845209977573584,-0.03162193139822763,Gumbel,1000,True,0.01481607147680275,0.010344658048307202,3.0239147985611226e-07
119,FKML,pyGLAM,0.05745519999982207,0.19845803860288938,0.9799225282540653,0.719847807690374,0.014735925772652864,Gumbel,1000,True,0.03416076239911563,0.019698945137717094,8.559786595085939e-06
119,RS,pyGLAM,0.16439799999716342,-0.4221822589532466,0.058669541295293816,0.013212670558848292,0.0794974908491174,Gumbel,1000,True,0.014625107294761741,0.013920580949534403,2.4884376337297454e-07
120,FKML,pyGLAM,0.06185180000102264,0.25714719974501654,1.1673733859440008,0.4718279569390731,-0.029212253732987768,Gumbel,1000,True,0.013874762342792668,0.007938436645852335,1.3491168936674569e-05
120,RS,pyGLAM,0.15547619999779272,-0.21109252084862612,0.023643645159794297,0.007169777169745443,0.0259481605935167,Gumbel,1000,True,0.013561367026623139,0.008705964361803254,5.22339727027088e-08
121,FKML,pyGLAM,0.05955739999990328,0.19235812463109356,1.126813169187815,0.5915829470917751,-0.06487221052574225,Gumbel,1000,True,0.02681021689139857,0.015287440660064456,5.48600227245899e-07
121,RS,pyGLAM,0.10081069999796455,-0.2582256073854097,-0.022887099212510417,-0.00618097601748236,-0.024857026288373604,Gumbel,1000,True,0.01950163933828497,0.014195827092314263,4.295239071083756e-07
122,FKML,pyGLAM,0.052100100001553074,0.2793248438045062,1.006089804911292,0.5987483975981894,0.024182055060305276,Gumbel,1000,True,0.026310095939191536,0.018523907906727796,2.082100222011718e-06
122,RS,pyGLAM,0.10458229999858304,-0.33677141560142543,0.07160029257799651,0.01911005125963595,0.09629506787087255,Gumbel,1000,True,0.018652293334036063,0.013413429501953001,3.545599369658703e-09
123,FKML,pyGLAM,0.06597959999999148,0.24150088548523585,1.0054767432749991,0.6456758532223871,-0.008556741097791648,Gumbel,1000,True,0.026518090971603826,0.022508620941775737,0.00038854428493273474
123,RS,pyGLAM,0.15335849999974016,-0.3365402628271736,0.03863996260845185,0.00995921143400403,0.049985057516478505,Gumbel,1000,True,0.018993609244371434,0.016145765297382503,5.350599963094282e-10
124,FKML,pyGLAM,0.05578410000089207,0.33391302961548913,1.030783923105388,0.49066639689836217,0.04055629953336118,Gumbel,1000,True,0.030499801773246626,0.019190154444891305,2.0285613588910678e-07
124,RS,pyGLAM,0.09094829999958165,-0.2721439345559146,0.09104443614651499,0.028778739963384155,0.12206041338709166,Gumbel,1000,True,0.021128412811654562,0.013727532275193681,3.3520475284376516e-09
125,FKML,pyGLAM,0.04766369999924791,0.32698346668419687,1.1883008873815837,0.39045443980562883,-0.06654335635241848,Gumbel,1000,True,0.018358945388930903,0.01322870465403521,1.5368417649597177e-09
125,RS,pyGLAM,0.1143725000001723,-0.08739069486475497,-0.022526200618083532,-0.007829454930004602,-0.02334222491597506,Gumbel,1000,True,0.019012040482229875,0.013975734427919809,4.2050706117180425e-07
126,FKML,pyGLAM,0.05695939999714028,0.3790957836874502,1.1195026552631506,0.45638116499821374,0.011586241228131813,Gumbel,1000,True,0.034512176073358325,0.021023610213585762,5.342235986027788e-06
126,RS,pyGLAM,0.12252939999962109,-0.14588245101214042,0.06894612346921455,0.02188909172461652,0.08249612821285941,Gumbel,1000,True,0.03079752239180475,0.02059157714971617,7.771094434616543e-08
127,FKML,pyGLAM,0.06187560000034864,0.19248614114478713,1.146366982290473,0.5685012368574577,-0.031037465158197695,Gumbel,1000,True,0.025740243071494195,0.016138920272532303,4.754809197038412e-06
127,RS,pyGLAM,0.17276850000052946,2.900479539204243,0.2472525299722897,55.57692677339136,0.6607149375208575,Gumbel,1000,True,0.0433177375911461,0.02387609380752967,8.228273462009162e-07
128,FKML,pyGLAM,0.07883360000050743,0.2993838768411998,1.1471097969327566,0.42166642483696326,0.022235587831506008,Gumbel,1000,True,0.01606407581368896,0.012230658639754676,7.971467811174193e-06
128,RS,pyGLAM,0.09146210000108113,-0.21325830623835837,0.08285864306093507,0.027423574178492924,0.09772063194014989,Gumbel,1000,True,0.007166089723900981,0.009530145349924518,1.4395625846930216e-07
129,FKML,pyGLAM,0.06472580000263406,0.3409270419943182,1.1509450467362141,0.4187732173095258,-0.00854222748620276,Gumbel,1000,True,0.02078905663549746,0.011130303154058144,5.423877268562194e-05
129,RS,pyGLAM,0.1275214999986929,-0.14427689393833693,0.04857087237609952,0.0162751187428482,0.05529884163805141,Gumbel,1000,True,0.016984896816262807,0.010049639385005377,8.927319117280064e-08
130,FKML,pyGLAM,0.05996149999918998,0.26942230344511653,0.987881056685114,0.6412882085125929,0.03224789651386917,Gumbel,1000,True,0.02701287581782974,0.019349147389092748,5.45975757848538e-06
130,RS,pyGLAM,0.10279100000116159,-0.36886442028447,0.07693963892011804,0.019138040586446442,0.10605512216539674,Gumbel,1000,True,0.019680085663396185,0.014705807761560514,9.638769246813056e-12
131,FKML,pyGLAM,0.06072639999911189,0.15735162513638548,0.98241745988962,0.6299129228151057,0.01076910838049543,Gumbel,1000,True,0.05518944117170002,0.0245709792469947,3.367958431788054e-05
131,RS,pyGLAM,0.134625300001062,-0.4582474845935885,0.05674710763956414,0.014945166352055618,0.07685138462594027,Gumbel,1000,True,0.040258966001012364,0.02137583784233314,1.3368559592663587e-09
132,FKML,pyGLAM,0.05602960000032908,0.28932899147059177,1.0021974902215394,0.6152235531731494,0.03136848722454656,Gumbel,1000,True,0.028307054969131662,0.018974078279985204,3.4922582496932364e-06
132,RS,pyGLAM,0.1387782000019797,-0.3381880033793491,0.07774361509753315,0.02001898134675855,0.10570430642117676,Gumbel,1000,True,0.020081071882560586,0.016310963099129053,1.7199131008283075e-10
133,FKML,pyGLAM,0.06622150000112015,0.2397153835461737,1.1281303145646144,0.4356744128664475,-0.023308652747776153,Gumbel,1000,True,0.03467951566313385,0.012438979781738357,3.841630667800189e-06
133,RS,pyGLAM,0.17067750000205706,-0.24538706132325844,0.030370766752292402,0.010121612655282395,0.03473098785444784,Gumbel,1000,True,0.021320850664724167,0.012335708045765323,2.2513964914594453e-08
134,FKML,pyGLAM,0.05539950000093086,0.27199277458110166,0.9822589698929551,0.6102505604263008,0.07587722866103946,Gumbel,1000,True,0.022449602178776534,0.017135486739868356,1.047722957281394e-07
134,RS,pyGLAM,0.09080399999947986,-0.41875897182275623,0.11501741127376625,0.0287355248771439,0.16754168475052378,Gumbel,1000,True,0.014125183144980125,0.010694280777386465,1.2871218890708747e-07
135,FKML,pyGLAM,0.04700230000162264,0.272855461988097,1.0797449244715525,0.5337205088559528,-0.028943875737745525,Gumbel,1000,True,0.018838185992490653,0.016218559531534747,1.835317088616506e-05
135,RS,pyGLAM,0.11755909999919822,-0.23905707603952434,0.02106582537962033,0.006224990821814478,0.02494844848574419,Gumbel,1000,True,0.01208476945662118,0.011941572452413843,3.792225466980881e-08
136,FKML,pyGLAM,0.046573499999794876,0.1894920818303912,0.9813657368118305,0.7489876465615369,0.06363076495582952,Gumbel,1000,True,0.03990454167935899,0.015363053546544044,1.7665768914376656e-07
136,RS,pyGLAM,0.12442290000035428,-0.4880694782051865,0.10194129478389055,0.01978785993250687,0.14514137463216842,Gumbel,1000,True,0.019838512692545683,0.011744942020396578,3.02456093947967e-07
137,FKML,pyGLAM,0.07513809999727528,0.23123946315814192,1.0527332928522646,0.6274580351457355,-0.03428039380462451,Gumbel,1000,True,0.028539570118614653,0.019249195002017723,4.3593370696370926e-05
137,RS,pyGLAM,0.15528959999937797,3.260708796021696,0.22685016483219542,55.48031257501476,0.6281038403614244,Gumbel,1000,True,0.042841055104628746,0.02723778443929606,1.6533213040808847e-07
138,FKML,pyGLAM,0.07305179999821121,0.19028251238475036,0.9735629999915599,0.7763174882148485,0.035276938010658246,Gumbel,1000,True,0.04493126754722765,0.016761209364221354,1.095176246046492e-05
138,RS,pyGLAM,0.11126629999853321,-0.45712734788215004,0.07602234061945971,0.015022582650572555,0.10556350737884801,Gumbel,1000,True,0.02246664696929454,0.012666642276714473,1.7116853450709577e-10
139,FKML,pyGLAM,0.05175080000117305,0.2997588042963695,1.1332332052492555,0.45992332971787875,-0.024763078091139586,Gumbel,1000,True,0.014200557595226648,0.008884323337273653,4.198019536438835e-06
139,RS,pyGLAM,0.17655659999945783,-0.18550948869082057,0.028411745010626786,0.009035152595246914,0.032286287372849824,Gumbel,1000,True,0.011864555065839916,0.006945170341368291,1.0303463238159338e-07
140,FKML,pyGLAM,0.076348999999027,0.20860666240241735,1.049362020292759,0.5621922990805942,0.013855871633829968,Gumbel,1000,True,0.03681227381108909,0.014348338761153044,3.7985222922642947e-06
140,RS,pyGLAM,0.10100280000187922,-0.3685306893675155,0.06507339157439573,0.018018384308168038,0.08310077450723212,Gumbel,1000,True,0.025306257698507695,0.011081833100406871,2.4655158004094346e-07
141,FKML,pyGLAM,0.06234290000065812,0.1864147500935565,1.06321398607161,0.6371229885835942,-0.04133464468944458,Gumbel,1000,True,0.028882869021638724,0.01858435491637273,2.511817994488297e-06
141,RS,pyGLAM,0.15796510000291164,3.3728630304629794,0.22059065622116905,61.96344108201103,0.5895886034383905,Gumbel,1000,True,0.04272319145987774,0.026282666573526233,6.083534997016395e-07
142,FKML,pyGLAM,0.061845899999752874,0.3905170318462204,1.3158996750436438,0.24361300826041501,-0.05366024168452279,Gumbel,1000,True,0.0270157929807599,0.015781311097977653,3.329843760724316e-07
142,RS,pyGLAM,0.11174449999816716,0.047782531588178655,-0.005992166504800646,-0.0024534091255766625,-0.005631247605888129,Gumbel,1000,True,0.027408195277694725,0.014840701694310132,0.0013287539861002173
143,FKML,pyGLAM,0.05715810000037891,0.18198156865655246,1.1213674913628628,0.544935929611715,-0.01862708304742023,Gumbel,1000,True,0.03592169119459193,0.018946645880085808,1.858710678703801e-06
143,RS,pyGLAM,0.17019479999726173,-0.3227357156025355,0.03364732616772516,0.009300813782468558,0.03879992681466805,Gumbel,1000,True,0.03221169848478733,0.016081037898660337,4.49342827835153e-07
144,FKML,pyGLAM,0.05259939999814378,0.24022432590193465,0.9100669442236531,0.7171714229869639,0.0776475783694162,Gumbel,1000,True,0.031251349347057644,0.024258086705735007,2.1504725644660994e-07
144,RS,pyGLAM,0.08685820000027888,-0.5091242039125193,0.10595950732835205,0.022948644115103507,0.16559907310785946,Gumbel,1000,True,0.025412854387486417,0.01790822659522109,2.8633968707225677e-07
145,FKML,pyGLAM,0.04895599999872502,0.19296320253683796,1.302005223519046,0.455943249309044,-0.12662653278894184,Gumbel,1000,True,0.02604161863217158,0.019918911103293052,3.606074006920363e-06
145,RS,pyGLAM,0.14813089999734075,-0.1307522900412419,-0.11736061258307912,-0.035012127135964695,-0.10359757370229425,Gumbel,1000,True,0.03597850011604409,0.023026306581177172,1.1478817896204419e-11
146,FKML,pyGLAM,0.06864719999794033,0.24247276096081097,1.137815585157142,0.5631694285910601,-0.03690216953040557,Gumbel,1000,True,0.027206919865899258,0.00722482166619492,2.2614422926281463e-05
146,RS,pyGLAM,0.11659839999992982,3.1173659080064327,0.23692763448096452,62.088859038579315,0.6286815948838465,Gumbel,1000,True,0.04908582568625048,0.023133170559894604,9.827050929884432e-07
147,FKML,pyGLAM,0.0554374999992433,0.3369245678601756,1.2735287900164827,0.33657652543268685,-0.08513170325267523,Gumbel,1000,True,0.01576120102048012,0.007584571513116351,1.9934702777391067e-09
147,RS,pyGLAM,0.16803680000157328,-0.02607627502739963,-0.05008782349676386,-0.017788679082044487,-0.04748898449008797,Gumbel,1000,True,0.02739731887755334,0.012005282244122869,3.8274631375401214e-07
148,FKML,pyGLAM,0.05400809999991907,0.2570978694006969,1.2287129393598797,0.3920289780280766,-0.04405141164520863,Gumbel,1000,True,0.017755115280839617,0.013977592583104428,8.086887293146106e-06
148,RS,pyGLAM,0.1722040000022389,-0.16323755895796505,0.006880930946504973,0.0022924218818445308,0.007064220971897608,Gumbel,1000,True,0.02145768487279398,0.013889840587545365,0.00017044245714270545
149,FKML,pyGLAM,0.06473669999832055,0.31862136158465415,1.1969000689621911,0.43940940819286745,0.0047567469926315335,Gumbel,1000,True,0.013462209705822159,0.013967442355086469,0.013110546457888006
149,RS,pyGLAM,0.13452089999918826,-0.16839052041684846,0.06720101320791082,0.020564010069206835,0.07498154657801459,Gumbel,1000,True,0.02444003207936643,0.015210662182913986,2.1409272221717401e-07
150,FKML,pyGLAM,0.1758921000000555,0.31918865941113467,1.2332286898776155,0.3802119505734218,-0.060254668112525105,Gumbel,5000,True,0.011320493667481446,0.00550037135994606,1.8483881980557726e-08
150,RS,pyGLAM,0.25248439999995753,-0.08400900987155288,-0.014633349560122858,-0.00497638846389712,-0.014711310869251107,Gumbel,5000,True,0.02202572962423391,0.008774590531013333,2.946576440621129e-07
151,FKML,pyGLAM,0.1673945000002277,0.2640930648588371,1.1594362480421596,0.4609336591752427,-0.033120559261108774,Gumbel,5000,True,0.01512304384596816,0.0060796970705832825,6.241661255401709e-06
151,RS,pyGLAM,0.25060709999888786,-0.20225281850156743,0.018915909750652042,0.005898900577271629,0.02081642115624543,Gumbel,5000,True,0.01059421075063327,0.006023169478875565,3.630695744050172e-10
152,FKML,pyGLAM,0.1752323000000615,0.26340277267591433,1.1227403585005213,0.48246632303061104,-0.03123639016922681,Gumbel,5000,True,0.01853549308371641,0.009643266630806863,5.38758889767621e-06
152,RS,pyGLAM,0.23051269999996293,-0.22252203532479697,0.020167606181229394,0.006253508021799527,0.022954850300233042,Gumbel,5000,True,0.007251846005683404,0.006136286429919143,1.231698298909123e-08
153,FKML,pyGLAM,0.17864420000114478,0.27266206152458955,1.1999418515758409,0.42031125355575527,-0.05965578271055587,Gumbel,5000,True,0.012393589412580508,0.004870598333301745,2.8552475939136457e-09
153,RS,pyGLAM,0.30233600000065053,-0.1480315315883342,-0.01406139605436486,-0.004598153831716168,-0.014531877208549005,Gumbel,5000,True,0.010821755245926962,0.008130616521092413,4.507247561846839e-07
154,FKML,pyGLAM,0.15790360000028159,0.2975220209610528,1.2116771047975576,0.3924378436140478,-0.04332029741102271,Gumbel,5000,True,0.008923596011009699,0.005502599526743805,1.362662445103524e-06
154,RS,pyGLAM,0.3231586000001698,-0.12951884959662002,0.007759514409589415,0.00261876222639334,0.008085318108876027,Gumbel,5000,True,0.012214845699758503,0.007239196549305951,0.00025228445976743785
155,FKML,pyGLAM,0.2040846000018064,0.2697995311933054,1.1276305688646533,0.5010454316835329,-0.005975682190141446,Gumbel,5000,True,0.014450346973513519,0.007740375313255432,0.00020744599761979288
155,RS,pyGLAM,0.23524609999731183,-0.24177385488553593,0.049174567296920504,0.014417101387207759,0.05729192894876416,Gumbel,5000,True,0.012084394039859947,0.006175755853971511,8.109946048051597e-08
156,FKML,pyGLAM,0.1786781000009796,0.2793254444822899,1.123031377266924,0.5045833975641796,-0.012825061571147978,Gumbel,5000,True,0.015408371304197237,0.007653724908878682,1.0149133133019461e-05
156,RS,pyGLAM,0.26947410000138916,-0.22767005242716154,0.04113018961931577,0.01210053316331468,0.04774243429160517,Gumbel,5000,True,0.014676032137597966,0.005152153224606234,3.361633815757159e-08
157,FKML,pyGLAM,0.170425600001181,0.2744721321274128,1.1208310048811976,0.4838836246536425,-0.03996678141980627,Gumbel,5000,True,0.015027202950346735,0.012209674936847133,4.387504747960236e-06
157,RS,pyGLAM,0.2875295999983791,-0.20325373378073333,0.009744386567465058,0.0030389009090862713,0.011001504622015745,Gumbel,5000,True,0.008834309489763603,0.008154509026656672,7.148009313340253e-07
158,FKML,pyGLAM,0.18258459999924526,0.25015100291498804,1.1356719142852032,0.5023110518146046,-0.0025113312965693324,Gumbel,5000,True,0.01686630020753685,0.010920258948503283,0.0008884872880177141
158,RS,pyGLAM,0.25573219999932917,-0.2617505263280444,0.05349523371631921,0.015486597328533632,0.06213753737523452,Gumbel,5000,True,0.014484934382535508,0.010513755098926894,3.736834841561176e-08
159,FKML,pyGLAM,0.16758909999771276,0.3053771926594761,1.188804535128316,0.40232335567232913,-0.04969117168045418,Gumbel,5000,True,0.010366407334854721,0.00661839525176807,3.6675827432830488e-06
159,RS,pyGLAM,0.34396949999791104,4.20153190684145,0.1878844212082453,225.68064213648395,0.46449020697623766,Gumbel,5000,True,0.04653395808006143,0.029540423411739288,0.006753919453496238
160,FKML,pyGLAM,0.16768620000220835,0.2371056905813732,1.1756109959439263,0.4729338124461162,-0.047317695205089584,Gumbel,5000,True,0.018914200053390284,0.009451467126996247,2.8647237773071765e-06
160,RS,pyGLAM,0.31526149999990594,-0.20957948784680508,0.001041591453534209,0.0003171091858449571,0.001112003231030734,Gumbel,5000,True,0.01836622512227215,0.010002392060813341,0.00018242161351356145
161,FKML,pyGLAM,0.14900119999947492,0.29098237246148984,1.159579092063163,0.42988592377093937,-0.03231153882212589,Gumbel,5000,True,0.013441284155127242,0.006641177048349045,7.318835558045578e-06
161,RS,pyGLAM,0.26980270000058226,-0.1717525944735452,0.020419815853537752,0.006716547923759718,0.022497957982878274,Gumbel,5000,True,0.007887945489698373,0.00414471172166234,9.487429153409721e-08
162,FKML,pyGLAM,0.19083520000276621,0.23771150545858072,1.1110637949704965,0.5459788396850644,-0.01779218687772935,Gumbel,5000,True,0.019132340829379788,0.00793423327231012,9.994917828493044e-06
162,RS,pyGLAM,0.27222510000137845,-0.2726550625992844,0.03426954768766477,0.009535732975585317,0.03991967418657588,Gumbel,5000,True,0.012444841059018552,0.006941471867735974,2.2249737163804184e-08
163,FKML,pyGLAM,0.17157070000030217,0.30580356056826463,1.1676606599781023,0.42258265173317905,-0.016557042530902625,Gumbel,5000,True,0.009533206932871074,0.007596286255046704,4.712613995927484e-06
163,RS,pyGLAM,0.2506294999984675,-0.16643639879735259,0.03973403014472774,0.013067216201174372,0.04421619788677907,Gumbel,5000,True,0.011034236221977911,0.005469968761768025,7.26424200792053e-08
164,FKML,pyGLAM,0.20334789999833447,0.24244071131171516,1.2009615422916788,0.4492652094793996,-0.05141241561126013,Gumbel,5000,True,0.0168566640211113,0.010618901686068166,2.4836345584589026e-06
164,RS,pyGLAM,0.2646004999987781,3.5904451161983495,0.21143689809933092,119.64547902492201,0.5335970566035411,Gumbel,5000,True,0.04784032934735674,0.02652902373509033,3.5316346966851597e-06
165,FKML,pyGLAM,0.1864060999978392,0.25330756293210926,1.1109686735077866,0.489069612654859,-0.04047848233446004,Gumbel,5000,True,0.022840164890821718,0.013515782495508092,4.831588610088033e-06
165,RS,pyGLAM,0.2787682999987737,-0.2285564759585397,0.008958268341908418,0.0027957712092596967,0.010196088734533934,Gumbel,5000,True,0.008790130885876601,0.008692756157748798,7.759178641819631e-07
166,FKML,pyGLAM,0.1706101999989187,0.29251428806621266,1.1185327684494075,0.4747181434734656,-0.0026706210622747827,Gumbel,5000,True,0.012140063911644738,0.00890666736796638,0.0017386844370586019
166,RS,pyGLAM,0.22862259999965318,-0.22211304474662227,0.052773848480869016,0.016345756608569482,0.06219769655794506,Gumbel,5000,True,0.0088642608823577,0.00416838816053873,1.230679202990359e-08
167,FKML,pyGLAM,0.16041050000058021,0.30893600941495036,1.1934350095594917,0.39607026806660817,-0.03251908817528158,Gumbel,5000,True,0.008928610204521376,0.006537642608511186,3.948914399032333e-06
167,RS,pyGLAM,0.27683280000201194,-0.13437166318358773,0.0212428168960026,0.007212531384777471,0.022731351481178868,Gumbel,5000,True,0.011940020383380406,0.005789078972287421,1.2124415249559206e-08
168,FKML,pyGLAM,0.18236089999845717,0.28794786104585895,1.2015955759102246,0.40393995708059705,-0.04259965070367452,Gumbel,5000,True,0.011134774653954987,0.005502127841479736,9.922174148968566e-07
168,RS,pyGLAM,0.2845225999990362,-0.1452952793162966,0.00844172511970247,0.00281528672824141,0.008876750736094311,Gumbel,5000,True,0.010121682975709284,0.006785253734250377,5.43686065945792e-07
169,FKML,pyGLAM,0.1639300999995612,0.2957959776296946,1.1763058725211928,0.42833360911162066,-0.043421382309952586,Gumbel,5000,True,0.00898686387680303,0.005879191409467855,1.106368065606489e-06
169,RS,pyGLAM,0.2730531000015617,-0.14985337381845162,0.006856995824589794,0.002240543662572834,0.007357795837861758,Gumbel,5000,True,0.013536887047829793,0.00585798763134654,2.4141233993191236e-05
170,FKML,pyGLAM,0.16821640000125626,0.2643568461545859,1.140357610558144,0.48346815320823516,-0.036125586354238896,Gumbel,5000,True,0.014337243174569136,0.007528600020581893,1.088329968634838e-05
170,RS,pyGLAM,0.2807987999985926,-0.20913996004177807,0.014581922975526436,0.0044600532392945445,0.01625126599160387,Gumbel,5000,True,0.01022232414704384,0.00627874083671957,5.475966879942007e-08
171,FKML,pyGLAM,0.1674831999989692,0.28016843599032026,1.112996959223243,0.49378965329539337,-0.02662472500167679,Gumbel,5000,True,0.013433367575869437,0.010754335208206312,9.486160839067281e-06
171,RS,pyGLAM,0.2962111000015284,-0.21596287473832543,0.025160360050563612,0.007693697039172344,0.029027642146480532,Gumbel,5000,True,0.010398818338741844,0.007141516357490926,1.698998275401209e-08
172,FKML,pyGLAM,0.19391790000008768,0.29905920922445595,1.1251029856967054,0.4666864246941507,-0.006022640558502412,Gumbel,5000,True,0.012742891952403523,0.008820386291761781,0.00030182294147618194
172,RS,pyGLAM,0.26216000000204076,-0.20907054851426807,0.049633274860765846,0.01552522864734377,0.0579904421832271,Gumbel,5000,True,0.010287964605919991,0.004888989193135933,3.397925230075316e-08
173,FKML,pyGLAM,0.1727866000001086,0.2568137673422828,1.0984882034846286,0.5203745014003741,-0.013789983417042555,Gumbel,5000,True,0.018334530919459024,0.009270682947604816,2.925580888657464e-06
173,RS,pyGLAM,0.24935229999755393,-0.2619574878283401,0.038860555184682725,0.011380466581300255,0.046041510627246214,Gumbel,5000,True,0.007809906847345505,0.005585055405209269,5.381801670978348e-10
174,FKML,pyGLAM,0.18920779999825754,0.27543892319161106,1.1482298641536097,0.46187470349241266,-0.036699658795981076,Gumbel,5000,True,0.013536386871908945,0.00720145261999996,5.04138556056688e-06
174,RS,pyGLAM,0.22673679999934393,-0.19201522967784845,0.014370899400076978,0.0045280767798786216,0.015905544782369396,Gumbel,5000,True,0.009518900500950694,0.005633442585321745,1.9990722854856813e-08
175,FKML,pyGLAM,0.18558699999994133,0.21210190224955922,1.1006519069635459,0.5494324851090625,-0.03264551363279762,Gumbel,5000,True,0.027635288430122668,0.012453892411330242,2.0494549703542475e-05
175,RS,pyGLAM,0.27685660000133794,-0.2866840721259549,0.016893689163628232,0.004792322495678475,0.01953065182981327,Gumbel,5000,True,0.018712980395324597,0.009984259608959864,5.3879604777762324e-08
176,FKML,pyGLAM,0.1843512000014016,0.24565240360215387,1.077006073514836,0.537863469397267,0.012167555135375473,Gumbel,5000,True,0.02338325094022428,0.010765592229294102,4.92409806440719e-06
176,RS,pyGLAM,0.24636629999804427,-0.3128753858981109,0.06550760986385516,0.01850949807871926,0.08143499704953967,Gumbel,5000,True,0.01315648885311932,0.006160776844654245,4.2386264897995767e-10
177,FKML,pyGLAM,0.17256389999965904,0.2205210167454842,1.102979760379088,0.5473776767087264,-0.0229235901958317,Gumbel,5000,True,0.024820861022389673,0.0099002502643828,5.330842556716675e-06
177,RS,pyGLAM,0.2388068000000203,-0.2880008372230536,0.028164349060199004,0.007918048343980359,0.03285505311394324,Gumbel,5000,True,0.0172489588613568,0.0083744118067493,5.779720435583613e-08
178,FKML,pyGLAM,0.18264210000052117,0.3024104977022755,1.1264577050361355,0.48162447058606667,-0.02697088765616474,Gumbel,5000,True,0.0166026862925579,0.010733427066478137,3.0371687209651554e-06
178,RS,pyGLAM,0.2557167000013578,-0.18620541080052347,0.025278307004993006,0.007799601590866402,0.02881428219577505,Gumbel,5000,True,0.016907191546988165,0.010264939055042728,2.9390747613433632e-09
179,FKML,pyGLAM,0.18648440000106348,0.2866762690042211,1.1761061317800847,0.4428763768420062,-0.04214349278611046,Gumbel,5000,True,0.009390062234241034,0.005055681278731462,2.697870837842231e-06
179,RS,pyGLAM,0.2897052000007534,-0.16219823992580687,0.00822793608668815,0.0026218090951836115,0.00884086947855365,Gumbel,5000,True,0.014432678673688193,0.006124611368623913,8.534111359814744e-06
180,FKML,pyGLAM,0.1836490000023332,0.31702632211301535,1.1795491679982841,0.4298526652269755,-0.05074005917878424,Gumbel,5000,True,0.015630205258624796,0.009871235248212505,6.291304108785312e-07
180,RS,pyGLAM,0.28748239999913494,3.8170298269771012,0.20295525194781075,136.63160508536552,0.5227969587484013,Gumbel,5000,True,0.04808186125387638,0.028663799072882024,1.471583314760494e-06
181,FKML,pyGLAM,0.193710600000486,0.2866332022678793,1.1358474666951441,0.46213059203704077,-0.003844227661849618,Gumbel,5000,True,0.012875045637403965,0.008262716548045099,0.005734210935099071
181,RS,pyGLAM,0.270331100000476,-0.21570038506741424,0.05216878412029013,0.016327093491410812,0.060405943716662774,Gumbel,5000,True,0.008064378069438216,0.005020197547446118,2.6171699474275556e-08
182,FKML,pyGLAM,0.19762989999799174,0.25092049409715705,1.0126280856964005,0.6046296672102176,0.011104381447252723,Gumbel,5000,True,0.022593820587845287,0.01783760429414739,1.050306513583621e-05
182,RS,pyGLAM,0.2568345999970916,-0.3461558326262877,0.059303547894564726,0.015827316244230113,0.0780664443143942,Gumbel,5000,True,0.015199472409532677,0.01131115788580555,3.152679006745984e-08
183,FKML,pyGLAM,0.17117680000228574,0.2568802813543461,1.1452990825446927,0.48999854111577196,-0.026079173579321012,Gumbel,5000,True,0.014733400072088065,0.006552236140063687,5.437706938060671e-06
183,RS,pyGLAM,0.2421680000006745,-0.22544982053948398,0.026611445283533184,0.007955818874556054,0.029857479899239616,Gumbel,5000,True,0.011017024301587242,0.006308569640769959,9.111711385401122e-09
184,FKML,pyGLAM,0.18956379999872297,0.2708515718404517,1.1166843729737557,0.5044664812723705,-0.01038641077772148,Gumbel,5000,True,0.013988685265839042,0.007854706309378179,2.726560965182756e-05
184,RS,pyGLAM,0.23200960000031046,-0.24152518410883542,0.043660058834119636,0.01289464760258295,0.05110611435597735,Gumbel,5000,True,0.010842980260550805,0.004642062513165361,1.1722546489068009e-07
185,FKML,pyGLAM,0.1818292999996629,0.2622785706681938,1.124595604506139,0.49446396798102626,-0.01958190275234043,Gumbel,5000,True,0.016203264199986134,0.007408997133214121,6.3861658672337285e-06
185,RS,pyGLAM,0.26467020000200137,-0.2360667103652619,0.03360909392405448,0.010104187576497854,0.0386771994775712,Gumbel,5000,True,0.00823408376283255,0.004966002668674082,1.4034593043277255e-08
186,FKML,pyGLAM,0.19315800000185845,0.2709878284609696,1.1609342481618863,0.4237391240084763,-0.010020206234630676,Gumbel,5000,True,0.020709992536925237,0.010967209690548853,1.1107327376969067e-05
186,RS,pyGLAM,0.2767220999994606,-0.20986036719211182,0.047191751214049345,0.015537900543717183,0.05318815203995141,Gumbel,5000,True,0.012956217179618479,0.009988774109177086,7.658291778511739e-10
187,FKML,pyGLAM,0.17267770000034943,0.27872325559545635,1.266808396857795,0.37478275877658457,-0.09312437640235831,Gumbel,5000,True,0.006886917551618077,0.005393458501867318,2.5460654917708325e-08
187,RS,pyGLAM,0.2854656999988947,-0.08433919182988242,-0.06208514952324601,-0.02091253435470694,-0.058640209316974244,Gumbel,5000,True,0.01744179963135703,0.012562147203554704,5.744101008176017e-07
188,FKML,pyGLAM,0.17191819999789004,0.2981567720617008,1.1854294648507548,0.4260459393958415,-0.0348684711568877,Gumbel,5000,True,0.007906579629364405,0.005552701448826618,3.459594495325291e-07
188,RS,pyGLAM,0.2912864999998419,-0.15156715563634787,0.017740118072356603,0.005752969631823493,0.019066605329114205,Gumbel,5000,True,0.0149799258952453,0.0059213306989324066,3.3018089062863965e-07
189,FKML,pyGLAM,0.18605070000194246,0.25892236285259507,1.1324319323943617,0.4863101645881536,-0.017213274978441457,Gumbel,5000,True,0.017357824571664182,0.007544507097729627,5.470137000251896e-06
189,RS,pyGLAM,0.267005199999403,-0.23748122360903345,0.03674467680766539,0.011107978401075087,0.04211289347108657,Gumbel,5000,True,0.010627453654661223,0.005519237041822902,1.1827108181705626e-09
190,FKML,pyGLAM,0.18089119999785908,0.29310719054197565,1.0907273071768293,0.5047419455876535,-0.002025992653819529,Gumbel,5000,True,0.01668231089750727,0.011076220139641223,0.012368064927103184
190,RS,pyGLAM,0.22001669999735896,-0.24885103918199236,0.05307562239368857,0.01573362411052183,0.06459537909263313,Gumbel,5000,True,0.010263074267997427,0.007508935625025112,4.990630131374019e-10
191,FKML,pyGLAM,0.1689065999999002,0.2779695920700569,1.1889598843447253,0.43943325628891733,-0.050279848599913905,Gumbel,5000,True,0.009392319667839048,0.004413612546271914,4.1947512130491305e-10
191,RS,pyGLAM,0.2914937999994436,3.6632042766844446,0.20861847032238665,123.6538097773545,0.5351793911579366,Gumbel,5000,True,0.04521273091016023,0.026883737085959467,8.480287299050815e-07
192,FKML,pyGLAM,0.18220780000046943,0.30149782917447665,1.176915805655787,0.4415870813942599,-0.049364464926613394,Gumbel,5000,True,0.011554826778594762,0.007742346582778639,4.669093573106409e-06
192,RS,pyGLAM,0.2208991999978025,3.669649296612123,0.20873169439300754,118.18580781131793,0.5434642770281455,Gumbel,5000,True,0.04649104789035934,0.027717383493502796,2.9495821065594896e-06
193,FKML,pyGLAM,0.16538610000134213,0.28124421408584244,1.1445368465819856,0.4578364192935337,-0.014131849028351089,Gumbel,5000,True,0.013528461418131216,0.007402041541882838,7.845703053455111e-06
193,RS,pyGLAM,0.2395305999998527,-0.20908395544820327,0.0412359822662476,0.012951806008005044,0.046941337453833935,Gumbel,5000,True,0.007963108893133508,0.004910528769641292,6.054268197885904e-10
194,FKML,pyGLAM,0.17964180000126362,0.25590301448555647,1.1174758995771947,0.5062961080958078,-0.015199318951284345,Gumbel,5000,True,0.01749869720092015,0.007825379098796837,7.301168076345732e-06
194,RS,pyGLAM,0.2416529999973136,-0.25132873210834855,0.03819442640306092,0.011280998654554206,0.04443486416565011,Gumbel,5000,True,0.009707581029812062,0.005226757832589669,2.3498980539216063e-09
195,FKML,pyGLAM,0.1715174000019033,0.28267401510729506,1.1715285210757949,0.43103167227576944,-0.038988040190888966,Gumbel,5000,True,0.013012878507360465,0.005592325658446716,1.8654049744881718e-06
195,RS,pyGLAM,0.24582269999882556,-0.16934207408437757,0.012336921631343378,0.004020671089835378,0.01335618121004379,Gumbel,5000,True,0.008891803431277129,0.005181459244520634,5.961247477870302e-07
196,FKML,pyGLAM,0.17729160000089905,0.29442520415989726,1.1308530836624593,0.4593098393635681,-0.026521984693335308,Gumbel,5000,True,0.013435003040407567,0.00924092096678255,9.665782418011304e-06
196,RS,pyGLAM,0.3038220000016736,-0.1900548929546406,0.026294872125570818,0.00839735579589629,0.029886041179699965,Gumbel,5000,True,0.009682623174903093,0.006270807884024772,4.982165791034276e-10
197,FKML,pyGLAM,0.18512090000149328,0.2640279358116925,1.0977730308944753,0.5284024057727447,-0.008748654391233417,Gumbel,5000,True,0.016088491115612006,0.008958294772127598,0.0004400610820827211
197,RS,pyGLAM,0.28662400000030175,-0.26143510569709116,0.04433221485957648,0.012746297480146667,0.05285178946394415,Gumbel,5000,True,0.010771873705280516,0.005405995080926308,7.235536614302873e-10
198,FKML,pyGLAM,0.1561117999990529,0.22687170200068388,1.1241202960325185,0.5102496851357496,-0.023340657383600544,Gumbel,5000,True,0.025231808399356764,0.009842514554950596,7.215191272891275e-06
198,RS,pyGLAM,0.27451769999970566,-0.2692347550269438,0.028939883630479512,0.008497788816640647,0.03316103120729122,Gumbel,5000,True,0.01873991051367463,0.008366170750772284,3.709810796337365e-07
199,FKML,pyGLAM,0.17524019999837037,0.2723035109405038,1.110483588200249,0.49406444558238316,0.003674600532405261,Gumbel,5000,True,0.016192805421235967,0.009026860604588509,0.0006460157435421721
199,RS,pyGLAM,0.2974864999996498,-0.2554190330268694,0.05910882365824058,0.017704316681127433,0.07065957907247157,Gumbel,5000,True,0.006827200336096462,0.004653909415439084,1.4237683032547466e-08
200,FKML,pyGLAM,0.6778373999986798,0.534323453885417,1.79516207155236,1.0324477652611548,1.2247367894712602,Uniform,1000,True,0.019946832237503043,0.013019477553061718,3.212142674685997e-07
200,RS,pyGLAM,0.07657429999744636,0.4917981434747734,2.011540143107858,1.0312958729023751,1.2006648597686729,Uniform,1000,True,0.019895114442242345,0.013023973833334179,0.00028462206003468295
201,FKML,pyGLAM,0.9812994000021718,0.48386854881931063,2.26337725948551,0.9072564239038151,0.8348242969619977,Uniform,1000,True,0.015267646088029552,0.00862078297274655,0.00011628611817414455
201,RS,pyGLAM,0.07016740000108257,0.5051089944369764,1.968166858475392,0.9117499641639525,0.8285358696006617,Uniform,1000,True,0.015273820020708762,0.00862604692034893,2.2886821348493352e-07
202,FKML,pyGLAM,0.9005634999994072,0.4890617977102516,2.371024370010827,0.8534631924279792,0.789873810799413,Uniform,1000,True,0.013220785654917466,0.007862407962003229,3.1780078072439594e-07
202,RS,pyGLAM,0.07488259999809088,0.5091722405067902,1.9450971666650583,0.8596552567574907,0.7821306268866136,Uniform,1000,True,0.013225962375772782,0.007858491678939514,1.360676132828768e-07
203,FKML,pyGLAM,1.9842532000002393,0.4885579465966274,1.8129161708516388,1.147901659398339,1.0924770485840811,Uniform,1000,True,0.008459174038269845,0.005604989634261687,0.0002446026856553266
203,RS,pyGLAM,0.11794490000102087,0.5007775267951168,2.0299645461372795,1.144553905215158,1.0951460524338075,Uniform,1000,True,0.008446111447623583,0.005616152160052144,4.633137870006788e-06
204,FKML,pyGLAM,0.09418879999793717,0.5445258836640894,1.4185046709702687,1.3339988574294617,1.5734673823801457,Uniform,1000,True,0.025699809586115063,0.018483443728579456,0.00048398027264551224
204,RS,pyGLAM,0.12594280000121216,0.5034181953954978,2.050080811110142,1.2975504818322028,1.4474395521986398,Uniform,1000,True,0.02560828598588727,0.018541491654288304,0.0003407133956529816
205,FKML,pyGLAM,0.6654066999981296,0.45048559883748973,1.9143610056979645,1.1666129298313788,0.9445372163914668,Uniform,1000,True,0.03228818374255599,0.02450685461529512,8.224871789538203e-05
205,RS,pyGLAM,0.08090019999872311,0.5032696449083229,1.9986341284256157,1.1472184622961776,0.9373083366449653,Uniform,1000,True,0.03226295642377275,0.024510286987408657,0.00010014211383500507
206,FKML,pyGLAM,0.1412625000011758,0.4858994840750252,1.978051918749401,1.0555170851061355,0.9486064708365642,Uniform,1000,True,0.01617299404224548,0.005470574610209806,1.0526035892034242e-07
206,RS,pyGLAM,0.07439069999963976,0.5129063341252252,1.9764900105513816,1.0522332009797557,0.9455943929114882,Uniform,1000,True,0.01616899153093576,0.0054615752696065365,0.0001041710206332182
207,FKML,pyGLAM,2.3613398000015877,0.50296424147937,2.1836486774240083,0.8968946665391125,0.9094182184630065,Uniform,1000,True,0.005748446611566373,0.0031445789285203434,4.1429617187011105e-08
207,RS,pyGLAM,0.07027379999999539,0.49943982790841246,1.9720793041167246,0.8961893266839317,0.9100528067099293,Uniform,1000,True,0.0057509885,0.0031444793525492705,6.932057777240875e-07
208,FKML,pyGLAM,0.7231304999986605,0.4912507102821943,2.4498935242524746,0.8193410262662774,0.7822999381020689,Uniform,1000,True,0.018380178980838435,0.010789521813461767,1.6417676461473292e-08
208,RS,pyGLAM,0.07544620000044233,0.5032106557125667,1.9607984489948616,0.823563491534371,0.7771974691093182,Uniform,1000,True,0.018417684584432825,0.01080394472482126,0.00012533607824406225
209,FKML,pyGLAM,2.322784899999533,0.49230944039151003,1.3840139007448025,1.4826716053993694,1.4219197787364148,Uniform,1000,True,0.012153476452330392,0.008613157907344739,0.0016139413044020667
209,RS,pyGLAM,0.10901150000063353,0.5028844346334104,2.009555887270067,1.4820935345770925,1.4421986716535182,Uniform,1000,True,0.012117463548195734,0.008552662475232788,0.0015458624723736492
210,FKML,pyGLAM,0.7533720999999787,0.4890425307670141,2.2179397845368367,0.9328291091577476,0.8613266228824803,Uniform,1000,True,0.009937043353351882,0.006620823015065245,7.933520148739056e-08
210,RS,pyGLAM,0.08208310000190977,0.02927307837214142,1.0199966364044257,0.0056047369798685525,0.9367719847274925,Uniform,1000,True,0.00967516542072444,0.006713333294521139,1.9717310861805066e-08
211,FKML,pyGLAM,0.33160700000007637,0.479373518006785,1.9090397435263304,1.0984367560690549,1.0091220730478239,Uniform,1000,True,0.01412388409728249,0.010626441979809468,9.555238168442038e-08
211,RS,pyGLAM,0.09939350000058766,0.5004970655170857,2.008136212110267,1.093264288640516,1.0086087543358793,Uniform,1000,True,0.014101934627548052,0.010627121957035355,0.00019804853935692085
212,FKML,pyGLAM,2.43333839999832,0.49477740298906114,2.209547060972955,0.8915354687015433,0.9058469501599409,Uniform,1000,True,0.013678027807823345,0.0077940909123134705,3.518130202768411e-08
212,RS,pyGLAM,0.10061019999920973,0.9613323910507577,1.0297452544415584,0.9608963588307523,0.007806681490853944,Uniform,1000,True,0.01497696280303551,0.007878988403590435,3.3383869020066877e-08
213,FKML,pyGLAM,2.2656687000016973,0.507401031709678,1.4076844305997722,1.4259754321339886,1.4812779162020027,Uniform,1000,True,0.01302290235713588,0.005028414588713588,0.003061292888105527
213,RS,pyGLAM,0.10468099999707192,0.49794168476499223,2.0463142681918867,1.430931952496024,1.4669246111968017,Uniform,1000,True,0.013375524408017925,0.004991646811255762,0.0029837648127464256
214,FKML,pyGLAM,2.530526500002452,0.5040725475526597,1.9800358992537181,0.9936936439696346,1.0125674456908753,Uniform,1000,True,0.004041857214842991,0.002896529874819094,2.055713763681125e-07
214,RS,pyGLAM,0.10356899999896996,0.4993356977878872,1.986059206822212,0.9936295668329613,1.0124442878527522,Uniform,1000,True,0.004041779054359461,0.002896345874790322,1.5659228823745477e-06
215,FKML,pyGLAM,0.38016679999782355,0.48395679708061023,1.8756633614342852,1.1224703317027114,1.0314418313463258,Uniform,1000,True,0.009503043480755147,0.006073813749595279,3.182850456258917e-07
215,RS,pyGLAM,0.09571180000057211,0.5049445626556767,2.0164383552973963,1.1168127279464055,1.0323871801765407,Uniform,1000,True,0.009499703048914343,0.006075632140928276,2.2242467760631845e-06
216,FKML,pyGLAM,0.7763560999992478,0.5336455227017348,1.8122212332763241,1.0207053287220291,1.1837427511317113,Uniform,1000,True,0.022942233839199244,0.01563717533675171,3.1407384004629333e-07
216,RS,pyGLAM,0.11359140000058687,0.4963110828189602,1.9867056391447686,1.0197103785277437,1.1670685771656115,Uniform,1000,True,0.022897452377313554,0.0156288734487661,0.00025872984090914074
217,FKML,pyGLAM,2.4586077999992995,0.4938924922004952,1.7725586126628872,1.1395217931674828,1.1043519915343387,Uniform,1000,True,0.010518550011152983,0.007207506373642413,8.394634694342446e-07
217,RS,pyGLAM,0.08824970000205212,0.501796963713268,1.9882429734708775,1.1361873921195913,1.1049481464743496,Uniform,1000,True,0.01046980286612409,0.007171079562137401,0.000222077363197115
218,FKML,pyGLAM,0.16213710000010906,0.5379551822195842,1.3872469308729503,1.3519045205840758,1.5482612305342323,Uniform,1000,True,0.027460867783044907,0.016205663394524547,0.04203214261304211
218,RS,pyGLAM,0.13374430000112625,0.5034592146300423,2.0041415059153596,1.3860525603778886,1.5169957936694392,Uniform,1000,True,0.027581189398689587,0.016162887732367053,0.04112426035766825
219,FKML,pyGLAM,0.8127267999989272,0.5143849915612333,2.037422722698188,0.9389287501410781,1.0356019154771048,Uniform,1000,True,0.011672902217083836,0.0054526808158513185,6.794329401006083e-08
219,RS,pyGLAM,0.09159839999847463,0.4899713247682725,2.0066444123061578,0.9355328891829203,1.033395390604548,Uniform,1000,True,0.011685058436563311,0.005461571184108035,0.00018989100827168545
220,FKML,pyGLAM,1.2287695000013628,0.47773211129788695,1.8773901831959858,1.1342631399233438,1.0304195423308864,Uniform,1000,True,0.01430211780738666,0.010979751503082396,3.0274539802652565e-07
220,RS,pyGLAM,0.09786950000125216,0.5014352288164318,2.027378692957606,1.126013764203467,1.0302886379550829,Uniform,1000,True,0.014276346717468746,0.010984569987386584,0.00029547427734858236
221,FKML,pyGLAM,2.5492648999970697,0.5021255474808296,1.9242382381147132,1.0269469804368512,1.0596700372172907,Uniform,1000,True,0.00745255410275214,0.002305661042516848,3.3866894925428067e-07
221,RS,pyGLAM,0.10899999999674037,0.49430798784603414,2.007100452273481,1.0262859830916116,1.0576159404816476,Uniform,1000,True,0.007461581560139985,0.0022835955822196638,0.0003185774041175549
222,FKML,pyGLAM,1.6559281000008923,0.5028297444811238,2.1878678407749153,0.8937870256630394,0.9340853789888902,Uniform,1000,True,0.010814123727534652,0.005632081727444188,0.00016400994188472569
222,RS,pyGLAM,0.07044049999967683,0.9696744738928575,1.0247089082350587,0.9562590750131744,0.005310584344429691,Uniform,1000,True,0.012113913973736956,0.005528686891880134,3.303700107279797e-05
223,FKML,pyGLAM,1.2934481000011147,0.4882978164627159,1.901575473531611,1.083412941863885,1.0065502945093003,Uniform,1000,True,0.010411456049664314,0.00571816339035352,0.00013733248850302502
223,RS,pyGLAM,0.09892069999841624,0.5068453808036801,1.9846644734662156,1.0803466382561564,1.0067969741058276,Uniform,1000,True,0.010366393398097973,0.0057006027021748945,3.811045063290105e-05
224,FKML,pyGLAM,2.338233599999512,0.4997412593418334,2.322046206039581,0.8375763065016198,0.8252514755719593,Uniform,1000,True,0.01406292516069707,0.0047305799005677085,3.72212979754957e-07
224,RS,pyGLAM,0.07714839999971446,0.5036151652654425,1.930461353711869,0.8384900068457828,0.8236551002868379,Uniform,1000,True,0.014057749571419031,0.0047495497315586796,0.00017931522965688377
225,FKML,pyGLAM,1.7170906999999715,0.4773919247195836,1.9574856261663336,1.0902326369943647,0.9611015319880407,Uniform,1000,True,0.012683723376093192,0.00871594080889764,4.3215820221018245e-07
225,RS,pyGLAM,0.09623389999978826,0.5089009220004872,1.9998046556511637,1.0837658654207598,0.9579874288796943,Uniform,1000,True,0.012671851577351567,0.008714750584775076,0.00015811802393450312
226,FKML,pyGLAM,3.0087416999995185,0.49962356445115697,2.2149979560122923,0.8682144279898754,0.9073521011817692,Uniform,1000,True,0.015000969999999999,0.005926891708373919,1.5146354660159131e-07
226,RS,pyGLAM,0.08613699999841629,0.48836853149835474,1.965453956453938,0.8654177021420995,0.9094984355550855,Uniform,1000,True,0.015000969999999999,0.005926963624506686,5.770032244229009e-07
227,FKML,pyGLAM,1.7531275000001187,0.5141398846601322,1.9062694309969743,1.0095192979030616,1.0885823602795772,Uniform,1000,True,0.009096095908940893,0.005959348864700504,4.160173919381668e-08
227,RS,pyGLAM,0.11329380000097444,0.49525470683950956,1.9969667544882763,1.0091165058742115,1.084408036846882,Uniform,1000,True,0.009069885459384364,0.0059482001452074,0.00017916000391652383
228,FKML,pyGLAM,1.3873535000020638,0.49313034587592064,2.2621765442956594,0.8611530762158579,0.8769717917930767,Uniform,1000,True,0.015484786129343675,0.009850686170216177,1.3664414561602688e-06
228,RS,pyGLAM,0.0747150999995938,0.9520827441317536,1.033191692507176,0.9485617623295955,0.010659428175710936,Uniform,1000,True,0.016870898141972734,0.010032039986196338,2.6326846003868193e-08
229,FKML,pyGLAM,0.9907583999993221,0.525161986279631,2.0337789747854487,0.927732336858079,1.0276402693199362,Uniform,1000,True,0.017553181797021256,0.014114920825868599,1.2504395266095363e-07
229,RS,pyGLAM,0.06065809999927296,0.4993801318736912,1.9827880993473281,0.9241278746694767,1.026295710176424,Uniform,1000,True,0.01755268970971119,0.014123344980330433,0.0003667693726911846
230,FKML,pyGLAM,0.5410814999995637,0.4864572568134499,2.4574466228409086,0.8288018834187195,0.7683024768482062,Uniform,1000,True,0.02076776085384835,0.011870376430171825,3.085999829406668e-08
230,RS,pyGLAM,0.07024740000269958,0.0624106160311385,1.057861617611154,0.016280789886289043,0.8962950901079483,Uniform,1000,True,0.019570481160992137,0.012486213908159094,1.175289210396866e-08
231,FKML,pyGLAM,1.4442229999986012,0.501428450033741,1.844100940869559,1.091763698303177,1.1114955841820326,Uniform,1000,True,0.010698314943488718,0.0018714628739242558,1.762032122339566e-07
231,RS,pyGLAM,0.10997320000024047,0.4970114913889149,2.031389630410904,1.0912056960714105,1.1090738957482735,Uniform,1000,True,0.010715302018622364,0.0018454948081134451,0.0003363026781826182
232,FKML,pyGLAM,2.2517613000018173,0.5393603208149861,2.017784292116056,0.9059147059741044,1.0852705474854945,Uniform,1000,True,0.025733944050274793,0.01919415610526438,1.9654202295073086e-06
232,RS,pyGLAM,0.0892268999996304,0.49407412508399784,1.992535029607791,0.8973223724128239,1.0773186859227661,Uniform,1000,True,0.025722924605997066,0.019196845370877184,0.00014955110736683235
233,FKML,pyGLAM,0.10818060000019614,0.5201709518935816,2.4345528946653356,0.7529675694917726,0.8615478085558156,Uniform,1000,True,0.021432285593365297,0.012830561109233257,0.00016605090003994993
233,RS,pyGLAM,0.07160469999871566,0.9434733767617951,1.0408690745619975,0.8784569791235423,0.012987144680898961,Uniform,1000,True,0.020854341424278666,0.013252669849900893,7.19379685280378e-08
234,FKML,pyGLAM,2.8427338000001328,0.4862919946426602,1.841518181934774,1.1309965560348565,1.0680563677797734,Uniform,1000,True,0.00989028518904117,0.0068725514054762,0.0002042329603111355
234,RS,pyGLAM,0.10447369999747025,0.5004690655010953,2.0235143372393307,1.1260348925949388,1.068887613513748,Uniform,1000,True,0.009832243937916485,0.006882563071785991,0.00034389140302437774
235,FKML,pyGLAM,2.3427336999993713,0.5037798086056697,1.7783567945236594,1.1148605349461358,1.1532142177747002,Uniform,1000,True,0.008612485664613923,0.0039539467702486425,6.568000248760264e-07
235,RS,pyGLAM,0.09315280000009807,0.49536565164428353,2.016192125198429,1.1153078793280107,1.1489772636131599,Uniform,1000,True,0.008650486247443911,0.003911258667775277,0.0003059707963253971
236,FKML,pyGLAM,3.3040015999977186,0.4849654731694496,1.3965830703159272,1.5029050152579486,1.4134985469537622,Uniform,1000,True,0.012984099592665388,0.006851377179401793,0.0014540818644686038
236,RS,pyGLAM,0.11413700000048266,0.5002868641220557,2.035614338734809,1.4893564609457317,1.4311284543664615,Uniform,1000,True,0.012939398862956752,0.006796302744556831,0.0012642381457192986
237,FKML,pyGLAM,1.2101768000029551,0.5069563533369451,2.5413685938393598,0.7472784428610507,0.759062817185688,Uniform,1000,True,0.019366915023016046,0.010682085018075308,9.508421214143842e-05
237,RS,pyGLAM,0.08590209999965737,0.5027678381859314,1.9141265843361313,0.7453738580838676,0.7611389567095238,Uniform,1000,True,0.019383129104252078,0.010684856825225873,6.55247830425265e-08
238,FKML,pyGLAM,1.4779840000010154,0.48908107526080147,2.3105686037647013,0.8813992406118775,0.8278232243732175,Uniform,1000,True,0.014034136350189685,0.008042589791784667,2.8841562682803175e-08
238,RS,pyGLAM,0.0822435999980371,0.041661337418704036,1.036005095550432,0.010424164783991762,0.9261560442104119,Uniform,1000,True,0.013331455544954296,0.008460974058381742,2.323549112510477e-08
239,FKML,pyGLAM,0.5443712000014784,0.4464095831702754,2.0689600338789527,1.0834953345022564,0.8521199911845048,Uniform,1000,True,0.03632863851072449,0.027738923071656072,3.633335124727335e-08
239,RS,pyGLAM,0.10312109999722452,0.5071936884188298,1.9733848531604954,1.0744796139992812,0.8355146657815481,Uniform,1000,True,0.03630261370610227,0.027742781317798407,0.00014812687908478324
240,FKML,pyGLAM,0.12215180000202963,0.45170270960644726,1.3888214074471887,1.5922333511458515,1.3295878200639515,Uniform,1000,True,0.029570543741516908,0.01886574100583836,0.008436353353657777
240,RS,pyGLAM,0.11575999999695341,0.4971261460147275,2.015691736003921,1.541575584472983,1.370258237408726,Uniform,1000,True,0.029691158068121504,0.01887086039394941,0.006745380862231087
241,FKML,pyGLAM,0.5642557999999553,0.5039478091733469,1.8303569994564333,1.092775374209676,1.118820912723665,Uniform,1000,True,0.007733834480456059,0.0023607721929522563,0.0003663317219436724
241,RS,pyGLAM,0.10881940000035684,0.498115300966816,2.0242998995865524,1.0947059887922,1.118263836419999,Uniform,1000,True,0.007887386517116735,0.002349091486923158,6.252400944947328e-06
242,FKML,pyGLAM,1.4170850999980757,0.48465440348930766,2.1044363497079086,0.9733306999953231,0.9302938904653512,Uniform,1000,True,0.014459156195988032,0.011083004551488435,1.8252325217430306e-07
242,RS,pyGLAM,0.10736839999663061,0.9720703005399026,1.0268283233450655,1.001660738343354,0.005464964860958707,Uniform,1000,True,0.014473581462354557,0.011135553762692858,3.411649220659492e-07
243,FKML,pyGLAM,0.6638381999982812,0.45787625991899206,1.6823938640887557,1.3079799311298919,1.081657179213873,Uniform,1000,True,0.02679433360381983,0.017269220988083596,2.2437551919178083e-05
243,RS,pyGLAM,0.11533809999673394,0.5057451281248516,1.9924968726433057,1.2702540845768806,1.083040856338558,Uniform,1000,True,0.026780514734456473,0.017277644806668248,4.953885817676152e-06
244,FKML,pyGLAM,0.9802413000033994,0.4961855787534147,2.0034701101284287,1.0113135311915578,0.9901432282161495,Uniform,1000,True,0.0026363203051729123,0.0016795354828457174,3.222482529778806e-07
244,RS,pyGLAM,0.09205039999869769,0.5014623003620073,2.004712810888863,1.0107000034499332,0.9895541445428461,Uniform,1000,True,0.002638657178282433,0.0016888095813477049,0.00017020483721586255
245,FKML,pyGLAM,1.2355559000025096,0.5214186374964014,1.6480031223228335,1.1636234366553244,1.2697767719794346,Uniform,1000,True,0.018771341240569894,0.010874848157490118,9.721157812223906e-07
245,RS,pyGLAM,0.12118239999836078,0.4994753394968411,2.001452607251848,1.1669750878810603,1.253232501205645,Uniform,1000,True,0.018718326443702304,0.010836952775008993,0.00032420422951842843
246,FKML,pyGLAM,0.794235800000024,0.5514228261292466,1.4064837139688722,1.3033654494258224,1.5772960215227436,Uniform,1000,True,0.03195394820331077,0.020680970859306622,0.0150269438843047
246,RS,pyGLAM,0.0927784999985306,0.503324510486353,2.0092393871899703,1.3633233927958222,1.5483679391018172,Uniform,1000,True,0.03225626842291118,0.02068295843874074,0.013107535566448503
247,FKML,pyGLAM,1.8168246999994153,0.5239715631077332,1.3817416244081067,1.3889847076555506,1.5021487777572735,Uniform,1000,True,0.024163359433857945,0.013618765382584037,0.011095401621823653
247,RS,pyGLAM,0.09607619999951567,0.5040167451372768,1.99435525287971,1.4180776868576344,1.4932718273201,Uniform,1000,True,0.02428361416187208,0.013626528267329232,0.01077456083152395
248,FKML,pyGLAM,2.2676857999977074,0.5387228971662883,2.133622002615498,0.8426358479733239,1.0145624060130238,Uniform,1000,True,0.026440183399721318,0.01963522002053038,4.4682238077452566e-08
248,RS,pyGLAM,0.10055189999911818,0.4914289902767561,1.963952065347237,0.8292950370258961,1.0144672099539425,Uniform,1000,True,0.026423804529545125,0.01963837252793513,7.187690441276151e-05
249,FKML,pyGLAM,0.6928231000019878,0.5261898015386406,2.278157104956078,0.8056627582538967,0.9113217636227597,Uniform,1000,True,0.02166268506923197,0.01480940615673973,5.2926521722858825e-09
249,RS,pyGLAM,0.09964109999782522,0.49437860641234693,1.9480439552448714,0.7946142719339878,0.9177958757006172,Uniform,1000,True,0.021652922682607878,0.014815609778008838,1.6822718097516433e-05
250,FKML,pyGLAM,3.118381899999804,0.501047500871537,2.030576394131846,0.9868017450905712,0.9866862272731487,Uniform,5000,True,0.002722628710635916,0.0014477492474403266,0.00020007698781414468
250,RS,pyGLAM,0.21404809999876306,0.006096535867840811,1.006368801985769,0.0009324021035278368,0.9962070358029784,Uniform,5000,True,0.002976305969377563,0.001452843937365502,8.216101825538445e-08
251,FKML,pyGLAM,2.3951291000012134,0.5031535353068158,2.089360800067561,0.9409524928959158,0.9731828586490796,Uniform,5000,True,0.005659537495857236,0.002794966805438849,0.00022410310769578232
251,RS,pyGLAM,0.20364859999972396,0.9862458472248342,1.00926543995907,0.9749056190562878,0.0020178535258277546,Uniform,5000,True,0.00614738079273669,0.0027835342096405266,9.173218861881331e-08
252,FKML,pyGLAM,2.172478600001341,0.49684139563400753,2.0634764037452946,0.9734798661282633,0.9450763966470849,Uniform,5000,True,0.008341117728512648,0.0012906344172442352,4.040199969102285e-07
252,RS,pyGLAM,0.19822299999941606,0.5043254383231361,1.979010904750676,0.9738911580854842,0.9442848298114136,Uniform,5000,True,0.008342974092450106,0.0012903770014135619,5.478327958113603e-07
253,FKML,pyGLAM,2.938410800001293,0.4918600099846008,2.151456747391195,0.9472153629988075,0.9028650032908534,Uniform,5000,True,0.007672281450354479,0.004545057195268503,0.00019838680587678367
253,RS,pyGLAM,0.22896299999774783,0.01903011318990157,1.014491831572945,0.004184812134832845,0.9588367767244723,Uniform,5000,True,0.0074676581590719104,0.004704357796765136,9.637863436442654e-08
254,FKML,pyGLAM,2.7833982999982254,0.5012183250913768,1.8577527621643946,1.073270421995699,1.0900311350637115,Uniform,5000,True,0.004957231815687413,0.002753698180938483,1.4712982726606479e-06
254,RS,pyGLAM,0.22048569999969914,0.4973575467142908,2.0093458377625044,1.0728544092942376,1.088325439338185,Uniform,5000,True,0.004968726245240029,0.0027158745933734273,0.00025945174824149194
255,FKML,pyGLAM,1.4180782000003092,0.5052545767951359,1.9363279987710535,1.0310612158274182,1.0409296293390318,Uniform,5000,True,0.005635103173750489,0.004470734698351274,4.260785108873926e-07
255,RS,pyGLAM,0.2145470000032219,0.502879513444316,2.0059953970813287,1.0305372383165905,1.0400562764110752,Uniform,5000,True,0.00559478731121843,0.004470673380124808,0.0002084820846940646
256,FKML,pyGLAM,3.05204539999977,0.5002999542003931,2.1221604504272267,0.9400594874515822,0.9410489891346774,Uniform,5000,True,0.0043354219705699915,0.0030007195134506867,1.655471905891886e-07
256,RS,pyGLAM,0.19664839999677497,0.5000361592836019,1.9960076083984524,0.939415308218079,0.9404664120614602,Uniform,5000,True,0.004390357565362546,0.003040872991253554,0.00025551883532044437
257,FKML,pyGLAM,2.362329300001875,0.5085096066517963,2.096328697004874,0.934595353699869,0.9707716846117781,Uniform,5000,True,0.00759927222068113,0.004625698894211686,1.655325289455219e-07
257,RS,pyGLAM,0.1815085000016552,0.49899392956408667,1.9964113746580208,0.9333477030165589,0.9713172389379846,Uniform,5000,True,0.007603475660542203,0.0046275065086827044,1.9343577566443132e-05
258,FKML,pyGLAM,1.524725800001761,0.4964688483029752,2.063733428056898,0.9584720895878274,0.9529422817787339,Uniform,5000,True,0.008245633771227636,0.003516795503689694,0.00014427872460987773
258,RS,pyGLAM,0.20501880000301753,0.49793353289883635,1.9725524529198308,0.9588476707503858,0.953077038014962,Uniform,5000,True,0.008191558114393507,0.0035085461748591926,3.91844454021202e-07
259,FKML,pyGLAM,1.0979976000016904,0.4942261869570115,2.062244110396093,0.9762574353150373,0.949984803826882,Uniform,5000,True,0.004154888042348315,0.0030132493867431366,0.00010009857611979558
259,RS,pyGLAM,0.19626200000129757,0.501099237550835,1.985377472773653,0.9767287808118338,0.9494353866911929,Uniform,5000,True,0.004121945044282538,0.0030304577219783416,0.0005918598711848675
260,FKML,pyGLAM,2.4264594000014768,0.49093733738838363,2.0320566361015198,0.9998849331111224,0.9574893310558875,Uniform,5000,True,0.00584373031558072,0.004473024111162677,3.3491272360984906e-07
260,RS,pyGLAM,0.22721780000210856,0.5018362802762291,1.987818727043435,0.9994255339750472,0.956127347304234,Uniform,5000,True,0.005846073329496271,0.004468888273552538,0.00018029361924928313
261,FKML,pyGLAM,1.0976368000010552,0.4990364759943042,2.04492252775531,0.9843570332550298,0.9632679148101975,Uniform,5000,True,0.006070402218277482,0.0018682295047898997,0.00022899405530417538
261,RS,pyGLAM,0.19384250000075554,0.007232316058902932,1.001069812487676,0.0011337473950849923,0.9845684227083352,Uniform,5000,True,0.005687266100281141,0.0018715600033340914,3.830628875989282e-08
262,FKML,pyGLAM,0.277263200001471,0.5220909700447419,1.8908752841977876,1.0084219580277316,1.126883855630057,Uniform,5000,True,0.013177906716438037,0.00890691628705362,1.7669616759852664e-07
262,RS,pyGLAM,0.23040929999842774,0.49448480302503145,2.0126610987982922,1.0074850882326025,1.1182287432895202,Uniform,5000,True,0.01315080088936682,0.008908840512773387,0.00025324794713772633
263,FKML,pyGLAM,1.7720311999983096,0.48361931144901826,2.00943293254858,1.0323372538339355,0.9584887904755537,Uniform,5000,True,0.010740278345317988,0.008049927938665042,4.708403515896827e-05
263,RS,pyGLAM,0.2259620000004361,0.5021930049223423,1.997536425455376,1.0312246406556462,0.9570519450911993,Uniform,5000,True,0.010739714540350165,0.008050144766849615,3.816184017110228e-06
264,FKML,pyGLAM,2.3182392999988224,0.5132922060317952,2.120658698117353,0.9074003471170968,0.9734719191094932,Uniform,5000,True,0.010041572196987314,0.006294588278644651,7.99640917901057e-08
264,RS,pyGLAM,0.2020699999993667,0.9886436039243677,1.006125636642014,0.9558885206389285,0.00213706446212711,Uniform,5000,True,0.010014927018707154,0.006308086753611829,2.0452273081070295e-07
265,FKML,pyGLAM,0.18436410000140313,0.47517709558257915,1.8914695708355604,1.1244074328845466,1.017227530931715,Uniform,5000,True,0.016644756760924695,0.013033273607689206,0.00013410984112859818
265,RS,pyGLAM,0.2304757999991125,0.49998671841827824,2.0206289213445983,1.1169514184000255,1.016992262568499,Uniform,5000,True,0.016620103733568314,0.013037796599763578,0.00025998549277005275
266,FKML,pyGLAM,3.093750399999408,0.5019280861016804,2.122908813216188,0.9157329533729835,0.9570421464232778,Uniform,5000,True,0.010134760553487407,0.00382941153606415,0.00020995291425153855
266,RS,pyGLAM,0.20730529999855207,0.9797401870703878,1.0094138411868978,0.9641930096605722,0.0033476393007148032,Uniform,5000,True,0.009282973811468732,0.003805835987696713,1.0070033622172311e-07
267,FKML,pyGLAM,1.7553815999999642,0.5009000000238253,1.8299979339067278,1.0997511764564651,1.1092135334460542,Uniform,5000,True,0.006455472193244383,0.0022839732799067895,0.00036881554687443445
267,RS,pyGLAM,0.23550220000106492,0.49877625197745634,2.0217408683642333,1.1009818227644677,1.1095485947558819,Uniform,5000,True,0.0066011707569814115,0.002264775895146515,2.672954880673861e-05
268,FKML,pyGLAM,0.17981929999950808,0.4816997990037024,1.8862499846268093,1.1032028670047194,1.0197451452838409,Uniform,5000,True,0.013118012657599931,0.008919788388909052,0.0006460042061358526
268,RS,pyGLAM,0.23212060000150814,0.5013837496987507,1.9998207604207199,1.0989274699567473,1.020345258612875,Uniform,5000,True,0.013062495732894142,0.00889669761650829,1.4825710873400463e-05
269,FKML,pyGLAM,1.377090699999826,0.5090755328020721,2.0669580881726692,0.9394864076994365,0.9922273585123449,Uniform,5000,True,0.005770017143452932,0.0037515835434513475,2.1586772894395642e-07
269,RS,pyGLAM,0.20304460000261315,0.9939661258993406,1.000515851797103,0.9700023361557183,0.0006389115668006764,Uniform,5000,True,0.0057818402205565556,0.003751785571365117,2.7743973821054782e-08
270,FKML,pyGLAM,1.1149745999973675,0.49691679259922084,1.98255710383858,1.0161416410579232,1.0019968192631743,Uniform,5000,True,0.0021848667984994963,0.0014948232241023555,1.3693681030281386e-07
270,RS,pyGLAM,0.2058007000014186,0.5004205575444188,2.000439489333573,1.0160274031349774,1.0020097857630388,Uniform,5000,True,0.002184844055823698,0.001494819641721341,6.727594211019396e-08
271,FKML,pyGLAM,1.422391100000823,0.49453651172063784,1.9662698099567166,1.0275628796013137,1.0003352581489633,Uniform,5000,True,0.00420279848580335,0.0028898029719700174,5.334855209440634e-07
271,RS,pyGLAM,0.22908939999979339,0.5012732207558533,1.993352608212215,1.0264652599469228,0.9996290923291345,Uniform,5000,True,0.0041613713937656005,0.002871412434758118,0.00023887633892809843
272,FKML,pyGLAM,2.4765149999984715,0.49742595770303544,1.8769183339512188,1.0832360757099946,1.0542364345189168,Uniform,5000,True,0.005577968422816493,0.0028481666992745697,8.073230339169969e-07
272,RS,pyGLAM,0.23528969999824767,0.5041971048212,2.0055690895577767,1.0819454618097684,1.0548327049000175,Uniform,5000,True,0.0055861978101869325,0.0028439270603367794,3.1297290832554995e-05
273,FKML,pyGLAM,1.5236970000005385,0.5010615524393466,2.030663839351334,0.9757681043832899,0.9859865601421626,Uniform,5000,True,0.0033681113753425895,0.0005094535071365138,5.031483416198428e-07
273,RS,pyGLAM,0.20702569999775733,0.4984462249565356,1.9917787646480105,0.9756436302094756,0.9860606941512572,Uniform,5000,True,0.003368024344660151,0.0005094428605584404,3.168071766965781e-07
274,FKML,pyGLAM,2.316311599999608,0.5055250897641982,1.845517325418178,1.078878682878529,1.1112433689792793,Uniform,5000,True,0.00686545896660018,0.0026177570937777946,0.00031737812100773416
274,RS,pyGLAM,0.2148059999999532,0.49819744765252644,2.021046017984884,1.079504814357449,1.1090338511921436,Uniform,5000,True,0.00700991037865506,0.0025793999979899203,0.00031436898110778094
275,FKML,pyGLAM,2.40627669999958,0.5043745417435106,1.99656507591883,0.989527302464784,1.016157908271081,Uniform,5000,True,0.0027303139958481104,0.0016248977422266577,0.0001797654926138522
275,RS,pyGLAM,0.2086953000034555,0.4977385794245262,2.002191990358451,0.9893042930832731,1.0158796944521429,Uniform,5000,True,0.0028097133967600607,0.0016299494460479663,0.00014833031546719537
276,FKML,pyGLAM,1.6320206000018516,0.5109959073034066,1.9101709691906323,1.0247194919097649,1.0787753811288436,Uniform,5000,True,0.007585532973271691,0.004886638517371626,0.0001535218990269672
276,RS,pyGLAM,0.20562889999928302,0.4981865127293896,2.007947756900385,1.0255611009321297,1.0769664633202312,Uniform,5000,True,0.007578159431757325,0.0048858584959405055,7.56933146502038e-06
277,FKML,pyGLAM,2.3265036000011605,0.512889805104401,1.9987169210082398,0.9689235568635304,1.0393354879979064,Uniform,5000,True,0.00752059936364835,0.005266172482305564,6.35803721548746e-07
277,RS,pyGLAM,0.21539580000171554,0.49539292180176275,2.0045152909226425,0.9672021481090987,1.0372788287136179,Uniform,5000,True,0.007523506349702058,0.005269491230788199,0.0002235544353654634
278,FKML,pyGLAM,3.2272422999994888,0.500588948466991,1.8068640647960275,1.1071820783298556,1.114327573649347,Uniform,5000,True,0.005879961724727878,0.003951909537665428,0.00040751619790027404
278,RS,pyGLAM,0.21430340000006254,0.49898249783250137,2.007615140005935,1.107551795413613,1.113979938340561,Uniform,5000,True,0.005772804470553977,0.0038709639028861385,0.00023718607027036726
279,FKML,pyGLAM,3.013911399997596,0.513821564895187,1.9545493068027107,0.993483921925812,1.0577537981295353,Uniform,5000,True,0.009059653099750653,0.006550036829375147,1.2955946363578193e-06
279,RS,pyGLAM,0.21909339999911026,0.49817117839223846,2.002664696280935,0.9932185615446009,1.0558707815323691,Uniform,5000,True,0.00905891498331457,0.00655033145897258,1.0431535784585895e-06
280,FKML,pyGLAM,2.4095071999981883,0.49953892126856536,2.1001465503274246,0.9473289830152529,0.9568112905039795,Uniform,5000,True,0.005587783087507847,0.0029378947384845052,2.1624961230904057e-07
280,RS,pyGLAM,0.21235429999796906,0.9830261554145875,1.015319477454331,0.9817536611180183,0.0033102960748208625,Uniform,5000,True,0.00628285879771362,0.002852759694082655,5.683377144307453e-09
281,FKML,pyGLAM,1.0194865000012214,0.49130285164849047,2.096814488814468,0.9745275314965144,0.9167285366402369,Uniform,5000,True,0.009250981500000033,0.003329227451862747,4.839219387332831e-05
281,RS,pyGLAM,0.22061619999658433,0.010550762340957103,1.0000290746587213,0.002013940247442739,0.9610148829389343,Uniform,5000,True,0.008728728316465095,0.0033875256018819086,1.8134920975571918e-07
282,FKML,pyGLAM,1.3614751999994041,0.5055735436633494,2.027499123481415,0.9637558172640222,1.0020235313595878,Uniform,5000,True,0.005559783409085141,0.0019684481432022884,2.1952632337545703e-07
282,RS,pyGLAM,0.19476509999731206,0.4957990372833914,1.992060663256947,0.962448413302718,1.00135883354437,Uniform,5000,True,0.00554982126372139,0.0019674210365832933,0.00023485510863487493
283,FKML,pyGLAM,0.9031230000000505,0.5175654882108622,1.9294035422880251,1.0018660987188202,1.0889419739385693,Uniform,5000,True,0.010914071215452403,0.007879837951678953,5.647793552053054e-08
283,RS,pyGLAM,0.18990340000163997,0.4968656402967423,2.0135425919891263,1.0011958635582512,1.0844091048919462,Uniform,5000,True,0.010901592779009706,0.007882484610338046,0.0001719290384703688
284,FKML,pyGLAM,2.3723351000007824,0.5128836280680639,2.1016452951688525,0.9244929872825454,0.9619617821921742,Uniform,5000,True,0.011021328198780489,0.009080635542830052,0.00021056048750215064
284,RS,pyGLAM,0.19906230000196956,0.023917306261968432,1.0187868999318694,0.005942353440841045,0.9970039019955151,Uniform,5000,True,0.010661627692551745,0.00926413208254613,4.5478699934032806e-08
285,FKML,pyGLAM,2.322940000001836,0.49881487158405763,2.115585417184324,0.9479952199580816,0.9356443969102949,Uniform,5000,True,0.0040151139034145245,0.0025696089036792904,9.012085528720064e-05
285,RS,pyGLAM,0.2056546999992861,0.5021104291922418,1.9925693033322378,0.9484883238410834,0.935362594683088,Uniform,5000,True,0.004030337933581235,0.0025790654397626887,8.306078725802927e-06
286,FKML,pyGLAM,2.678462699997908,0.5096940734690198,1.8626681914140875,1.0584171869273133,1.098146455249566,Uniform,5000,True,0.008800305039610268,0.005295971723584595,2.4927233606016286e-05
286,RS,pyGLAM,0.2364532000028703,0.5005079986651192,2.0078469259012612,1.059461899831442,1.0962794521156651,Uniform,5000,True,0.008798053617872559,0.005296274255443858,5.00480129865048e-06
287,FKML,pyGLAM,2.1502037000027485,0.5028685167535982,1.8325525974750394,1.0955451909024245,1.1083114561611507,Uniform,5000,True,0.004773311326544238,0.0025535909404484944,2.849538210592372e-06
287,RS,pyGLAM,0.2098468000003777,0.49999446395651503,2.0193130212976693,1.0947239656751722,1.1062815179666392,Uniform,5000,True,0.004788269369065623,0.002511856447676005,0.00033817615854903077
288,FKML,pyGLAM,2.969836399999622,0.503303307176628,1.9810742183200734,1.0045358310453054,1.0048856967190956,Uniform,5000,True,0.005674441193462276,0.0036197211333183254,6.476600475538856e-05
288,RS,pyGLAM,0.20526289999907021,0.5032158258220722,1.9905130121246604,1.0046609572127876,1.005009269395325,Uniform,5000,True,0.005652384658057064,0.0036197191123985037,1.5144024110031919e-06
289,FKML,pyGLAM,0.41036309999981313,0.5095942195158499,1.9580339078335445,0.9944547669737208,1.055869960934688,Uniform,5000,True,0.006714010596979625,0.003397052316619469,0.00017363276499781592
289,RS,pyGLAM,0.2222916000027908,0.49465100380736715,2.005792173840184,0.9945659797338935,1.0545083319895616,Uniform,5000,True,0.0067935887316704635,0.0033956132162887924,1.6383468736713307e-06
290,FKML,pyGLAM,2.9987337999991723,0.4857865558045336,1.9951589674962997,1.0349263470675463,0.9798668433605631,Uniform,5000,True,0.010051212999836134,0.00820983936348788,0.00013965219784321797
290,RS,pyGLAM,0.22449459999916144,0.990840148884223,1.0113495186404935,1.0216088995843042,0.0014868369897655116,Uniform,5000,True,0.009919056221085687,0.0082365747566008,7.970259913015113e-06
291,FKML,pyGLAM,1.5763669999978447,0.5035741623197466,2.050198674432143,0.9647360058868673,0.9723329071703908,Uniform,5000,True,0.0048673668283437665,0.002971942352877964,0.00017566377624737346
291,RS,pyGLAM,0.1952696999978798,0.5016017795935714,1.9859459851880128,0.9649349549908567,0.9727623716552782,Uniform,5000,True,0.004801919648831476,0.0029677897440665195,7.820430495804565e-06
292,FKML,pyGLAM,1.4459823000033794,0.4824654016103079,1.8725669500727773,1.1127428063446,1.0273014289199143,Uniform,5000,True,0.01235707208450304,0.00805025282968567,1.7778566854368066e-07
292,RS,pyGLAM,0.20462620000034804,0.5024479987085773,2.0005454756182113,1.1069582568834104,1.0272377246120352,Uniform,5000,True,0.012318988258884944,0.008042133876654523,0.00024424066315475605
293,FKML,pyGLAM,2.4454807000001892,0.496913393431619,2.169645768115233,0.9205141388599939,0.9097748671032381,Uniform,5000,True,0.006614748806710979,0.0037007842636772046,5.542614996912025e-08
293,RS,pyGLAM,0.2124828999985766,0.9721668301950832,1.0274147609371365,0.9770544689455459,0.00735489403903409,Uniform,5000,True,0.0072578895834604085,0.003703822579198364,1.1113172656840387e-07
294,FKML,pyGLAM,1.3897651999977825,0.5089710100578864,2.081883826973791,0.9282000498360566,0.9889672286419267,Uniform,5000,True,0.006983554104965108,0.003674554403488627,1.7039205275276186e-08
294,RS,pyGLAM,0.19437869999819668,0.990822819226375,1.0011910427374682,0.9644585827049333,0.0009090879232300257,Uniform,5000,True,0.006678649916195434,0.0036893893627516477,1.91777572021506e-08
295,FKML,pyGLAM,2.7098035999988497,0.5138111748392846,1.9942555654500003,0.9753662656598043,1.0331909214959758,Uniform,5000,True,0.009370712501164391,0.007333930612278281,3.463756373145642e-05
295,RS,pyGLAM,0.21086120000109076,0.499421183682538,2.001193513197602,0.9744707267260295,1.0320416168293556,Uniform,5000,True,0.009369695894327013,0.007333973028387977,8.997633638993516e-05
296,FKML,pyGLAM,3.072740800002066,0.5078982754953684,2.1355196365224525,0.9084787783812469,0.9529752721469619,Uniform,5000,True,0.006699532670655151,0.003954896400820439,5.394922996031394e-08
296,RS,pyGLAM,0.18488190000061877,0.9833831060749951,1.010795543217811,0.9607571757816987,0.003728820556121962,Uniform,5000,True,0.006546153219876394,0.004083448469074288,5.7915965651669335e-05
297,FKML,pyGLAM,1.0522940999981074,0.5019323314124752,1.9226330875134081,1.0357073188709571,1.0447441838308995,Uniform,5000,True,0.003499997402148236,0.0021584888848319066,0.00012439458355327303
297,RS,pyGLAM,0.21240019999822835,0.4997593458356294,2.0001489725545354,1.0354279139072433,1.0441132125754482,Uniform,5000,True,0.003440715778006642,0.002111387199123698,0.0002132145562030243
298,FKML,pyGLAM,2.349976000001334,0.4939035081074287,2.0874202418781493,0.9599632222622535,0.9474144793549986,Uniform,5000,True,0.006842757199107541,0.005022305209439264,0.00015699045255144486
298,RS,pyGLAM,0.21690789999775006,0.9821728905670054,1.0143316193046346,0.990747633424239,0.004022233140110306,Uniform,5000,True,0.007022497384384874,0.0051138555701534935,1.2379527441641274e-07
299,FKML,pyGLAM,0.19844709999961196,0.47379340769181044,1.9884922863283994,1.0898622135812817,0.9420766148624145,Uniform,5000,True,0.014934859774390463,0.010411660694314479,1.2126484468931912e-06
299,RS,pyGLAM,0.2169078000006266,0.5100259880518268,2.0096054214966,1.0823089779514448,0.9370031735224746,Uniform,5000,True,0.014938175231874573,0.01042252247235151,0.0002857497420633535
300,FKML,pyGLAM,0.0788371000016923,-0.021830866903751984,1.468449650112502,-0.06270812029388571,-0.07917030851301417,Student-t,1000,True,0.018307112176862678,0.014427973790949178,1.1208784362004565e-05
300,RS,pyGLAM,0.08530679999967106,-0.04769971896608275,-0.10501587832525905,-0.06969212712397772,-0.07321049298637099,Student-t,1000,True,0.018603414305679578,0.014592419020097377,7.34840959637495e-07
301,FKML,pyGLAM,0.05784049999783747,0.02943066988966975,1.6686061456102188,-0.14075991355897233,-0.06907752758587733,Student-t,1000,True,0.009415961557047325,0.01060479274365879,3.769328122515958e-06
301,RS,pyGLAM,0.09673800000018673,0.11973279393289023,-0.19565343494931256,-0.12604768921337253,-0.10398384964629552,Student-t,1000,True,0.015726845816634027,0.0139826311906607,5.657527406555118e-07
302,FKML,pyGLAM,0.1541986000011093,-0.09109918864418588,1.5608372691113925,0.004233366624231167,-0.13072256612248204,Student-t,1000,True,0.026118677640880106,0.018962504162653233,0.00022009613978646314
302,RS,pyGLAM,0.10041040000214707,-0.2504630354644333,-0.1521167090371413,-0.07648579098687183,-0.10883684375367375,Student-t,1000,True,0.03548473282813813,0.023274154134929514,1.1440715041999283e-10
303,FKML,pyGLAM,0.09005979999710689,-0.0356210170811711,1.6369580751757027,-0.07019259404634401,-0.16277716376579196,Student-t,1000,True,0.008732676440251552,0.012193862437818576,1.3783853303195315e-05
303,RS,pyGLAM,0.08704589999979362,-0.14664882973333593,-0.2256291959949301,-0.11777831972331422,-0.1488972168755347,Student-t,1000,True,0.016474618866224255,0.01638012067056164,2.6701726163480544e-07
304,FKML,pyGLAM,0.05838249999942491,-0.04819674436513915,1.6397745377010549,-0.11079298322318512,-0.09012610439228075,Student-t,1000,True,0.0206232242325608,0.01622732797450701,6.903373517275213e-07
304,RS,pyGLAM,0.09273050000047078,-0.019453220843133494,-0.16642967733148073,-0.10430781207514361,-0.09835063646158088,Student-t,1000,True,0.019243573334753128,0.016201022558583727,5.287058841396686e-06
305,FKML,pyGLAM,0.04673689999981434,-0.05770669128192509,1.7112474487493838,-0.1573779696955322,-0.06020299346326729,Student-t,1000,True,0.0358690142918765,0.030059582012027162,4.092299832336721e-10
305,RS,pyGLAM,0.095197200000257,0.05308835205702337,-0.22461477083328188,-0.14240611319163743,-0.11115847135791793,Student-t,1000,True,0.03911192702302668,0.03012683971234505,4.072170156632637e-09
306,FKML,pyGLAM,0.13423909999983152,1.2001846783592498,1.0383236812156789,-0.22202600399475353,48.787119855997375,Student-t,1000,True,0.1899508779619417,0.12247887059856863,39.003791353220194
306,RS,pyGLAM,0.24433810000118683,7.7833939658593225,-0.1537469807527748,-0.20082733013155366,24.91166739375544,Student-t,1000,True,0.13499637729821024,0.08296854589102702,111.57396529630809
307,FKML,pyGLAM,0.0588954000013473,0.0006059819865018058,1.7031863186953675,-0.1415740267668807,-0.11934665480120389,Student-t,1000,True,0.007533825972972585,0.005693852110504012,3.8085769933360325e-06
307,RS,pyGLAM,0.08666619999712566,0.030373149209343902,-0.22462857606445638,-0.13556710353074253,-0.12760020876477282,Student-t,1000,True,0.0074937085581822105,0.00637196299501638,1.532945859139545e-07
308,FKML,pyGLAM,0.04551300000093761,0.0071518634810313515,1.5558831483581321,-0.1453768272533338,-0.05330785036180222,Student-t,1000,True,0.017039524792209798,0.01533644052466865,8.48857622237631e-06
308,RS,pyGLAM,0.0830893999991531,0.1255813625574962,-0.1847200135317273,-0.12907500121570525,-0.10138032409554325,Student-t,1000,True,0.016995936444835713,0.016850033446011006,2.338309565530494e-06
309,FKML,pyGLAM,0.061731900001177564,0.01172395040810287,1.643199167014165,-0.13424999069519014,-0.10385622723900262,Student-t,1000,True,0.004043087976029883,0.004269550599096516,1.3971820438385407e-05
309,RS,pyGLAM,0.0993304999974498,0.05348278116551675,-0.19969173184662586,-0.12610605267041536,-0.1159860520046121,Student-t,1000,True,0.00608319287760567,0.0059107963697000295,1.343714473023283e-09
310,FKML,pyGLAM,0.05854689999978291,0.004937008716324009,1.5410111955407428,-0.10641942846812392,-0.07877853506958032,Student-t,1000,True,0.010818086968218316,0.009487765502437146,6.295402908307324e-06
310,RS,pyGLAM,0.09033400000043912,0.04567848527457153,-0.14543617444447443,-0.09784528185762839,-0.09038237536089405,Student-t,1000,True,0.011121652942975346,0.009601448494494505,1.4103014756017274e-07
311,FKML,pyGLAM,0.05465660000118078,-0.26519294153757605,1.2631889707810449,0.33487742640269275,-0.18570863682416328,Student-t,1000,True,0.06774495363905042,0.06456138584221666,3.179268414754688e-06
311,RS,pyGLAM,0.17452400000183843,-0.5284290286305139,-0.20538732730971893,-0.07573283492956424,-0.1761917970990349,Student-t,1000,True,0.0590902505434272,0.056671944355103546,2.8618009046965653e-06
312,FKML,pyGLAM,0.06402140000136569,-0.04973141784875936,1.6473139830652828,-0.09771475465863383,-0.1246738771070126,Student-t,1000,True,0.017816866799164277,0.009993014166756627,4.874611130745166e-06
312,RS,pyGLAM,0.09208199999920907,-0.08682068076236116,-0.18623976115368085,-0.10848365575862051,-0.11695961776733856,Student-t,1000,True,0.020450563705671332,0.010575976063545944,4.01194721888487e-09
313,FKML,pyGLAM,0.06940050000048359,0.0833337741175979,1.5927432449773071,-0.08724166793880125,-0.0863881462654059,Student-t,1000,True,0.03118561205037018,0.0217403329572121,7.4041980235861615e-06
313,RS,pyGLAM,0.08279570000013337,0.0845679370994547,-0.13827614544073968,-0.08692434920434922,-0.08670793949152926,Student-t,1000,True,0.031266392191354186,0.021742044023324674,4.4293457790445245e-12
314,FKML,pyGLAM,0.0528070000000298,-0.024628561399121483,1.7957925955033078,-0.14829862510474542,-0.1887381477670739,Student-t,1000,True,0.013980859775430843,0.009028265837653423,4.185761090624851e-06
314,RS,pyGLAM,0.08668799999941257,-0.0749380499685264,-0.31400944239086137,-0.16415569073581418,-0.18195502946611658,Student-t,1000,True,0.0178833823569714,0.011320754856159637,2.7244281248783864e-06
315,FKML,pyGLAM,0.0975283000007039,-0.11887978953267334,1.5129462972137895,-0.023398204117332382,-0.14603783839440942,Student-t,1000,True,0.038695034598106026,0.02512028965002919,7.914228255856415e-06
315,RS,pyGLAM,0.07900289999815868,-0.26926667687045647,-0.1752057752659601,-0.09336442207851564,-0.12767144554641058,Student-t,1000,True,0.045997415217984006,0.027147204035766884,1.7086436354674106e-06
316,FKML,pyGLAM,0.10553240000081132,0.04666117598552639,1.587874687988389,-0.16389671523381427,-0.04916050717871061,Student-t,1000,True,0.012770460421629229,0.016001772208013593,1.2787056498098082e-06
316,RS,pyGLAM,0.09788770000159275,0.17993466079979306,-0.21720190086695473,-0.14901398654524922,-0.1122306175450834,Student-t,1000,True,0.01940710095878112,0.019643016791164675,7.185831005784848e-07
317,FKML,pyGLAM,0.06531840000025113,-0.039601162142646654,1.7839578713553983,-0.14094552294345075,-0.18774198770675668,Student-t,1000,True,0.017927127682737742,0.009868229844262187,4.013820877446506e-06
317,RS,pyGLAM,0.08151019999786513,-0.09716925012497037,-0.30762040745086966,-0.1601041211536999,-0.18025896484250545,Student-t,1000,True,0.022715951386146904,0.012701969644861673,3.0539373899079653e-07
318,FKML,pyGLAM,0.05340489999798592,-0.04653932708160693,1.5199420402603432,-0.024560981274258462,-0.10023241283323617,Student-t,1000,True,0.014474513505422226,0.012154440611985983,1.3251507922085182e-05
318,RS,pyGLAM,0.08811559999958263,-0.15370355218552473,-0.11218993161125813,-0.06464083757968538,-0.08045534046194977,Student-t,1000,True,0.019503901582103633,0.014526378608885834,5.046720374934921e-08
319,FKML,pyGLAM,0.06443369999760762,0.03802836529508824,1.6665237019389958,-0.12689769378136123,-0.09244460135715496,Student-t,1000,True,0.014398560197086296,0.008982253077650616,1.7158882883450133e-06
319,RS,pyGLAM,0.08166569999957574,0.08449329301584528,-0.18777855728240783,-0.11750969455077376,-0.10677010501087467,Student-t,1000,True,0.0174572221412006,0.010124871807424577,1.2343403454906365e-07
320,FKML,pyGLAM,0.06331490000229678,0.29377574660878353,1.3550556012627335,-0.2122653709946629,0.29344076190237056,Student-t,1000,True,0.07765810816402274,0.06402500086524503,2.0418864679072612e-06
320,RS,pyGLAM,0.2125899999991816,0.5075379296764021,-0.2662523415779362,-0.20752987029135977,-0.09701597124773162,Student-t,1000,True,0.07079657577955561,0.056243149519725796,8.112802873938563e-08
321,FKML,pyGLAM,0.056070400001772214,0.03384435980938867,1.5216218650614697,-0.04815629839030441,-0.08449785220363337,Student-t,1000,True,0.018645784164370127,0.015785355141307307,8.27142740611464e-06
321,RS,pyGLAM,0.07852310000089346,-0.020581010624411953,-0.1050930043223362,-0.0650482919375601,-0.07250595496536201,Student-t,1000,True,0.0172488399599402,0.01579612933382585,6.218603951779755e-07
322,FKML,pyGLAM,0.11387690000265138,0.014618162330039052,1.73435905808069,-0.20639885543207645,-0.1471244086524471,Student-t,1000,True,0.011022978686477766,0.010283103047257778,4.405753834646475e-06
322,RS,pyGLAM,0.09924099999989267,0.08594145474954673,-0.3314290059516563,-0.20006615611510087,-0.17336896622570241,Student-t,1000,True,0.01166939051289654,0.01250055077982742,1.3992734189116618e-06
323,FKML,pyGLAM,0.06159699999989243,0.06657439821139707,1.5003673710983576,-0.1404629258285589,-0.08503679164597812,Student-t,1000,True,0.02959063337842549,0.02425654572407582,1.2620278893038517e-05
323,RS,pyGLAM,0.08232789999965462,0.1467534379479982,-0.18087051911797317,-0.12799522848264458,-0.11014979035804899,Student-t,1000,True,0.03194568924839958,0.02488288606851231,1.2793123538301643e-07
324,FKML,pyGLAM,0.10722279999754392,-0.13830056942048488,1.7449090354258996,-0.12208456723023989,-0.18702207298298876,Student-t,1000,True,0.05056421929009991,0.026178696402905613,2.9703229227351358e-06
324,RS,pyGLAM,0.09192069999699015,-0.21568922136934177,-0.2940587586248099,-0.15150973740632584,-0.17807340662450624,Student-t,1000,True,0.057634664723277385,0.027420604300877702,1.6319856364077623e-06
325,FKML,pyGLAM,0.06183410000085132,-0.031876226053516345,1.5799071756822365,-0.08278494584044745,-0.078537156504282,Student-t,1000,True,0.012257857257646998,0.011259093164605426,1.6583037796280564e-06
325,RS,pyGLAM,0.08183319999807281,-0.025674051760390854,-0.12750090096064756,-0.08120194586036174,-0.08019086748342248,Student-t,1000,True,0.011867963286471772,0.011235551079518282,1.5546359589890812e-05
326,FKML,pyGLAM,0.04562580000128946,0.07493711148101931,1.6269029267948008,-0.13896051130890907,-0.05114674220962475,Student-t,1000,True,0.023405546509614517,0.014811046272089635,2.5615610326212845e-06
326,RS,pyGLAM,0.07925920000343467,0.18468756546468532,-0.18289322794471397,-0.12219624496202149,-0.09669935253658477,Student-t,1000,True,0.031171125233828423,0.01826815500185064,2.3073195762890464e-06
327,FKML,pyGLAM,0.06075399999826914,0.04435149776146571,1.796643585544504,-0.17805384176969546,-0.10033154004392257,Student-t,1000,True,0.02140177915241026,0.01631414342016107,9.968292408402135e-06
327,RS,pyGLAM,0.0965649999998277,0.13153789622419684,-0.28165839914513036,-0.1672039268365308,-0.13773797523450731,Student-t,1000,True,0.028138603062953793,0.020040294002477463,7.153358900779949e-07
328,FKML,pyGLAM,0.07292679999954998,0.0706137150236594,1.58856925981452,-0.09710120987647486,-0.1116419554572132,Student-t,1000,True,0.027629044013782078,0.019799037747972606,1.2305716685645507e-06
328,RS,pyGLAM,0.08488189999843598,0.049667764816647426,-0.16663399917345872,-0.10264793483324014,-0.10696880458442573,Student-t,1000,True,0.026223740214549207,0.019817161444731387,4.710987155931434e-11
329,FKML,pyGLAM,0.06199909999850206,-0.06386496364782934,1.6332597397895985,-0.06530246258988039,-0.133586563937653,Student-t,1000,True,0.02049916432224963,0.012541594682026848,7.3894221461756615e-06
329,RS,pyGLAM,0.09017490000042017,-0.15274005244904754,-0.18026814049314763,-0.09844342004613782,-0.11857042688711449,Student-t,1000,True,0.026842099991543078,0.015294355740922335,7.811725524220492e-07
330,FKML,pyGLAM,0.05829300000186777,-0.033117285085297314,1.5776420927456478,-0.07920468590855498,-0.12393435711154611,Student-t,1000,True,0.010913196506340928,0.009313432400689676,1.3108711653941896e-06
330,RS,pyGLAM,0.10587690000102157,-0.09604541683089624,-0.1678534298246182,-0.0990048362675785,-0.112173432321688,Student-t,1000,True,0.014445013616038394,0.010591757136837127,1.8316807643969923e-06
331,FKML,pyGLAM,0.05915140000070096,0.02670160862912266,1.6094195236652507,-0.12566639198603438,-0.14019963754436024,Student-t,1000,True,0.01474260396437399,0.012769596498895948,1.3277907381592513e-05
331,RS,pyGLAM,0.10736569999789936,0.0059612383192614166,-0.21494572291809314,-0.13077702066363187,-0.1360637326158111,Student-t,1000,True,0.014659940039340569,0.012296415737334183,1.93070844645149e-07
332,FKML,pyGLAM,0.06444289999853936,-0.03077873626775354,1.5631881759161783,-0.13436791827228098,-0.0781085790052614,Student-t,1000,True,0.020804318287100082,0.017651925930344627,2.5892407524708005e-06
332,RS,pyGLAM,0.08322499999849242,0.047397186121373426,-0.17819450267239084,-0.12125864592968204,-0.1039621681587152,Student-t,1000,True,0.01971804317396908,0.017705275483536988,3.4421124350814125e-07
333,FKML,pyGLAM,0.06020630000057281,0.034826104354637406,1.610558715133187,-0.10559596447385071,-0.08834575003279785,Student-t,1000,True,0.012120513806210265,0.008502389845268606,1.3649767872436769e-05
333,RS,pyGLAM,0.10354100000040489,0.05931997448854566,-0.15731981205927598,-0.09998141848223718,-0.09516042880251417,Student-t,1000,True,0.013795804630979569,0.008685475335379614,1.3344490641387097e-06
334,FKML,pyGLAM,0.05852999999842723,-0.05226633284521539,1.5616674830226616,-0.03955061854365308,-0.0894302787628236,Student-t,1000,True,0.016652033179245906,0.01274443268565623,1.1468073456200045e-05
334,RS,pyGLAM,0.10380319999967469,-0.12396106575550891,-0.10866151578805448,-0.06394662039674737,-0.07413757508799071,Student-t,1000,True,0.02090379918689017,0.01367082655917629,6.687987186282385e-07
335,FKML,pyGLAM,0.07087850000243634,-0.04628169121559693,1.6440147291096343,-0.09881302507478706,-0.1260136181088001,Student-t,1000,True,0.0163144762534585,0.009132106282704631,4.788595957094799e-06
335,RS,pyGLAM,0.09415969999827212,-0.08376749654989382,-0.18794702116876594,-0.10965949432861775,-0.11828959935673725,Student-t,1000,True,0.019012346555930204,0.009849314051488565,9.544860013477319e-09
336,FKML,pyGLAM,0.06879549999939627,-0.02317517626056134,1.4949729836341232,-0.07647833833221614,-0.1174842378655364,Student-t,1000,True,0.017221127147787757,0.017340851458093803,8.288011548174268e-07
336,RS,pyGLAM,0.1011584000007133,-0.08446753452274343,-0.1509233656685493,-0.09452628231484284,-0.1061244690834473,Student-t,1000,True,0.01783091260146291,0.017483725015109922,3.263942615738813e-06
337,FKML,pyGLAM,0.057463799999823095,-0.010818488724391197,1.6013343110298868,-0.12995163422450393,-0.0985053827672306,Student-t,1000,True,0.01063225421808825,0.008627628290266616,9.273443068558151e-06
337,RS,pyGLAM,0.08162520000041695,0.033463155956474186,-0.1870373291802422,-0.12138459227547249,-0.11126062094855486,Student-t,1000,True,0.010929068737287051,0.008526480139215625,1.0523049098765114e-10
338,FKML,pyGLAM,0.04915690000052564,0.008046420556834386,1.7563427957944984,-0.1725539432845372,-0.10461593055605967,Student-t,1000,True,0.015161333909753605,0.012800022703373588,2.6434499034166947e-10
338,RS,pyGLAM,0.09879259999797796,0.08852863945870028,-0.26720679621069976,-0.1617303415153973,-0.1360521429305015,Student-t,1000,True,0.0183121076925149,0.015667627706329894,8.162359677044151e-12
339,FKML,pyGLAM,0.07090239999888581,0.0607727474520481,1.661713640454276,-0.11140172575572922,-0.12891154042107048,Student-t,1000,True,0.024884814979975356,0.017821613135196323,1.1152057055596742e-10
339,RS,pyGLAM,0.11591000000044005,0.03668939218907934,-0.2010460927684294,-0.11789701122081118,-0.12375490192183874,Student-t,1000,True,0.023413133694948962,0.017837814881157023,4.785238871818365e-11
340,FKML,pyGLAM,0.058772899999894435,-0.07733068071163562,1.6501429240107883,-0.06567259544719295,-0.1378076392471796,Student-t,1000,True,0.025866295742915768,0.014907478022254712,3.3263554586326904e-06
340,RS,pyGLAM,0.09503069999846048,-0.16931035914109685,-0.18816680869103258,-0.10101368163665352,-0.12271653039880384,Student-t,1000,True,0.03253583856012621,0.017600736784313925,2.0531309985472035e-10
341,FKML,pyGLAM,0.05873090000022785,-0.06268031455246514,1.5338324717156386,-0.07983175658761271,-0.11253672869528937,Student-t,1000,True,0.02473360290737725,0.015643518810857834,6.113583806310885e-06
341,RS,pyGLAM,0.10258339999927557,-0.1108233928644189,-0.1514074505917531,-0.09374975352543338,-0.10289003471803827,Student-t,1000,True,0.02691832106251002,0.016400817493831262,1.7520480728450138e-06
342,FKML,pyGLAM,0.058743999998114305,-0.012984108364610294,1.4448575945384465,-0.10495702243695886,-0.08244258838565219,Student-t,1000,True,0.027700095134316288,0.023746957817380104,1.5322001402751084e-05
342,RS,pyGLAM,0.10704830000031507,0.02254960227458947,-0.13709901832341292,-0.09777256258658383,-0.09164817575038245,Student-t,1000,True,0.027519668684621273,0.023465782754909344,1.5101227770486503e-06
343,FKML,pyGLAM,0.05634680000002845,-0.022235492965448307,1.531898279527523,-0.07715225378065498,-0.1245401065783459,Student-t,1000,True,0.013323358047057976,0.013487059833145552,1.3576906443546477e-07
343,RS,pyGLAM,0.08031249999839929,-0.09062608826263739,-0.16273878545220516,-0.09838894123965311,-0.11228413111569305,Student-t,1000,True,0.013932195048507845,0.013870286554657175,6.999900392656855e-08
344,FKML,pyGLAM,0.09839529999953811,-0.15853590067070883,1.6386935556918416,-0.001886848418640934,-0.20444337493221362,Student-t,1000,True,0.04798751485752362,0.03243206732642352,0.001827638576845203
344,RS,pyGLAM,0.2350083999990602,-0.3147415112868866,-0.30076618840308644,-0.13123243335687557,-0.19669523442348066,Student-t,1000,True,0.05847614286752867,0.03587808314280804,3.687447492239926e-06
345,FKML,pyGLAM,0.06202169999960461,-0.06385685288439975,1.5508701549688506,-0.10429200756524791,-0.13548957591062732,Student-t,1000,True,0.026181956217763425,0.019436762785636455,1.148343660872797e-05
345,RS,pyGLAM,0.09102200000052107,-0.10922825599769649,-0.1899948540785358,-0.11677116763111953,-0.12722103449787292,Student-t,1000,True,0.028182166300333933,0.0201268530598669,7.75087372062444e-08
346,FKML,pyGLAM,0.05828780000229017,0.03163585922292147,1.7652181918977152,-0.1585941582790804,-0.17794616951989156,Student-t,1000,True,0.018108896474600122,0.01156447991746101,1.5943561066933398e-06
346,RS,pyGLAM,0.09561010000106762,0.006086269351427736,-0.2996414399434154,-0.16505496464561553,-0.17361421698978782,Student-t,1000,True,0.017052570187332527,0.011363129965100938,1.878852629033645e-11
347,FKML,pyGLAM,0.14383599999928265,-0.09228547324553449,1.6284869883306077,-0.09316166098888594,-0.15620749337913487,Student-t,1000,True,0.0308681030993318,0.01820827927906592,1.2177119911527257e-05
347,RS,pyGLAM,0.07899610000094981,-0.17450768078378268,-0.220534968239471,-0.12213187377551132,-0.1441390303823718,Student-t,1000,True,0.03705521901364783,0.019673113378023594,1.4704681916555273e-11
348,FKML,pyGLAM,0.06467249999695923,0.01583674648732655,1.63673475459652,-0.16339082348495568,-0.1230479744745085,Student-t,1000,True,0.010549262369875648,0.01062082917322387,1.4174826004616816e-06
348,RS,pyGLAM,0.0755490000010468,0.07073268297094043,-0.2427376749510026,-0.15490282818192008,-0.1392781479568147,Student-t,1000,True,0.011336330892359706,0.011065295901321848,5.4498627832799684e-12
349,FKML,pyGLAM,0.06298969999988913,-0.03590574898162241,1.486022079140398,-0.05026341525298819,-0.10266985149187273,Student-t,1000,True,0.017573582948483324,0.014830000599568528,2.3871813059628266e-06
349,RS,pyGLAM,0.0890423999990162,-0.1141609527555896,-0.12236636587834772,-0.07542833745970344,-0.08777552431986642,Student-t,1000,True,0.019459298951738258,0.015531631678954674,5.214910547834961e-08
350,FKML,pyGLAM,0.17699390000052517,-0.0061576872066850955,1.6035858555616915,-0.0977282418121337,-0.08312462594617777,Student-t,5000,True,0.0035940972753906175,0.006268488652662694,9.415686693436953e-06
350,RS,pyGLAM,0.19606750000093598,0.014725143391664811,-0.14579693548006123,-0.09277053565004116,-0.08892737485296387,Student-t,5000,True,0.0033012715135344317,0.006188687783352112,8.488587610600007e-11
351,FKML,pyGLAM,0.15381370000250172,-0.059591775100302356,1.7494297781320194,-0.16203372260198687,-0.19399146332411152,Student-t,5000,True,0.02226171525139553,0.01604003885205037,4.4267094558847475e-06
351,RS,pyGLAM,0.2301012999996601,-0.10141975213720217,-0.3191568808036102,-0.1737411094786588,-0.18848046814790437,Student-t,5000,True,0.026210766444438982,0.016852754929818862,7.306397463935355e-06
352,FKML,pyGLAM,0.18587509999997565,0.01856285386661902,1.63436431595849,-0.1376042433139475,-0.13396780456133764,Student-t,5000,True,0.008576385149491217,0.009036475139576877,6.2045117878994915e-06
352,RS,pyGLAM,0.2159704999976384,0.023701648947560622,-0.2219887307162428,-0.13648988082492444,-0.1351440630430591,Student-t,5000,True,0.008525992862059795,0.009140824787736394,3.007727400472504e-11
353,FKML,pyGLAM,0.17003790000308072,0.007491394873631634,1.5757610487104237,-0.10579972541423543,-0.0946316830988752,Student-t,5000,True,0.005950041328338873,0.006428727123188474,9.295989779722902e-06
353,RS,pyGLAM,0.20915690000038012,0.023739895359347372,-0.1583927915005573,-0.10207235392508474,-0.09886788811984722,Student-t,5000,True,0.006018984771879898,0.006584957792208028,2.344478467364297e-06
354,FKML,pyGLAM,0.19775250000020606,-0.019903425600769117,1.6637296786247693,-0.1252325111678113,-0.12873664572086643,Student-t,5000,True,0.008376938599315986,0.005287937260099152,7.3102715223427595e-06
354,RS,pyGLAM,0.21625459999995655,-0.024753227279765536,-0.2113257226123386,-0.1263990774715197,-0.12762521790074083,Student-t,5000,True,0.00868583520646693,0.005356789229355986,1.6498624688665586e-10
355,FKML,pyGLAM,0.20715209999980289,0.0692389360226448,1.7892865880541322,-0.22472384586808575,-0.10942983247200781,Student-t,5000,True,0.02365465181152987,0.018579528750493762,4.456419787857158e-06
355,RS,pyGLAM,0.22664769999755663,0.171622110897013,-0.37645598599140867,-0.22067426731775036,-0.1732015670622094,Student-t,5000,True,0.03430962091725648,0.024301507789292427,2.22160310397971e-07
356,FKML,pyGLAM,0.19736740000007558,0.03204995394444327,1.8202934339717503,-0.18270417662958874,-0.1522179068604349,Student-t,5000,True,0.019610178550179713,0.010134997677239976,9.897781662715488e-06
356,RS,pyGLAM,0.21193969999876572,0.07034189382636061,-0.31139076670532845,-0.1767549698175695,-0.1633582447852592,Student-t,5000,True,0.02222407356358258,0.011658488256102082,1.4153767935454198e-08
357,FKML,pyGLAM,0.16747279999981401,-0.001972781443588385,1.723657185728692,-0.1431615809690894,-0.16944555101674919,Student-t,5000,True,0.005592428865996424,0.005715637835928051,1.1657805289999601e-05
357,RS,pyGLAM,0.20761409999977332,-0.03690879196701949,-0.2735927423237439,-0.1526347393670187,-0.16356439218272736,Student-t,5000,True,0.006035644777920179,0.006335875033825357,1.5909307649053517e-08
358,FKML,pyGLAM,0.1980333999999857,-0.004553689440791982,1.6526889764166401,-0.12863164032030783,-0.12160445806018813,Student-t,5000,True,0.003368842933172786,0.003501883783466009,7.413447633553005e-11
358,RS,pyGLAM,0.21580600000015693,0.005224736722411111,-0.2070097602995671,-0.12644289144595883,-0.12401391304532462,Student-t,5000,True,0.003593126130316801,0.0033378589322169785,1.7564616427989677e-11
359,FKML,pyGLAM,0.17997430000104941,-0.008808081063171554,1.5779656819110712,-0.10244351755079695,-0.11580294441413498,Student-t,5000,True,0.007490479978201653,0.008036287925264198,2.0718066870983876e-06
359,RS,pyGLAM,0.19401769999967655,-0.028190662599015048,-0.17290905523006064,-0.10743773760061694,-0.1115581139396193,Student-t,5000,True,0.007710968869526269,0.008192875051689568,2.155021938676782e-09
360,FKML,pyGLAM,0.18340969999917434,-0.09528959106766663,1.7749964352045455,-0.10240058506929901,-0.2145174304300566,Student-t,5000,True,0.033088267412298755,0.020394220288706244,2.634443264371644e-06
360,RS,pyGLAM,0.23930359999940265,-0.20072213307698794,-0.35048731565213,-0.16335743437481076,-0.20861412660349243,Student-t,5000,True,0.04353964385781106,0.025482374523018436,1.8720808512284748e-06
361,FKML,pyGLAM,0.19545870000001742,0.018471849345188494,1.7806908712035565,-0.19618926654989016,-0.13329252176109668,Student-t,5000,True,0.009869475695938101,0.011216861660127905,9.02168246597057e-06
361,RS,pyGLAM,0.21984299999894574,0.09190686954250563,-0.3188384961161789,-0.18844274788431012,-0.16150976631339822,Student-t,5000,True,0.01568895606638604,0.01466040281817497,1.6962738165204883e-06
362,FKML,pyGLAM,0.1706661999996868,0.042037636512708594,1.824860585013054,-0.20001827575963774,-0.15635179668161533,Student-t,5000,True,0.02086885955385559,0.010679920439553542,7.788705250533212e-06
362,RS,pyGLAM,0.1991396999983408,0.09498984009425976,-0.34000463700099276,-0.19386452685780775,-0.17384556024458514,Student-t,5000,True,0.025461609051982692,0.013444898138291644,2.286083527697328e-07
363,FKML,pyGLAM,0.2279737999997451,-0.06201561666053971,1.717912564407645,-0.14332685241462786,-0.19698465540094243,Student-t,5000,True,0.02080567052189053,0.01597602896533771,6.066914814084612e-06
363,RS,pyGLAM,0.2215662999988126,-0.12895895735536833,-0.3114201313341819,-0.16622017397103186,-0.18985345110628363,Student-t,5000,True,0.02715271806207531,0.016963508629978093,3.1785927809835357e-06
364,FKML,pyGLAM,0.1814336000024923,0.01432277445178154,1.650560262608503,-0.1121159872660524,-0.12706320008464253,Student-t,5000,True,0.007389444861546024,0.00658581022160279,5.607321185152614e-07
364,RS,pyGLAM,0.21917390000089654,-0.006407605038614613,-0.1983860722640133,-0.11758728876714498,-0.12256619992151474,Student-t,5000,True,0.006495806141559368,0.006596035600203976,1.965183571428497e-11
365,FKML,pyGLAM,0.18557800000053248,0.04769141735253364,1.839692835117393,-0.1772648267073477,-0.177294099394223,Student-t,5000,True,0.02759606386419783,0.012148538428561837,3.8404720221763e-06
365,RS,pyGLAM,0.2245121999985713,0.04765351318276886,-0.326139658416806,-0.17727267005554548,-0.1772862269612335,Student-t,5000,True,0.02759400333094958,0.012148210044059932,6.720537452534926e-07
366,FKML,pyGLAM,0.163639599999442,0.05365761283704251,1.6713122852937035,-0.1639161285073473,-0.12596489287927914,Student-t,5000,True,0.018094458939879543,0.012594486006888941,3.0886926953854754e-06
366,RS,pyGLAM,0.22437560000253143,0.10447466509651517,-0.2498769269022097,-0.15582564465368443,-0.14098709017761185,Student-t,5000,True,0.022354948603612368,0.013471194350601451,8.208263899689427e-07
367,FKML,pyGLAM,0.17409929999848828,-0.029337747482386402,1.8315651375803403,-0.15062729827587434,-0.19614091427227962,Student-t,5000,True,0.01779649962589558,0.011386702039594899,6.590070217527e-06
367,RS,pyGLAM,0.2018404999980703,-0.08403124966033225,-0.33289928203454927,-0.16907870631249383,-0.18950026282065768,Student-t,5000,True,0.022162261682387108,0.013955239682036347,2.1516912696029067e-06
368,FKML,pyGLAM,0.18287989999953425,0.0035670458632799007,1.6903573487759245,-0.15297530619957314,-0.1284120981504372,Student-t,5000,True,0.004510867211436474,0.004342888326116657,3.54499952059939e-06
368,RS,pyGLAM,0.21435360000032233,0.036724560432608015,-0.24098434994381615,-0.14681726960898717,-0.13744624478033782,Student-t,5000,True,0.0051734154724932604,0.005287431983541334,1.2324363751758938e-11
369,FKML,pyGLAM,0.1838026000004902,-0.0016234638766986851,1.718505309829679,-0.150057532660333,-0.16336356351440512,Student-t,5000,True,0.004575340801367567,0.005249342788596287,6.349460640819871e-06
369,RS,pyGLAM,0.22071449999930337,-0.019632512705486094,-0.2703866194644711,-0.1544010497286458,-0.1599513481923559,Student-t,5000,True,0.0049615409110115305,0.005361991906903448,4.998668146072305e-12
370,FKML,pyGLAM,0.19010440000056406,-0.3274114552502026,1.5156035155471184,0.2793799406205249,-0.22854901263521615,Student-t,5000,True,0.09245857437498695,0.06379020733586134,2.4690847908459546e-06
370,RS,pyGLAM,0.3841553999991447,-0.5002865732959949,-0.32960480246957646,-0.10987371797465637,-0.22620704549640866,Student-t,5000,True,0.09128878811642505,0.05890325381056971,1.5097785706075229e-06
371,FKML,pyGLAM,0.18618330000026617,0.006742693255328299,1.608739187603972,-0.11193573275619617,-0.10135843359789007,Student-t,5000,True,0.003123656829718477,0.004065764149171301,5.175233658505363e-06
371,RS,pyGLAM,0.20899030000146013,0.02181374786713837,-0.17201908606395813,-0.10847930767019758,-0.10528091108281747,Student-t,5000,True,0.0034381169546908036,0.004338856345949561,1.1961620050016109e-07
372,FKML,pyGLAM,0.1775387999987288,0.016271936701532423,1.5451389515841294,-0.10990860389267397,-0.0829236741470956,Student-t,5000,True,0.009967636156528736,0.009906356308591545,5.7488134137528846e-06
372,RS,pyGLAM,0.22916739999709534,0.055926965480952155,-0.15164436569475817,-0.10164325161170457,-0.09410904704487492,Student-t,5000,True,0.010680946506588684,0.010259448765776086,9.271161527379945e-08
373,FKML,pyGLAM,0.20669719999932568,-0.028362580883917916,1.7650696191121942,-0.1568394692123366,-0.15721526003542896,Student-t,5000,True,0.016940443512880488,0.007269214057041005,2.582918057214556e-06
373,RS,pyGLAM,0.20044380000035744,-0.028860459474726315,-0.27716508944645674,-0.15694918382941433,-0.15710625266344366,Student-t,5000,True,0.016965016606854566,0.007272800453240393,3.749100488149618e-11
374,FKML,pyGLAM,0.15472740000041085,0.012741588963782373,1.6858586937780258,-0.17216173790153544,-0.1206656478113893,Student-t,5000,True,0.008136510438911074,0.007401310340792447,1.4965216781348545e-05
374,RS,pyGLAM,0.21751600000061444,0.07907760318344244,-0.26098834130300974,-0.16287282982659698,-0.142585596105595,Student-t,5000,True,0.009086234992983513,0.010044732496272578,1.3367904845296152e-06
375,FKML,pyGLAM,0.18338760000187904,-0.00612871913740218,1.7215183060606887,-0.12290868195787659,-0.13909158490022083,Student-t,5000,True,0.007994384909857932,0.006685796514269871,4.96745482081451e-07
375,RS,pyGLAM,0.21133519999784767,-0.02768249853336117,-0.22682879624432864,-0.12869070284143283,-0.13450706770734247,Student-t,5000,True,0.008858910443288126,0.007009295809990373,1.327569101573677e-07
376,FKML,pyGLAM,0.16877860000022338,0.018751939374735488,1.7303905370237842,-0.17222551218722595,-0.1261892261495105,Student-t,5000,True,0.00808625568340221,0.007661433178955026,4.437373474431881e-08
376,RS,pyGLAM,0.20744849999755388,0.07729404209581497,-0.270119966446995,-0.1635763502387057,-0.14516590799090134,Student-t,5000,True,0.012599097115356006,0.010174345831038496,2.870666776379495e-10
377,FKML,pyGLAM,0.19802089999939199,0.038737998430325715,1.8841888947828562,-0.21006258115223056,-0.18537567995029225,Student-t,5000,True,0.024048430943814036,0.012231278057762036,5.182936120313222e-07
377,RS,pyGLAM,0.20970300000044517,0.06965795317883766,-0.37907742416414286,-0.206251645513482,-0.19381222201756182,Student-t,5000,True,0.026550116805250767,0.01330116117360774,1.2883814854380078e-11
378,FKML,pyGLAM,0.17444199999954435,-0.02116404372931627,1.63499383418817,-0.13305368876851117,-0.14000604594932894,Student-t,5000,True,0.008787827360901584,0.00942478999371471,6.4205942873485355e-06
378,RS,pyGLAM,0.20594700000219746,-0.030979842680790844,-0.22346450738155194,-0.13535112402223412,-0.1379360924793093,Student-t,5000,True,0.008789483248864027,0.009620933885751923,5.819154004882421e-06
379,FKML,pyGLAM,0.1792457999981707,0.006319700015732849,1.553166462365592,-0.10871462760014955,-0.10229519322550953,Student-t,5000,True,0.010336737136376839,0.010287232485652555,7.60899757956679e-06
379,RS,pyGLAM,0.21753639999951702,0.015805895909136877,-0.1640264837035616,-0.10655179078234348,-0.10462922983816282,Student-t,5000,True,0.010297179891790353,0.010326264403510465,6.94887684815626e-06
380,FKML,pyGLAM,0.1622705000008864,0.039044377829833825,1.7768607326664654,-0.19503140833551524,-0.14758861487293595,Student-t,5000,True,0.01634462186527208,0.009100071832043189,3.7271990827036916e-06
380,RS,pyGLAM,0.21706339999946067,0.09746747265417008,-0.3201769292852016,-0.18814031828704406,-0.1670660187004337,Student-t,5000,True,0.02156888346713165,0.012103383823517142,3.1692371109670603e-06
381,FKML,pyGLAM,0.19034069999906933,0.01672021462790657,1.7212042579837696,-0.13842356646630768,-0.13116393071079804,Student-t,5000,True,0.011364987180377095,0.0058427257338936325,9.365459918888607e-10
381,RS,pyGLAM,0.1947431000007782,0.026448743637096487,-0.23227859461894146,-0.13625200310969335,-0.13358146281329264,Student-t,5000,True,0.01179102809299648,0.005987768587240851,6.888711823194171e-11
382,FKML,pyGLAM,0.17934669999885955,0.004165717781684929,1.7421242789069529,-0.14803476632704277,-0.16798460395864176,Student-t,5000,True,0.008597367250806454,0.0058265102634680295,1.7636203608617507e-10
382,RS,pyGLAM,0.20322899999882793,-0.022319042116450385,-0.27775229282123637,-0.15487368103204083,-0.16324878858044758,Student-t,5000,True,0.00805295896982336,0.006188254621280656,3.409361681860901e-11
383,FKML,pyGLAM,0.22393180000290158,-0.06951002726591608,1.8034606714967727,-0.11724349543929216,-0.21012299669550236,Student-t,5000,True,0.02661210426486249,0.01705001783287056,4.049965490082741e-06
383,RS,pyGLAM,0.25038920000224607,-0.1633153032301526,-0.3476596477734146,-0.1648016929272858,-0.20357506276648932,Student-t,5000,True,0.035912359492162205,0.022205729116720602,8.746619323997275e-07
384,FKML,pyGLAM,0.16772729999865987,0.00084156130468117,1.6674380571563618,-0.14363659952215826,-0.12703971286778085,Student-t,5000,True,0.004716206622584165,0.003969298093700697,5.290878846153646e-11
384,RS,pyGLAM,0.21668230000068434,0.023687666144982984,-0.22704254864097145,-0.13904508725864567,-0.13291616314701998,Student-t,5000,True,0.005205216200976928,0.004031062098887263,1.2505552149377763e-12
385,FKML,pyGLAM,0.19159450000006473,0.013536416563253703,1.810994179990181,-0.17011496074813093,-0.15359211269675915,Student-t,5000,True,0.014937007560201276,0.008783068966220622,2.1229664968399958e-07
385,RS,pyGLAM,0.21553560000029393,0.03477083484432953,-0.2949505624089878,-0.1661346701849712,-0.15905629768685772,Student-t,5000,True,0.015948859334677046,0.009303734134616019,4.492755795305759e-07
386,FKML,pyGLAM,0.19116970000322908,-0.0017139623596522568,1.6483183611964158,-0.13622559554148617,-0.13865935785362854,Student-t,5000,True,0.00537963723184165,0.006085932417060897,9.866110868728128e-06
386,RS,pyGLAM,0.19297129999904428,-0.005127022479591413,-0.22657848645633935,-0.13700144738267162,-0.13791132324020336,Student-t,5000,True,0.005460725296686397,0.006129513798971775,1.121694607419954e-06
387,FKML,pyGLAM,0.1766764999993029,-0.0142146023903366,1.7379645454925323,-0.17081792383832278,-0.16973025650613488,Student-t,5000,True,0.008298437041938334,0.008443618107690601,1.0054179711005418e-10
387,RS,pyGLAM,0.22136319999845,-0.012734552230618833,-0.295938663364356,-0.17052090583855464,-0.1700341613147287,Student-t,5000,True,0.008205316427343345,0.008409366775629765,9.704947956379328e-11
388,FKML,pyGLAM,0.1907799000000523,0.01607993900103072,1.5709304097924806,-0.0862841225358927,-0.09382273704711512,Student-t,5000,True,0.008705236659894644,0.007035854604853981,7.666165382502754e-07
388,RS,pyGLAM,0.22258080000028713,0.005046894555477802,-0.14167405404914007,-0.08917937682746797,-0.09115301267574534,Student-t,5000,True,0.008510835640578751,0.0069342527301436505,2.4705264323188203e-06
389,FKML,pyGLAM,0.16629639999882784,0.043911663517904244,1.6738603567555361,-0.14225991396218837,-0.09558218048101165,Student-t,5000,True,0.015414156496672604,0.00892813920188188,5.561080319793632e-06
389,RS,pyGLAM,0.21211870000115596,0.10535293692815041,-0.20871591488308835,-0.13135698773378907,-0.11574412037528538,Student-t,5000,True,0.019925796759438508,0.011164636385453616,1.5506820005839472e-07
390,FKML,pyGLAM,0.1728679000007105,0.042600722509110685,1.7638234644870077,-0.18483185075374553,-0.13612515937817773,Student-t,5000,True,0.01758031066004323,0.009547944470396056,3.2974702772747833e-06
390,RS,pyGLAM,0.20469589999993332,0.10289683134144345,-0.29795598143106605,-0.17692038228242657,-0.15633159584790712,Student-t,5000,True,0.02269203797531244,0.012524282663525874,1.268467937431548e-07
391,FKML,pyGLAM,0.22338569999919855,0.03262052340797264,1.7242613973130034,-0.1892463182049498,-0.11812658724242805,Student-t,5000,True,0.010281908979858534,0.01045649993849951,5.988060660655492e-06
391,RS,pyGLAM,0.20014739999896847,0.11658582899211148,-0.2934186038681977,-0.18021267245743738,-0.15129419949757725,Student-t,5000,True,0.017795946752827307,0.014553781523467813,5.6249192841306694e-06
392,FKML,pyGLAM,0.17275659999722848,0.12130851165873974,1.689978811234671,-0.2266228913014716,-0.036747836851127924,Student-t,5000,True,0.03539497672052966,0.02860713993641746,1.3141573781183524e-05
392,RS,pyGLAM,0.3723102000003564,0.25500590746193075,-0.3590476624577047,-0.22309133149417407,-0.15611650783865522,Student-t,5000,True,0.04569134764652588,0.03254531930814719,3.3210982462003164e-07
393,FKML,pyGLAM,0.2070428000006359,-0.04566816810307738,1.8285772585705302,-0.15726827529565174,-0.2057351679118873,Student-t,5000,True,0.02164791261768928,0.011207385445378967,7.501261585218799e-07
393,RS,pyGLAM,0.21614369999952032,-0.10326154142195296,-0.3507340602007628,-0.17738935122688537,-0.19982741419530275,Student-t,5000,True,0.026953389517270776,0.014388975764047466,6.957953062968999e-07
394,FKML,pyGLAM,0.1652661000007356,-0.04813726452019312,1.6223774785537808,-0.10012977934836575,-0.1514416558356452,Student-t,5000,True,0.015169234819600252,0.011713696937609592,1.169175661708266e-05
394,RS,pyGLAM,0.207220000000234,-0.11710813404798825,-0.21582018169849843,-0.12251397295294883,-0.14048272570438186,Student-t,5000,True,0.020196731192336503,0.01302655042608856,7.22913114259427e-07
395,FKML,pyGLAM,0.17563849999714876,0.012042901068616364,1.6686928731891082,-0.12448598179550217,-0.1184802072829447,Student-t,5000,True,0.006488933208267156,0.00341561425238921,1.5338575313530704e-08
395,RS,pyGLAM,0.22309640000094078,0.02031551224958621,-0.2028827347433129,-0.1225751101660011,-0.12054992505448593,Student-t,5000,True,0.006907874091036825,0.003542139002550567,1.872280108727864e-11
396,FKML,pyGLAM,0.17106849999981932,0.0014666220704637233,1.7377159787723873,-0.17271607485087268,-0.11551107436346483,Student-t,5000,True,0.012318871060898795,0.010785613523412165,7.147364430913749e-07
396,RS,pyGLAM,0.2194911000005959,0.07192687121196797,-0.2680159461702681,-0.16287889780943546,-0.1406188231751223,Student-t,5000,True,0.014238807087018301,0.01299103140590842,1.6981037216368122e-06
397,FKML,pyGLAM,0.16221819999918807,0.017470391533809606,1.6570406385712215,-0.14789359711637218,-0.13498004957525014,Student-t,5000,True,0.005830244046891142,0.00780443459385243,6.636089361151429e-07
397,RS,pyGLAM,0.22276749999946333,0.03544712852724101,-0.23523196586065612,-0.14431125712427417,-0.13936552200104455,Student-t,5000,True,0.007284838074386457,0.008157864708955246,8.316043725599219e-08
398,FKML,pyGLAM,0.17957949999981793,0.011905801164900198,1.8628065254201034,-0.18996772038452855,-0.19007072336045494,Student-t,5000,True,0.01680571055174357,0.010084138517237587,2.3077772491078376e-06
398,RS,pyGLAM,0.21917020000182674,0.011772030843974352,-0.35396946585536926,-0.1899939439885088,-0.19004458190037468,Student-t,5000,True,0.01680026234387333,0.010083756239782537,1.5180463783792675e-06
399,FKML,pyGLAM,0.17983280000044033,0.007965781277097083,1.6109635787636876,-0.12799310014835275,-0.10743005650272475,Student-t,5000,True,0.00632163682272277,0.006049513128065597,1.7057340076398475e-05
399,RS,pyGLAM,0.21646789999795146,0.037065232829787326,-0.1914451937752948,-0.12200769838094662,-0.11524118894445252,Student-t,5000,True,0.006856709229094579,0.00640170444445278,4.816693621734203e-08
400,FKML,pyGLAM,0.062429099998553284,1.2842419181825238,0.7602142987350217,1.4724893551494518,0.04173501084298693,Gamma,1000,True,0.05913232162503667,0.018417274642202615,8.080207769545211e-06
400,RS,pyGLAM,0.12535879999995814,4.2014305525341555,0.24890466428586944,22.455697214347,0.7039802088167968,Gamma,1000,True,0.0221125421583567,0.017230650121636427,1.6433965299711417e-11
401,FKML,pyGLAM,0.09314069999891217,1.469236210412547,0.9539459082750409,0.8925222201143052,0.003984480345220208,Gamma,1000,True,0.03577255413994527,0.01350658661910837,0.0017450810545938111
401,RS,pyGLAM,0.13308829999732552,4.090594865199375,0.25796018514485713,30.90321457312634,0.7208362309807078,Gamma,1000,True,0.03608307668109689,0.019488815455403475,7.94742049947672e-12
402,FKML,pyGLAM,0.12822049999886076,1.5114607632195713,0.901693167505654,0.870780405506133,0.00804936353930742,Gamma,1000,True,0.02418084840984965,0.008413445915446668,0.0007248773224928229
402,RS,pyGLAM,0.12237639999875682,4.20076537473396,0.24755336759949825,29.483358086632514,0.745305169491743,Gamma,1000,True,0.036695994916169705,0.02117438369025898,4.4355630279824254e-12
403,FKML,pyGLAM,0.09002820000023348,1.509287486305525,0.909497031496307,0.9138388196118059,-0.03330831816487033,Gamma,1000,True,0.03830537007060296,0.016336420535804703,4.549989123514564e-05
403,RS,pyGLAM,0.13011999999798718,5.071538321211918,0.2063629866474112,48.56712847480698,0.5646235818299635,Gamma,1000,True,0.041264954927687,0.024106023871817726,4.332401104534256e-10
404,FKML,pyGLAM,0.11302259999865782,1.324835867694998,0.8320606977696073,1.2197258052471358,0.013918041512683754,Gamma,1000,True,0.04610795712681259,0.014341839151466796,1.128199013411546e-05
404,RS,pyGLAM,0.1455615000013495,4.309353270480655,0.24118385824047944,28.062029809234154,0.669651405498529,Gamma,1000,True,0.03154194154726575,0.018475460637445495,2.0157730450409477e-09
405,FKML,pyGLAM,0.09642899999744259,1.4395180997219703,0.9285919940220949,0.9317040871187917,-0.023556187475557697,Gamma,1000,True,0.033380075513016944,0.007270186794091973,8.887150701575308e-06
405,RS,pyGLAM,0.11703469999702065,4.696623320058258,0.2220906247053949,42.56657593582703,0.5994896647517572,Gamma,1000,True,0.024858346013789556,0.0190767461773597,2.424727085781342e-11
406,FKML,pyGLAM,0.11474289999750908,1.4375138427941465,0.9013429800059654,0.9181608396825627,-0.022350762522947223,Gamma,1000,True,0.026965086898104368,0.011174592161716481,1.9388757142024815e-06
406,RS,pyGLAM,0.13509759999942617,4.7588111987791395,0.2165929567915162,41.98848102464577,0.607422168020239,Gamma,1000,True,0.03619037349926926,0.021532916332388085,2.4949358576610844e-11
407,FKML,pyGLAM,0.07061109999995097,1.4806204836498673,0.8911021135471309,0.9297034277998848,0.026018722460261618,Gamma,1000,True,0.031246763504367562,0.008283481734151736,9.139549864478624e-06
407,RS,pyGLAM,0.11571099999855505,3.95206261481397,0.264316143320075,24.6359557756398,0.7957649374417178,Gamma,1000,True,0.029832424739045238,0.01911577742269063,1.0888535406650135e-08
408,FKML,pyGLAM,0.09828829999969457,1.242765981580982,0.7350073051111201,1.6301322414131925,0.06854105536101344,Gamma,1000,True,0.06375142915793675,0.0174035914791097,7.231369014704114e-08
408,RS,pyGLAM,0.12183700000241515,0.47232391671083546,0.07039939256940848,0.0028910843316509783,0.12402682662324105,Gamma,1000,True,0.02830007269464937,0.013304350648057852,2.5559643290762324e-10
409,FKML,pyGLAM,0.08983119999902556,1.4166745982025424,0.7804840480214305,1.203434220402375,0.052637805790641194,Gamma,1000,True,0.04916759893309806,0.01727279281928563,4.045666889496147e-06
409,RS,pyGLAM,0.09477040000274428,0.6412087681127211,0.06777090193753293,0.007495788144441162,0.11492212170383731,Gamma,1000,True,0.016446615889335048,0.012905084597122876,6.635669791421606e-11
410,FKML,pyGLAM,0.09810300000026473,1.4361619886200891,0.870381450031474,1.0309238149049567,-0.005427892532257267,Gamma,1000,True,0.04188031935530952,0.011457763387358053,0.000243798689751884
410,RS,pyGLAM,0.11153750000084983,0.7949855125208872,0.03034614934142059,0.005004416549726507,0.044195679989925206,Gamma,1000,True,0.012862644192708272,0.007345268425313329,2.4732157211104777e-07
411,FKML,pyGLAM,0.06951180000032764,1.4624921951057595,0.8903945848789093,0.9562247831183116,0.006153839263088351,Gamma,1000,True,0.03430347848172438,0.007243968543611786,0.015730264040902497
411,RS,pyGLAM,0.14539369999693008,4.2764114079299524,0.24386286587569753,30.714520161597672,0.7077390931091347,Gamma,1000,True,0.029351722569744387,0.019573089721211065,4.754013496816575e-12
412,FKML,pyGLAM,0.08914419999928214,1.5255377186590768,0.9161439187683492,0.9162019699388417,0.04963903525300082,Gamma,1000,True,0.04482658118420008,0.015351799421539998,1.7259641929001646e-06
412,RS,pyGLAM,0.11542120000012801,0.8318326022119762,0.08113816353078067,0.012885582048329939,0.12002797050590093,Gamma,1000,True,0.03150697932744001,0.01629514022588246,2.3482806810193324e-09
413,FKML,pyGLAM,0.11928009999974165,1.3495749310415428,0.769358694267458,1.2929255754322204,0.08332102132304602,Gamma,1000,True,0.04726582023646091,0.014343769197255793,1.2243005542700303e-07
413,RS,pyGLAM,0.11882379999951809,0.5377706225491132,0.08625329829773022,0.006870740478817302,0.15132881037688745,Gamma,1000,True,0.017649310063072743,0.008979927975963418,7.170291862479417e-07
414,FKML,pyGLAM,0.11129020000225864,1.249865662308492,0.8089742509939281,1.328403502201825,0.0610663162902128,Gamma,1000,True,0.057972682303653655,0.02946986261829875,5.930160914546789e-06
414,RS,pyGLAM,0.11220999999932246,0.5106767008419977,0.07493596046539158,0.006017394970957192,0.12219615139270004,Gamma,1000,True,0.04662809133919443,0.02653777011461095,3.316586596469051e-07
415,FKML,pyGLAM,0.09886799999731011,1.5453418064187419,1.019594025710028,0.6928083600694377,-0.043378570060216476,Gamma,1000,True,0.00828300899039758,0.005372441896909962,2.296964375902555e-06
415,RS,pyGLAM,0.14574780000111787,4.927761778904028,0.21173289228755152,61.398565015081,0.5679164404656017,Gamma,1000,True,0.02629481090514396,0.02085671659231526,1.240059244851082e-09
416,FKML,pyGLAM,0.11249749999842606,1.3797732865406693,0.7717485587536006,1.2287483368797423,0.06753286362249054,Gamma,1000,True,0.042707408008204405,0.015551924471862063,1.0943681552078033e-06
416,RS,pyGLAM,0.10044749999724445,0.5796389455412022,0.07680316380599073,0.00760943025133605,0.1332413252221993,Gamma,1000,True,0.011937606270389978,0.009561763742972079,6.99528589720444e-07
417,FKML,pyGLAM,0.10105169999951613,1.242368439941086,0.8016243203261325,1.4358677783625937,0.033010157543125904,Gamma,1000,True,0.054611689998154425,0.019253068977006852,6.229911694966006e-06
417,RS,pyGLAM,0.12393689999953494,4.1197544846205325,0.25358813448082324,24.038469526372875,0.6856469308764446,Gamma,1000,True,0.031826060621970076,0.0204149672846083,2.173976390133013e-12
418,FKML,pyGLAM,1.6077218999998877,1.530296758073899,0.8971544290858697,0.8624284156917235,-0.012325215283733237,Gamma,1000,True,0.024180398509155158,0.014681002670921883,1.6376287267583223e-05
418,RS,pyGLAM,0.15204919999814592,4.61760499002476,0.22493764754445406,37.308238099385115,0.6629929542873115,Gamma,1000,True,0.04459340814569024,0.024604030564233447,8.689049479926325e-12
419,FKML,pyGLAM,0.08928559999912977,1.1110597202520314,0.7260828785269369,2.1847747949005933,0.07773837832721123,Gamma,1000,True,0.08440092325222057,0.021170906604409217,1.330844892066807e-07
419,RS,pyGLAM,0.11401409999962198,3.899899111130333,0.2764365384496387,18.543079290525153,0.699553881989442,Gamma,1000,True,0.03440965724600309,0.017741084495547534,2.4059119348096195e-11
420,FKML,pyGLAM,0.085655200000474,1.408441441597963,0.9162901515805418,0.950670837269463,-0.03587696648092453,Gamma,1000,True,0.029284045836669326,0.01210309831013977,3.5228912373952426e-06
420,RS,pyGLAM,0.11455559999740217,5.026989828380684,0.20574044319646043,49.99135974121951,0.5472490561065326,Gamma,1000,True,0.03568665698309281,0.020577156481735706,5.914202461099194e-11
421,FKML,pyGLAM,0.08915459999843733,1.4344752852706806,0.9918380254519921,0.8614792330853173,-0.0838924951416737,Gamma,1000,True,0.029309389829292674,0.012681611305188911,9.170427031079953e-07
421,RS,pyGLAM,0.12030149999918649,6.474254839585486,0.16048717308393068,113.7678375473242,0.37394316008602824,Gamma,1000,True,0.030379107295962188,0.018608835514465998,1.80191861431922e-10
422,FKML,pyGLAM,0.10115109999969718,1.2752693814822518,0.7486233742125064,1.5735042032439606,0.04363527702573544,Gamma,1000,True,0.0687526405637665,0.019416372669646558,2.4812914336536096e-05
422,RS,pyGLAM,0.1337996000002022,4.24684725826072,0.24797087364511197,22.328119443231145,0.6918913148561292,Gamma,1000,True,0.02357707187829794,0.017355974799203738,4.7381547041425165e-07
423,FKML,pyGLAM,0.11201590000200667,1.5468203029250374,0.8801333456481133,0.8587599553257425,0.047035429192930536,Gamma,1000,True,0.021597136403463984,0.012711215640473544,1.0540416204740666e-05
423,RS,pyGLAM,0.12677849999818136,0.8219618139370621,0.07678523726852855,0.014140091721665263,0.11855442869515136,Gamma,1000,True,0.016404119517971466,0.012072146065612055,1.3013898181313266e-08
424,FKML,pyGLAM,0.08705919999920297,1.4023760266493175,0.856398182948667,1.107955037380831,0.0042948411193759126,Gamma,1000,True,0.04829445840471176,0.010859343523313612,0.0003444634611975417
424,RS,pyGLAM,0.14535190000242437,0.7462117274450176,0.037055962438072465,0.0053551776174982635,0.05507399604739311,Gamma,1000,True,0.012675772390486062,0.0064775291550804425,1.0841751407753009e-07
425,FKML,pyGLAM,0.10420900000099209,1.4793453242162649,0.821983074010858,1.0439572821776086,0.058214835848671716,Gamma,1000,True,0.04009856993058666,0.013496297592157772,9.898164456956238e-07
425,RS,pyGLAM,0.1211351999991166,0.7117253672322534,0.07731781535790369,0.010602619985831603,0.12702747090447372,Gamma,1000,True,0.012760200772464814,0.011187376137882702,7.317793739858303e-07
426,FKML,pyGLAM,0.09681020000061835,1.295122285958732,0.7503595510736641,1.3830905573323145,0.09460709628275424,Gamma,1000,True,0.04420234746952973,0.01701173159485069,1.3994218317492368e-07
426,RS,pyGLAM,0.12340390000099433,0.4653486574799555,0.09035174631690152,0.005523260398418948,0.16271117880291852,Gamma,1000,True,0.03056986895111713,0.012844109784979806,5.984130693192924e-07
427,FKML,pyGLAM,0.08762710000155494,1.3364575975916513,0.8183757825642974,1.2463810892288678,-0.0014967354287826337,Gamma,1000,True,0.05017770114926338,0.018496309629829708,0.006240004472130245
427,RS,pyGLAM,0.1147010999993654,4.6649837648813675,0.2227800290825281,32.34268857396805,0.6127091956695762,Gamma,1000,True,0.02780738202503083,0.019550818885726032,4.838707212684312e-11
428,FKML,pyGLAM,1.6967399999994086,1.523851361481318,0.8006411529065864,1.053841112261584,0.0836057137839307,Gamma,1000,True,0.04590534822296049,0.02044653464838314,2.8733214918474914e-08
428,RS,pyGLAM,0.12087020000035409,0.7033446055588999,0.09253427866820849,0.011627392053135616,0.15982913569096788,Gamma,1000,True,0.02346471844969189,0.020159867095881457,1.0818634876841315e-09
429,FKML,pyGLAM,0.1028772999998182,1.3917942632315,0.9211628095195552,1.0098115626146937,-0.018153434871744926,Gamma,1000,True,0.0407329178110489,0.013866438934114524,1.0612596081038816e-05
429,RS,pyGLAM,0.1484357999979693,4.586561901241317,0.22789278404066116,39.519649477022476,0.6029046349722027,Gamma,1000,True,0.02973338329002151,0.018851471046185404,4.068953266259385e-12
430,FKML,pyGLAM,0.08032230000026175,1.3456105011926807,0.7741870075458068,1.3374923511799262,0.034043430307735725,Gamma,1000,True,0.05623644538470475,0.01877714631405693,2.451376842182995e-06
430,RS,pyGLAM,0.11510239999915939,4.269984183982598,0.24459193336005347,23.628865698032442,0.7079163810785244,Gamma,1000,True,0.029540488445300217,0.01931389617131005,1.4796018095175612e-05
431,FKML,pyGLAM,0.10347209999963525,1.5128151573503894,0.8995890679491692,0.8784166305698976,0.0058493089938814885,Gamma,1000,True,0.02598378230262973,0.00884084637942581,8.00451473548236e-05
431,RS,pyGLAM,0.10839470000064466,4.250902783295991,0.24490529965629265,30.215570887657268,0.733460982418467,Gamma,1000,True,0.03799091944050781,0.021423446601325707,1.4858547538779564e-11
432,FKML,pyGLAM,0.10734149999916553,1.4535854823588297,0.8388374936406487,1.1228167972241825,0.016931809982900035,Gamma,1000,True,0.05938249897035141,0.014986575874032529,7.553378778446529e-06
432,RS,pyGLAM,0.11160930000187363,4.32094597384522,0.24452704840253167,27.119014514327965,0.702482062360197,Gamma,1000,True,0.040532692815790305,0.02148160940878278,4.503042092854897e-10
433,FKML,pyGLAM,0.09160900000279071,1.4890154546552774,0.8883445223977684,0.8973321999649144,0.022578898598526645,Gamma,1000,True,0.02355908580458129,0.008657236321207748,7.801739834611965e-06
433,RS,pyGLAM,0.10099310000077821,4.0010775626602735,0.25911530023949,25.4349458703656,0.7945811226421681,Gamma,1000,True,0.031632824845286955,0.02007640401869151,9.55260534442841e-07
434,FKML,pyGLAM,0.10215860000243993,1.4742311802589,0.9293772060619636,0.8780140628847806,0.0008039884727697794,Gamma,1000,True,0.026257667418554773,0.007758178887221792,0.0013074060739324267
434,RS,pyGLAM,0.10055830000055721,4.209302749552863,0.24780873014248117,31.836208324573345,0.7128087516362015,Gamma,1000,True,0.02901159692963029,0.01952323525554403,6.567224097864255e-09
435,FKML,pyGLAM,0.09940650000135065,1.3153762889293754,0.854515603793175,1.3262899258888456,-0.018423575140954458,Gamma,1000,True,0.07062016331110435,0.016419243629196247,9.162064282453031e-05
435,RS,pyGLAM,0.12842559999990044,4.896049745482291,0.21510806816922512,39.46301126417171,0.546309433344833,Gamma,1000,True,0.025961212233768845,0.017213998172078148,3.987799424010063e-09
436,FKML,pyGLAM,0.08393079999950714,1.4692016839848734,0.9500948874612855,0.8802084645636488,-0.0387245580355927,Gamma,1000,True,0.031220248443187208,0.005611785550583181,2.5397253446080015e-05
436,RS,pyGLAM,0.1318314999989525,5.01026820105095,0.2085011649744392,52.78892582255191,0.5495918892423634,Gamma,1000,True,0.023538925101102004,0.01943836498444634,2.851230362921342e-11
437,FKML,pyGLAM,0.12069120000160183,1.348158193127422,0.9368912486103137,1.0870678399954643,-0.004278412309630298,Gamma,1000,True,0.05274858461158635,0.026475251028427058,0.004617418997663769
437,RS,pyGLAM,0.12238179999985732,4.244394655148346,0.24910576798563183,33.48244301132265,0.6370943816596627,Gamma,1000,True,0.04365843916343315,0.023640180341775025,8.971192067594394e-12
438,FKML,pyGLAM,0.09932929999922635,1.4945087212006556,0.9371277187679109,0.8593057927584626,-0.002910567415883361,Gamma,1000,True,0.027029437874461517,0.006268025509135625,0.008242239235331184
438,RS,pyGLAM,0.12612029999945662,4.260329541317904,0.24556149947907369,33.08712049769334,0.7046057607708283,Gamma,1000,True,0.027667703801762977,0.01975904540937949,6.554423372659333e-11
439,FKML,pyGLAM,1.6524759999992966,1.5386448602018146,1.0574771546572368,0.7019688559626259,-0.10541688278559,Gamma,1000,True,0.017528147933288104,0.00886205948655119,1.70087569628663e-06
439,RS,pyGLAM,0.11057269999946584,1.1167168171951851,-0.07249294291638761,-0.019254700236925396,-0.07967440078924437,Gamma,1000,True,0.03858442045699381,0.01775683098462916,1.424762530177759e-10
440,FKML,pyGLAM,0.1253827000000456,1.4291382894723765,0.8994289160408514,1.0161585384224376,0.00578387527526722,Gamma,1000,True,0.0450244526489721,0.008855788755160843,0.0012849193968547112
440,RS,pyGLAM,0.15083959999901708,0.7911131429970536,0.04152680961195697,0.006519036927925575,0.05929635570289742,Gamma,1000,True,0.016175653207187585,0.008221291916969882,1.224637280472507e-09
441,FKML,pyGLAM,0.09750850000273203,1.4530898583756058,0.8555860128945062,1.0182785527687306,0.010035126676784217,Gamma,1000,True,0.03811756312489044,0.011831727198902258,4.176889397733419e-05
441,RS,pyGLAM,0.10617309999724966,4.329960625621858,0.24043969339686277,28.906046056451117,0.7060193648514856,Gamma,1000,True,0.0341705835200693,0.02045477146231944,3.3805670263120646e-08
442,FKML,pyGLAM,0.08187379999799305,1.3518494487284236,0.7716409279238079,1.228917902269372,0.038961158052471925,Gamma,1000,True,0.03749336225356831,0.02026967171868425,4.0391795952388065e-07
442,RS,pyGLAM,0.12286009999661474,0.5906198349279694,0.05724322242497771,0.006530731246319114,0.09671133740497394,Gamma,1000,True,0.018816437842938016,0.014755420119269459,1.7394218243538262e-07
443,FKML,pyGLAM,0.0961408000002848,1.4571259571027113,0.9165923427288978,0.931199601319903,-0.01898386129863414,Gamma,1000,True,0.0337744232466904,0.006673113770998281,6.107415444489561e-06
443,RS,pyGLAM,0.1281628999968234,4.652515842003142,0.22425490906084852,40.18290526717734,0.6177129657601116,Gamma,1000,True,0.025672891658212627,0.01956524202011566,7.889688902196212e-12
444,FKML,pyGLAM,0.08429740000065067,1.41029824330512,0.8784883056464381,1.07945754985026,-0.023812737704420373,Gamma,1000,True,0.0501020156120384,0.013290205975932903,1.682406398728631e-05
444,RS,pyGLAM,0.11489660000006552,4.9224948847367545,0.21238715590716964,42.17557429576445,0.5681157651853519,Gamma,1000,True,0.026763884313635522,0.019691054578938882,6.115108419635362e-12
445,FKML,pyGLAM,0.0931404000002658,1.4198826773966378,0.9219254837746605,1.0521005643903494,0.006555848667563367,Gamma,1000,True,0.058603934877252864,0.01503706359388876,0.012431320558534686
445,RS,pyGLAM,0.14696760000151698,4.172734834716827,0.25522269872360787,30.522033996770258,0.6829848311167377,Gamma,1000,True,0.03500899406645919,0.018349211428502044,4.376696144168323e-12
446,FKML,pyGLAM,0.09273430000030203,1.3661023205775005,0.8416211072260412,1.1733338187292488,0.06140411878766103,Gamma,1000,True,0.049524197629502005,0.018757235116971246,2.5929241962430183e-06
446,RS,pyGLAM,0.12348829999973532,0.6314187413290155,0.07991758584474722,0.008322484204539455,0.12706478106429925,Gamma,1000,True,0.020307217877672312,0.016037261003103005,6.109956984801101e-11
447,FKML,pyGLAM,0.09836150000046473,1.3599420285381008,0.8129470419998328,1.2161259221987575,0.0128224725512333,Gamma,1000,True,0.04829152198387622,0.01652541190859402,5.627734401070228e-05
447,RS,pyGLAM,0.13804280000113067,4.432173689739564,0.23453023978275814,28.350910661846598,0.6668346169968983,Gamma,1000,True,0.026045692959947186,0.01932121782887404,1.1813033818455653e-09
448,FKML,pyGLAM,0.08473830000002636,1.5026381268960052,0.8098794277699138,0.9469558173022785,0.09689995604627488,Gamma,1000,True,0.02481781864248772,0.016390274974359416,2.0498880459740576e-07
448,RS,pyGLAM,0.11908929999844986,0.6580310254307669,0.10375083069207074,0.015246970163005238,0.18152741435190708,Gamma,1000,True,0.012332893022847902,0.011481545426134589,1.23733467916054e-10
449,FKML,pyGLAM,0.10786469999948167,1.6039745292711147,0.9800887924063505,0.6970235470199928,-0.006661828119456428,Gamma,1000,True,0.022755308757709147,0.012864674170429972,6.31532866623985e-06
449,RS,pyGLAM,0.10767800000030547,4.24821908500664,0.24607173877421834,35.852047858546854,0.7451932339442712,Gamma,1000,True,0.04584396068961871,0.02467467941736368,1.0355979398468662e-06
450,FKML,pyGLAM,0.23071429999981774,1.4836110258052264,0.8749540890292744,0.9432638434210509,0.028258786912967106,Gamma,5000,True,0.03091156976597605,0.00906134582181962,3.51551116306581e-06
450,RS,pyGLAM,0.23731880000195815,3.9756044583726298,0.2621030808704132,24.13840584322732,0.7993258625636709,Gamma,5000,True,0.03320861381946183,0.019454721492402984,6.198826507582504e-07
451,FKML,pyGLAM,0.2027494000030856,1.5661597749644989,1.1165204036008136,0.584757633979687,-0.10109015792171971,Gamma,5000,True,0.00856759244900851,0.007367152608638836,2.8888180736430513e-09
451,RS,pyGLAM,0.24636539999846718,1.1565871395939693,-0.06881799845826524,-0.019823582331610787,-0.07242937340630778,Gamma,5000,True,0.036033586833609105,0.019068594482723474,2.319593406241438e-09
452,FKML,pyGLAM,0.2144613999989815,1.4502479404761053,0.8914899032324596,0.985291365431111,0.00732427020305277,Gamma,5000,True,0.039591721954744356,0.00700641009551205,0.0006788836509690199
452,RS,pyGLAM,0.2737118000004557,4.241833515285985,0.2469279048403607,29.736655351007254,0.7052958246417141,Gamma,5000,True,0.02641440033509601,0.018622290629208827,1.3831086659872806e-12
453,FKML,pyGLAM,0.23492610000175773,1.4068768724559924,0.8682960038442106,1.0536286039161593,0.017047669517467907,Gamma,5000,True,0.04005601119361238,0.00936876465236457,7.693843982359283e-06
453,RS,pyGLAM,0.22871920000034152,4.143228938219801,0.25183204207576204,26.996693037203983,0.7215287082505403,Gamma,5000,True,0.02582821546370362,0.018007600169117198,9.262806201076899e-12
454,FKML,pyGLAM,0.22284510000099544,1.3705879934354022,0.8550887862349766,1.1647321579329744,0.0003666670552694436,Gamma,5000,True,0.052807779131845416,0.011838160801570642,0.0009717620984208697
454,RS,pyGLAM,0.2377422999998089,4.51037818087657,0.2319736596355436,32.84681965758073,0.6339039007077752,Gamma,5000,True,0.021704961895421482,0.01799748399335928,2.1248940385021342e-09
455,FKML,pyGLAM,0.23161979999713367,1.4956624952818394,0.9127102113684072,0.903131058879314,0.0032534958024254368,Gamma,5000,True,0.03313035951305226,0.00677955802020731,0.0028338393161773112
455,RS,pyGLAM,0.26439100000061444,4.254190429476913,0.2463032465190058,31.163385203806026,0.7142655707207646,Gamma,5000,True,0.03278162025728082,0.019999675724206814,8.74568580379147e-12
456,FKML,pyGLAM,0.21143660000234377,1.5147348610400309,0.9380363996486746,0.8370793487694128,-0.02170988837793793,Gamma,5000,True,0.02484104890725923,0.006539976198274396,9.143668513900138e-06
456,RS,pyGLAM,0.25051689999963855,4.657979801906255,0.22408009426926295,42.185417391055026,0.630403946456438,Gamma,5000,True,0.034002369038807934,0.021350207098102807,9.949019386112923e-11
457,FKML,pyGLAM,0.2552423000015551,1.458575743477849,0.8336945790432727,1.059693031644418,0.029814016367469852,Gamma,5000,True,0.04304284077580299,0.012941954977583459,4.532261731249321e-06
457,RS,pyGLAM,0.2187707999983104,4.112525895699221,0.25413630445593355,23.971061110544188,0.7652134601042775,Gamma,5000,True,0.037661920981904906,0.02010982136888542,3.273649706869719e-07
458,FKML,pyGLAM,0.21207379999759723,1.509867627894203,0.9927403427268592,0.7610242170578175,-0.03912478791787342,Gamma,5000,True,0.015575682880261753,0.004966472135609133,1.160645136444316e-06
458,RS,pyGLAM,0.23351019999972777,4.874995903264313,0.21393010405853952,55.264295094268135,0.572882592370744,Gamma,5000,True,0.026025444320122104,0.02014699831879897,3.7620573323238204e-11
459,FKML,pyGLAM,0.2659555999998702,1.4365204067384854,0.8900819613701738,1.0067934057016288,0.003204099375191088,Gamma,5000,True,0.041625419436529795,0.007072354804472661,0.005963882017497646
459,RS,pyGLAM,0.25361530000009225,4.318632398650723,0.24249652185281448,31.211807551105995,0.68311544049169,Gamma,5000,True,0.024466897641988172,0.01845247338528806,2.0431098709300643e-12
460,FKML,pyGLAM,0.20537809999950696,1.44208089436154,0.8782205454310551,1.023367160827189,0.014685599999527284,Gamma,5000,True,0.04369309586719593,0.007656683951256488,5.0835569842533346e-06
460,RS,pyGLAM,0.23606990000189398,4.170684427448974,0.2516411312546227,27.594796813347692,0.721688527848728,Gamma,5000,True,0.026782625410446292,0.018226772367198184,1.6963398625954191e-12
461,FKML,pyGLAM,0.21689259999766364,1.5043830157150215,0.9202801334686771,0.8698854547279754,-0.013708494024423814,Gamma,5000,True,0.027525688878065165,0.0073458605548106974,7.686052421185252e-06
461,RS,pyGLAM,0.2405140000009851,4.54631589526683,0.2294404676080193,37.91072679621176,0.6550992156237446,Gamma,5000,True,0.03451916627146445,0.021214804289811328,1.6845191908032575e-11
462,FKML,pyGLAM,0.24990769999931217,1.3859638270279366,0.8552968716306779,1.1026666409721957,0.031185611268097754,Gamma,5000,True,0.042801770739913085,0.012178273480303033,5.5727986856268785e-06
462,RS,pyGLAM,0.23689989999911631,3.973945972936546,0.26303402415180455,23.753890558422547,0.7570051868690771,Gamma,5000,True,0.028494072031211903,0.01750691061203541,1.7588580636385132e-06
463,FKML,pyGLAM,0.1913185000012163,1.4075679394391762,0.8866432849995919,1.0211331327676358,-0.00878810310085237,Gamma,5000,True,0.03761932245000385,0.009538909837020843,0.0007566994021948048
463,RS,pyGLAM,0.22394700000222656,4.53232394183919,0.22950103753147752,35.43361806264809,0.6352850038673564,Gamma,5000,True,0.02750436563641201,0.019038675857966966,2.8867858361932816e-11
464,FKML,pyGLAM,0.19506660000115517,1.501484339029279,0.9840187010248106,0.7677191961739549,-0.016923413190009493,Gamma,5000,True,0.014209466013966795,0.010153731392269818,9.111554335916594e-06
464,RS,pyGLAM,0.27094819999911124,4.368558000821816,0.23834919843020017,40.22280377949802,0.6715216879094094,Gamma,5000,True,0.03274692241498123,0.020817563296926463,9.929404507502682e-07
465,FKML,pyGLAM,0.21088959999906365,1.5243843828223673,0.978504000840947,0.7589616821182543,-0.03379020580118044,Gamma,5000,True,0.014293930019197496,0.004277150687477427,1.9600857052992637e-06
465,RS,pyGLAM,0.26577180000094813,4.795914576842375,0.2171190398184782,51.044293658773014,0.5973807019269213,Gamma,5000,True,0.028469774429808137,0.021052493848757035,8.745537627419253e-11
466,FKML,pyGLAM,0.2038831999998365,1.4656263242317005,0.9131050292983878,0.9173013640487905,-0.0058171886856358615,Gamma,5000,True,0.030866103617762274,0.005988813099223578,0.006396981397798207
466,RS,pyGLAM,0.23620369999844115,0.8384398851599054,0.033641694286168436,0.006181353936165248,0.04721673714959706,Gamma,5000,True,0.012480212841090521,0.004806057269009937,3.3694343848367225e-07
467,FKML,pyGLAM,0.22643310000057681,1.463994254555338,0.9373262555938259,0.8683452122604028,-0.015481171274691846,Gamma,5000,True,0.02371658990793616,0.007346787499519179,8.385324710147302e-06
467,RS,pyGLAM,0.24051060000056168,4.4868282054586475,0.23168851820861602,38.75900718129419,0.648153981926629,Gamma,5000,True,0.02748844858570179,0.019887991288413884,5.303313344029448e-12
468,FKML,pyGLAM,0.22752909999690019,1.5135514890603003,0.9791210669653773,0.7529706958132315,-0.026944593758785152,Gamma,5000,True,0.012593338394356474,0.005733607295968861,9.153674386475075e-06
468,RS,pyGLAM,0.24360750000050757,4.612277511911927,0.2250719270421122,46.32752085533117,0.6300944779844739,Gamma,5000,True,0.027621541557250884,0.02113221297935457,2.5221229549288182e-09
469,FKML,pyGLAM,0.2018093000006047,1.5035008162048096,0.9445425581909128,0.8601451472140069,-0.030364601254616912,Gamma,5000,True,0.031064479044460594,0.006541671552011229,2.5659787800336176e-05
469,RS,pyGLAM,0.26571830000102636,4.839266133631801,0.2164390326504221,47.155983838458475,0.588258635395931,Gamma,5000,True,0.031623374930611514,0.020681657665479244,4.91639049858175e-10
470,FKML,pyGLAM,0.19373750000158907,1.5405460339002006,0.9400580233582941,0.7770330206048993,-0.020419082638708654,Gamma,5000,True,0.014499505381350808,0.008429914165288852,5.238853129085896e-06
470,RS,pyGLAM,0.24157910000212723,4.623147713815653,0.2241642699733782,42.03542101951236,0.652875837206377,Gamma,5000,True,0.038218556235428136,0.023255231739237787,4.085514149210212e-10
471,FKML,pyGLAM,0.19692059999943012,1.426575011948152,0.9112640700377187,0.9632757700876838,-0.020928401530559058,Gamma,5000,True,0.03416995644722426,0.008334858394124364,8.779899427047155e-06
471,RS,pyGLAM,0.2397709999968356,4.698218986235264,0.2214911518743972,41.035540597344394,0.6026214467334782,Gamma,5000,True,0.026984931003372598,0.019317874846638137,8.740563828268932e-12
472,FKML,pyGLAM,0.22355830000014976,1.4115535442995601,0.9104161026231259,0.9671883337646493,-0.0018687356898852148,Gamma,5000,True,0.03173263419077255,0.013205821306951826,0.00910186199110008
472,RS,pyGLAM,0.249481900002138,4.2895064448369915,0.24256792904808383,32.432845016155824,0.6764043490591525,Gamma,5000,True,0.030470220812035875,0.01929957589699329,1.236585056574313e-09
473,FKML,pyGLAM,0.23172899999917718,1.3971281586409032,0.846392193241942,1.088475746325734,0.04048723905121986,Gamma,5000,True,0.039567232351416265,0.011425030560190626,2.8108737577525744e-06
473,RS,pyGLAM,0.21742900000026566,0.6812029034918244,0.06565842295227187,0.008640592781445983,0.10251752906404973,Gamma,5000,True,0.013918920154604608,0.008078739080647632,7.508091925956251e-10
474,FKML,pyGLAM,0.2404047999989416,1.479014741784042,0.8475525123712313,1.0134760800354978,0.03992468516078316,Gamma,5000,True,0.04029029585982293,0.01121609835979462,9.018022280038451e-06
474,RS,pyGLAM,0.21436139999786974,0.7546479457950425,0.06629761961474273,0.009918942107850605,0.10401499376098546,Gamma,5000,True,0.015246893112253718,0.009195107829155062,2.0788755605849474e-08
475,FKML,pyGLAM,0.2004220000017085,1.5516918192316915,0.9795378686441328,0.7426537270740265,-0.0368912861361176,Gamma,5000,True,0.0143501568189313,0.006192634623013425,1.387925665330414e-05
475,RS,pyGLAM,0.24685150000004796,4.896910150304454,0.21310118253886917,53.85183522703736,0.5871638526867115,Gamma,5000,True,0.03479611276300121,0.02219489772230742,1.1734613281078055e-11
476,FKML,pyGLAM,0.25144100000034086,1.4637151193801514,0.9369464950603706,0.8764359320675216,-0.012835710807698771,Gamma,5000,True,0.025715976034693763,0.0077313086921913885,8.82488965032735e-05
476,RS,pyGLAM,0.2453600999979244,0.8628261221304847,0.028046540837891543,0.005499132141376297,0.03809017115633526,Gamma,5000,True,0.012736164415935768,0.008028768949170515,1.9430537179232488e-09
477,FKML,pyGLAM,0.19690780000019004,1.3883953347060016,0.8068980638286868,1.210580689494127,0.016334725287726077,Gamma,5000,True,0.05233584014672871,0.017537882920601405,8.221045177059239e-06
477,RS,pyGLAM,0.2503542999984347,4.420059687009928,0.23607844215737223,27.41016197082826,0.6795755082683226,Gamma,5000,True,0.032868485189966545,0.020453341121002534,2.97091258265943e-12
478,FKML,pyGLAM,0.23993100000006962,1.4255739260941949,0.8747828877198041,1.0089345285843723,0.01205962376160495,Gamma,5000,True,0.035296866531105024,0.00852196081483887,0.00011623141882566301
478,RS,pyGLAM,0.24716540000008536,4.200812662040549,0.24768332513539537,28.31099109987831,0.7162284501575352,Gamma,5000,True,0.025776967500180645,0.018680957147713687,3.1035535918988444e-08
479,FKML,pyGLAM,0.20765730000130134,1.481130214844307,0.8913226159546526,0.9059590332448665,0.012664408838113718,Gamma,5000,True,0.02510259817837601,0.00800058670333119,2.5702069902600044e-05
479,RS,pyGLAM,0.25437300000339746,4.143690657895188,0.25033556527891293,28.100917983142338,0.7515929605235613,Gamma,5000,True,0.030856619649006545,0.02017351423127274,4.8054893397875276e-11
480,FKML,pyGLAM,0.23643739999897662,1.426340345730353,0.9022667029643211,0.9901332257144474,0.0023111297025385203,Gamma,5000,True,0.03849980450975421,0.00944242074579498,0.026042633817004557
480,RS,pyGLAM,0.2766457999969134,0.8032009677710326,0.03752971970491711,0.006352312415804054,0.0529592770275434,Gamma,5000,True,0.011746540519555926,0.008098437035288513,1.4762786548772056e-09
481,FKML,pyGLAM,0.20080120000056922,1.5538372490974866,1.0420970145684032,0.6349385268391637,-0.049281716337582916,Gamma,5000,True,0.011579126074741639,0.007247416302547056,2.133624050770777e-07
481,RS,pyGLAM,0.2585865000000922,1.046882521861405,-0.0040919214572794314,-0.001099263264364841,-0.004879436019044028,Gamma,5000,True,0.021687530727590158,0.013356721177326109,0.0005574388510067863
482,FKML,pyGLAM,0.2207864999982121,1.4332508969545326,0.8689321235946652,0.9934818184452354,0.034670528325817025,Gamma,5000,True,0.03151731798365276,0.010381997814475253,1.173199895454502e-06
482,RS,pyGLAM,0.2412082000009832,3.879589633519757,0.2679219127645301,22.84276804942187,0.8049308452891516,Gamma,5000,True,0.02718578352967027,0.018413492552455987,3.3942626487259986e-11
483,FKML,pyGLAM,0.2428089999993972,1.4675740772609822,0.946522321791943,0.8544703143056819,-0.017097935038163804,Gamma,5000,True,0.022933656642063385,0.008181055622299536,1.04934264681944e-05
483,RS,pyGLAM,0.2603484999999637,0.8767503924674682,0.024594007140277666,0.004981880409817657,0.03296409719995896,Gamma,5000,True,0.013764157604425573,0.00865192252357154,1.6444190897857425e-08
484,FKML,pyGLAM,0.21584590000202297,1.4422813953797617,0.9157939125279241,0.9626431034855575,-0.024484613393537354,Gamma,5000,True,0.038721902809188746,0.007720992183470892,2.9890580940161726e-05
484,RS,pyGLAM,0.24229750000085915,4.77956310941961,0.21863549870994825,42.91760911469167,0.5889949947081258,Gamma,5000,True,0.023809551108122107,0.01915560495133462,1.800515292416094e-11
485,FKML,pyGLAM,0.2287188000009337,1.5310644659706985,1.0799608779888294,0.6547726833928887,-0.08014752686152746,Gamma,5000,True,0.010378894489378565,0.007292546682542832,4.402900799505005e-08
485,RS,pyGLAM,0.24307560000306694,1.081947680392778,-0.04166384661772631,-0.011014235650578168,-0.046234266408857534,Gamma,5000,True,0.028108020038284692,0.017237831091245354,2.064467086171362e-07
486,FKML,pyGLAM,0.24426369999855524,1.4550517498474873,0.9121966110215509,0.9040093529420651,-0.00937279107729563,Gamma,5000,True,0.025036005251314965,0.006687604045957841,0.00033715100954356814
486,RS,pyGLAM,0.27216300000145566,4.449890672155311,0.23297773271886782,35.83517192820858,0.6633393096543443,Gamma,5000,True,0.02934909739046246,0.020092820888847365,1.6788268553113994e-09
487,FKML,pyGLAM,0.21422610000081477,1.4457384994066216,0.9278231689378187,0.9117408884914174,-0.01301333962809784,Gamma,5000,True,0.029204181705530893,0.008571279904038552,1.2605057657211205e-05
487,RS,pyGLAM,0.26530690000072354,4.467306029058109,0.23315165388042805,37.42159916226891,0.6464877592719167,Gamma,5000,True,0.027475108679460014,0.0193287580431642,9.680167778469695e-11
488,FKML,pyGLAM,0.18283979999978328,1.5730785242451502,0.9718592692732542,0.7181966727108655,-0.039153284809189,Gamma,5000,True,0.01862697470129593,0.01064239024745722,5.651132362061162e-07
488,RS,pyGLAM,0.2271318999992218,5.0019324164972145,0.20785116425608735,56.46636669166837,0.582324723093729,Gamma,5000,True,0.040637102874169995,0.024360642091288135,1.9075392376877775e-11
489,FKML,pyGLAM,0.20919729999877745,1.4284371393845257,0.9415528730806006,0.923969302525526,-0.014458131760663689,Gamma,5000,True,0.032379388065023995,0.013511618640639465,9.106327238939116e-06
489,RS,pyGLAM,0.2716099999997823,4.440730835757809,0.23528353870278051,38.03821473972112,0.6375021712466936,Gamma,5000,True,0.031880552998153955,0.019244446998286025,5.041088151216094e-12
490,FKML,pyGLAM,0.20888619999823277,1.434052586624386,0.8808826856247987,1.002795558262823,0.004558006634758914,Gamma,5000,True,0.03738063479151781,0.007836224139314778,0.007361150933740568
490,RS,pyGLAM,0.2440850999992108,4.310061375336356,0.2419467497071705,30.358520310014594,0.6907736571087654,Gamma,5000,True,0.024762906299989562,0.01877587071709103,6.567457688788636e-11
491,FKML,pyGLAM,0.2227381000011519,1.4011789375522659,0.8774034748605876,1.0631025521948154,0.0022232719957998755,Gamma,5000,True,0.04361923059665136,0.008674827490538422,0.01795571742326274
491,RS,pyGLAM,0.21521360000042478,0.7679400020868854,0.035718429984569616,0.005576686521090909,0.05157672748014667,Gamma,5000,True,0.011543697292833,0.006266620013304992,1.5820661491972032e-07
492,FKML,pyGLAM,0.23156920000110404,1.4991897844706004,0.8824368539854943,0.9254845321251708,0.02371138063424482,Gamma,5000,True,0.031488544465501374,0.009199274385957185,1.8231883229802293e-06
492,RS,pyGLAM,0.24352510000244365,4.026411390844215,0.2593529010913285,25.18087779095231,0.7883332423505717,Gamma,5000,True,0.03637050081907711,0.02006652058552597,1.1075141770424792e-12
493,FKML,pyGLAM,0.22012110000287066,1.4714596771338984,0.9396999866637128,0.8677053967496038,-0.023839100726416367,Gamma,5000,True,0.02554252866899833,0.005135861988953737,1.1005839463784639e-05
493,RS,pyGLAM,0.24772899999879883,4.670431523121451,0.22291014999997388,43.1344293615695,0.6135735292894087,Gamma,5000,True,0.024953028870660504,0.019895870243684298,1.9281110041902139e-10
494,FKML,pyGLAM,0.20483859999876586,1.4760409546817768,0.974074123368081,0.8109814795378597,-0.027441558390751315,Gamma,5000,True,0.01927146468309149,0.009738707067916665,7.049714930040807e-06
494,RS,pyGLAM,0.28600189999997383,4.62309656850441,0.22524781216732875,45.83885803292902,0.6125422327078379,Gamma,5000,True,0.029580100773601625,0.020025821422482142,1.157821394315306e-09
495,FKML,pyGLAM,0.2331583999985014,1.508818944585014,0.9635739918075611,0.78647487746071,-0.014729366024756984,Gamma,5000,True,0.015911953833716515,0.006260436141012316,7.170941930922936e-06
495,RS,pyGLAM,0.21574649999820394,0.9201117024074764,0.028497666113116094,0.00623284302156047,0.03781075187166217,Gamma,5000,True,0.01524343590358446,0.009197271007929761,1.6740292529959788e-07
496,FKML,pyGLAM,0.21026619999975082,1.4972663718185883,0.9469605034854273,0.8424027964805572,-0.030962788332125575,Gamma,5000,True,0.02530568072987824,0.005507125177804479,4.7116391055368467e-07
496,RS,pyGLAM,0.2623851000025752,4.832920349827028,0.21584383149401887,47.74652436577204,0.589841282114796,Gamma,5000,True,0.029142200955023623,0.020574457871646936,3.9031000653722e-09
497,FKML,pyGLAM,0.22401689999969676,1.428870679922987,0.8744595611572024,1.0196164238536298,0.024162508276797008,Gamma,5000,True,0.03857476065720484,0.009078015149506822,7.180451722987868e-06
497,RS,pyGLAM,0.22616520000156015,4.020924508298907,0.25997241987672104,25.18453962912978,0.7575445689993979,Gamma,5000,True,0.0266782392886018,0.01797723195688387,2.65093599288117e-12
498,FKML,pyGLAM,0.20878100000118138,1.457697999536458,0.8716199712340955,0.9861434755586516,0.009458036211126846,Gamma,5000,True,0.035675947853743215,0.00911782016925279,0.018119828304294927
498,RS,pyGLAM,0.22626730000047246,0.7736595237231313,0.045165065767345684,0.0072475148960986,0.06756278391233747,Gamma,5000,True,0.010690142960171178,0.0051658710546299185,1.6055574647566573e-09
499,FKML,pyGLAM,0.22348860000056447,1.3838509913572106,0.8294896030688801,1.1888741895709465,0.022940387969440448,Gamma,5000,True,0.053647149211432765,0.011395586237222631,4.591725470959318e-07
499,RS,pyGLAM,0.2615028000000166,4.216726417932763,0.24881126974920628,25.7427815443827,0.7063347073696652,Gamma,5000,True,0.02477682993430419,0.01750160701225728,2.38839170663141e-10
500,FKML,pyGLAM,0.06278410000231816,0.2436057967488124,6.946216661471791,0.643761901548443,0.18693968582752982,Beta,1000,True,0.02226958719041211,0.016766128699197105,1.0978556442609033e-05
500,RS,pyGLAM,0.10681269999986398,0.12982507724617331,1.3839039800730513,0.03865122859399181,0.31808389520897656,Beta,1000,True,0.025180284303762734,0.01611134672989459,6.469777456877657e-07
501,FKML,pyGLAM,0.05506009999953676,0.25524450385452085,6.8630415215273475,0.6444382867590417,0.18650573674757384,Beta,1000,True,0.013950405217253617,0.007314357215531055,1.854911779730628e-10
501,RS,pyGLAM,0.11691439999776776,0.14013640025979504,1.3652616873837353,0.03855065151123437,0.31745573753332357,Beta,1000,True,0.01828991793106205,0.008388356879970114,5.726836275080643e-08
502,FKML,pyGLAM,0.05445110000073328,0.26046812228672445,7.482387746204862,0.5349662205863212,0.12520498858252743,Beta,1000,True,0.017581290520758575,0.012395607172915362,1.1228334182793872e-06
502,RS,pyGLAM,0.1782255999969493,0.16465228761494216,1.1838937607970472,0.043556480621131856,0.23871601877952975,Beta,1000,True,0.027242454222769164,0.013986205584639562,6.339389546449459e-08
503,FKML,pyGLAM,0.05674839999846881,0.24674128812784427,7.354035833512735,0.6112894629997567,0.1303453527428077,Beta,1000,True,0.010613237990614473,0.009200021312759661,1.07239017665961e-09
503,RS,pyGLAM,0.1599906999981613,0.14685185441661663,1.1791739786603868,0.03651332510982317,0.2427955595517045,Beta,1000,True,0.019452986088642432,0.011810963140968366,0.00013645769172177032
504,FKML,pyGLAM,0.0635392000003776,0.2478712547148017,6.532715294024365,0.6485806115101829,0.18385567930227875,Beta,1000,True,0.025944418872989455,0.013743621746316744,1.712719965851761e-10
504,RS,pyGLAM,0.08532170000034967,0.12726184434517362,1.2874249874558936,0.03793365867282765,0.31364623281511533,Beta,1000,True,0.01740346266580639,0.013568106391597693,0.00016412540347536642
505,FKML,pyGLAM,0.05943029999980354,0.252686604203421,7.28491663671248,0.5629341139397522,0.14375311632770238,Beta,1000,True,0.005693023824761556,0.0027804018663750334,1.783058145576888e-10
505,RS,pyGLAM,0.08340909999969881,0.15106431904337278,1.2482935877544425,0.04319891749108289,0.2633449823837454,Beta,1000,True,0.00931821219457274,0.006421693802116363,9.479668001064155e-05
506,FKML,pyGLAM,0.05548890000136453,0.2401991864589876,7.494072361912546,0.6105325698559236,0.1495183283630169,Beta,1000,True,0.02957206774042387,0.024818024174339398,1.1299661206720657e-10
506,RS,pyGLAM,0.16518789999827277,0.13972736551811613,1.3068611407841595,0.0387848166618566,0.2691394398542665,Beta,1000,True,0.03779202712838625,0.02492851074837353,1.9251193508880288e-07
507,FKML,pyGLAM,0.05526509999981499,0.25125594854228644,7.078343611370078,0.5488230103199467,0.1820539150681522,Beta,1000,True,0.021067422261998092,0.011856529516026339,2.769326989948695e-10
507,RS,pyGLAM,0.0860709999979008,0.14236183392434468,1.404778501565103,0.04995178418218097,0.316320999442557,Beta,1000,True,0.014595879361561315,0.011767564252056195,1.5170330204704358e-05
508,FKML,pyGLAM,0.06562510000003385,0.2611258212826948,6.9391014797414154,0.5786512928956034,0.20304512391658464,Beta,1000,True,0.01791863444882713,0.009879720941661984,1.3377121632629496e-10
508,RS,pyGLAM,0.09140349999870523,0.14645921674575732,1.4662420411273556,0.04788571753408287,0.34339255439754346,Beta,1000,True,0.014919148394930914,0.011028824977758487,1.856131946614396e-09
509,FKML,pyGLAM,0.05562669999926584,0.24168416726721784,7.190120630946313,0.7104747313360632,0.13758161283180398,Beta,1000,True,0.029215577822267063,0.013831373628817163,1.6511991773882073e-10
509,RS,pyGLAM,0.14605069999743137,0.13805430515534617,1.1762018807751426,0.0292480148874907,0.2476145831738961,Beta,1000,True,0.02445011094171945,0.015653593340597304,9.383326865565937e-07
510,FKML,pyGLAM,0.05988149999757297,0.2496978556126633,6.8747797492093285,0.6760678707914642,0.18591621845360506,Beta,1000,True,0.017851014016618687,0.004185786207147785,1.1556666734691134e-10
510,RS,pyGLAM,0.08777589999954216,0.1346623860721609,1.3600173106553761,0.0353493487277335,0.3147094358205942,Beta,1000,True,0.01684890662739466,0.00654592998455622,2.1002903553386322e-06
511,FKML,pyGLAM,0.058930299997882685,0.2555582510072484,7.301300423117763,0.5588978574223392,0.14204468598288159,Beta,1000,True,0.006557755451727654,0.0036676767752583414,3.0855655808181837e-09
511,RS,pyGLAM,0.16033059999972465,0.1544929872512901,1.24273898424228,0.04342518017932595,0.26114870699531073,Beta,1000,True,0.015024663386286635,0.0066661523662279116,6.346869609011975e-05
512,FKML,pyGLAM,0.0666821999984677,0.2459403304883647,7.229788372826954,0.5960627519510034,0.13481570829680473,Beta,1000,True,0.015994510107389837,0.010620514638486836,1.8227401202830507e-06
512,RS,pyGLAM,0.11142219999965164,0.14396853691418793,1.1857815283225945,0.03850706858845621,0.24964022288183427,Beta,1000,True,0.020744517974883636,0.011501342628016137,0.00012402323762010292
513,FKML,pyGLAM,0.05182309999872814,0.24372030009598578,7.533268655673318,0.6437113873986051,0.14196824064219152,Beta,1000,True,0.022639402627129046,0.01862836319694116,6.328861879012493e-10
513,RS,pyGLAM,0.17396569999982603,0.14437316360821426,1.2669744814226864,0.03488872007274322,0.25714191798233554,Beta,1000,True,0.02941150838845441,0.0209327044424864,0.00011590066704906494
514,FKML,pyGLAM,0.05038530000092578,0.26014717322310243,7.498348798666866,0.5264322919073797,0.11795104173307407,Beta,1000,True,0.0165242509219653,0.012185938478476677,1.1115166564934498e-09
514,RS,pyGLAM,0.153661699998338,0.16571610139018614,1.1461484702869402,0.0432479134959288,0.22891764126932243,Beta,1000,True,0.025205173591889785,0.01406758706945468,3.779534121765606e-07
515,FKML,pyGLAM,0.06769829999757349,0.2550125662768176,6.8679360783862915,0.6053626940738372,0.14463517838033255,Beta,1000,True,0.015913717996562826,0.013606818375236918,2.2810387617644423e-06
515,RS,pyGLAM,0.15564230000018142,0.14613913566823084,1.1743733921671364,0.03876182757352524,0.2627009407242178,Beta,1000,True,0.015779700639217964,0.013223297659765829,6.293153520329805e-06
516,FKML,pyGLAM,0.06098349999956554,0.2684303124128326,7.037522920739924,0.5412890378058343,0.1607464231727433,Beta,1000,True,0.03486970710070714,0.02490280500443678,3.143747711487066e-06
516,RS,pyGLAM,0.11428739999973914,0.16179312791462738,1.295191630115544,0.0482465183046925,0.2874961406424416,Beta,1000,True,0.028865352310841946,0.02678457661598664,0.00017825415146738256
517,FKML,pyGLAM,0.06984379999994417,0.25331805533343965,8.000833711374387,0.5107310655975139,0.13584964260635757,Beta,1000,True,0.02256370971301913,0.015533045781339566,4.884608948430014e-07
517,RS,pyGLAM,0.19032209999932093,0.16339178562429188,1.3346111880199523,0.04838857939405148,0.2540979001380654,Beta,1000,True,0.02348600530664227,0.019684773376760903,5.875437913971382e-10
518,FKML,pyGLAM,0.06367679999675602,0.25212424238869713,6.616569283970279,0.675182819984802,0.19620333714010627,Beta,1000,True,0.012093483363670724,0.007467940878232057,1.663446999922158e-05
518,RS,pyGLAM,0.09128210000199033,0.1312122694420224,1.3531851756168434,0.03601455554043606,0.32849270577333567,Beta,1000,True,0.009578614324289192,0.006998052203038453,4.633862724467996e-05
519,FKML,pyGLAM,0.05322040000100969,0.2561767281919463,7.697042469663996,0.5331100487670916,0.15459715378185682,Beta,1000,True,0.014636864598872479,0.011867112873313126,1.6801066440308432e-06
519,RS,pyGLAM,0.1209586999975727,0.1596763531241438,1.3848439233271985,0.048466219848138786,0.2793230261537296,Beta,1000,True,0.02399833452106584,0.014695899569469324,1.6976952177394367e-08
520,FKML,pyGLAM,1.2618992999996408,0.24979282208504033,7.048092830624163,0.5933215498256815,0.15363402370820914,Beta,1000,True,0.013846130785140992,0.005526245478655077,4.105417450439575e-09
520,RS,pyGLAM,0.10242809999908786,0.1427225383150044,1.252615126214165,0.041042114919582436,0.2755988400141186,Beta,1000,True,0.012349338672378696,0.0075221252295418995,1.0948252993647932e-05
521,FKML,pyGLAM,0.04860670000198297,0.26007046435465353,7.349531948746432,0.5354743624842493,0.16685580765633917,Beta,1000,True,0.013889594672971572,0.007880729116417077,3.2121947925225597e-06
521,RS,pyGLAM,0.08381369999915478,0.15747319255502645,1.3852324589725316,0.04990281183757176,0.2960580138837766,Beta,1000,True,0.01917554255015838,0.007819120177547842,2.0373207453335512e-07
522,FKML,pyGLAM,0.0560369000013452,0.24975242838698658,6.5546000464859135,0.6841031880264898,0.18968949292449092,Beta,1000,True,0.01299235996303294,0.009427695640861268,3.3827063372626753e-10
522,RS,pyGLAM,0.09380659999806085,0.1285596582334933,1.3116889330435522,0.0348043941179516,0.3192323239810115,Beta,1000,True,0.010743357426069022,0.008171816735062482,5.394563947787434e-07
523,FKML,pyGLAM,0.046155699998053024,0.24889993898815552,6.923775447825468,0.6516351923694054,0.1683524095679331,Beta,1000,True,0.011742395161792705,0.003746315347142702,5.730926844194073e-10
523,RS,pyGLAM,0.08297809999930905,0.1371276405964077,1.2920329342650334,0.036482929104965874,0.292570188948649,Beta,1000,True,0.010951673158167877,0.006750884441188704,2.734634094195678e-06
524,FKML,pyGLAM,0.06541019999713171,0.2528785116088089,6.826904752781261,0.62013983563743,0.18080276714951665,Beta,1000,True,0.009549574435259722,0.005832997789891328,1.423553497303942e-10
524,RS,pyGLAM,0.10630139999921084,0.1382159700349147,1.336323251094765,0.040747940546060665,0.3111853774071024,Beta,1000,True,0.007726999615391571,0.005529014664938988,9.796592970334707e-07
525,FKML,pyGLAM,0.05084830000123475,0.24897348755002,6.865444668027264,0.6470978033122455,0.20750669311997552,Beta,1000,True,0.01149938016792934,0.009952613643415459,4.896179318092386e-06
525,RS,pyGLAM,0.10794410000016796,0.13119887784800505,1.4576376155298745,0.03960628847014246,0.34534967330131794,Beta,1000,True,0.013498295780773217,0.01026350456213037,2.3781736973843623e-05
526,FKML,pyGLAM,0.04149680000045919,0.25511904571007465,6.806870941772083,0.6167537439940838,0.1688065949236407,Beta,1000,True,0.013897773119648682,0.010315417219782921,3.818582832493256e-06
526,RS,pyGLAM,0.11461380000037025,0.1417675081315176,1.277863291551821,0.04006481913769503,0.2951205858354995,Beta,1000,True,0.012370619563685903,0.009837017987448987,5.4275751892873814e-08
527,FKML,pyGLAM,0.054202900002565,0.24382582503956984,6.426963860213264,0.7875470040219775,0.21118589054993728,Beta,1000,True,0.02851312227282741,0.007202619448931591,1.7516865735700549e-10
527,RS,pyGLAM,0.08268789999783621,0.11795615654930641,1.3611842016586748,0.026905739665143855,0.34032797780115515,Beta,1000,True,0.016888866725820136,0.008331030203644983,1.7455351123647552e-06
528,FKML,pyGLAM,0.04911799999899813,0.2482319456599067,7.190310539572108,0.6207474777455952,0.128001398590143,Beta,1000,True,0.010166225273753651,0.0058487953622810215,2.38211184111492e-09
528,RS,pyGLAM,0.1539993999977014,0.14627069482098798,1.1387912637299564,0.03538573042464113,0.2391313356318433,Beta,1000,True,0.013233298435490148,0.010094624163315993,0.00013630097673168875
529,FKML,pyGLAM,0.04655369999818504,0.24792329249816064,6.931439838370513,0.615596044987528,0.1824678286875861,Beta,1000,True,0.017695606265143826,0.01000929258556223,9.949063173309014e-08
529,RS,pyGLAM,0.09127710000029765,0.13484966542995122,1.3652125818192475,0.0414023778769257,0.31367938211523727,Beta,1000,True,0.016865003313985105,0.009717497915428511,2.1563634179599944e-05
530,FKML,pyGLAM,0.05004430000190041,0.23846512460387384,6.5418864099317355,0.7343108463088067,0.20039494084381526,Beta,1000,True,0.031366119987234764,0.016767783104918346,8.137614360137491e-07
530,RS,pyGLAM,0.10567789999913657,0.11570783795452087,1.3474519280311135,0.03082623032249325,0.33003110353450055,Beta,1000,True,0.030670147974451,0.015439883297821904,1.0251338432659357e-06
531,FKML,pyGLAM,0.05984360000002198,0.24734486637909678,6.681009866110006,0.665719793178182,0.19792459116957078,Beta,1000,True,0.01781511735994845,0.007132678454264262,1.4030199224634998e-10
531,RS,pyGLAM,0.0909231000005093,0.12742133122748348,1.3751145722751161,0.03706510247020137,0.33138282299536764,Beta,1000,True,0.015310395866025395,0.007372802340687753,3.6638739274215924e-05
532,FKML,pyGLAM,0.06203090000053635,0.24773675211925397,6.784126471543949,0.6421351365926573,0.19332747211492937,Beta,1000,True,0.017970840724181314,0.008571121398469042,1.931649825825943e-05
532,RS,pyGLAM,0.08509390000108397,0.1304176433545584,1.3800684856778926,0.03926412997326853,0.3267530411121227,Beta,1000,True,0.01592339379097424,0.008099228372955852,5.457629496516781e-06
533,FKML,pyGLAM,0.04844859999866458,0.2630663621940094,7.162170752181706,0.5779443059710868,0.18484869971530218,Beta,1000,True,0.022666394558438385,0.014905694036907299,1.0434154486101857e-07
533,RS,pyGLAM,0.0928405999984534,0.15415577921499365,1.4289553551654663,0.04623615961791164,0.3188604566246627,Beta,1000,True,0.029233635807924596,0.015244775360343717,1.7179662323840716e-06
534,FKML,pyGLAM,0.40015499999935855,0.2625629095602621,6.723260102764404,0.5730814015935394,0.1824377048409791,Beta,1000,True,0.026953575405601837,0.018671024770474384,1.3501621805249737e-10
534,RS,pyGLAM,0.08234200000151759,0.1469999732311798,1.3315047392154753,0.04662900517166814,0.31581829868597383,Beta,1000,True,0.021919816481114296,0.01850284895541267,4.0797475987801733e-07
535,FKML,pyGLAM,0.06300460000056773,0.2436567894498725,6.760290692257437,0.7280118834631825,0.18532207821956295,Beta,1000,True,0.022675194995518705,0.00956717617267369,1.5837203006796585e-06
535,RS,pyGLAM,0.11099760000070091,0.12681028459967178,1.3274652162234073,0.03075353883614446,0.3105685483541487,Beta,1000,True,0.01788185522119029,0.009924899789450575,1.4207045617720127e-07
536,FKML,pyGLAM,0.07264030000078492,0.2456731892235264,5.965947985975432,0.8063171956994625,0.22633788084435855,Beta,1000,True,0.020779315817068267,0.017422356784779193,7.200874647735212e-06
536,RS,pyGLAM,0.25666310000087833,0.1082617482421675,1.31697862103088,0.025725562908873303,0.3584058302786074,Beta,1000,True,0.02043614991889675,0.01463315948352651,1.6832634058906183e-05
537,FKML,pyGLAM,0.05474069999763742,0.2516880118880886,6.348296702999701,0.7108456562356207,0.22401222084362313,Beta,1000,True,0.014349698295731295,0.009888353333967268,5.328810726012989e-10
537,RS,pyGLAM,0.08814820000043255,0.12189945279297809,1.403097384901745,0.03371241840754457,0.3626018086484618,Beta,1000,True,0.012883860834669636,0.008257054099247544,0.00011012553958507987
538,FKML,pyGLAM,0.05503270000190241,0.24714147034947667,6.83942134977631,0.6777744341977644,0.1846226979668908,Beta,1000,True,0.014712929173399579,0.006843806825266975,2.0960899682620493e-10
538,RS,pyGLAM,0.10753029999978025,0.13167375646720064,1.3468914382027601,0.035111077556765534,0.31287327250006397,Beta,1000,True,0.013737073927662713,0.007553418296127066,9.243450988001427e-05
539,FKML,pyGLAM,0.07029749999855994,0.2518663187606733,6.952359577825657,0.6186686772780018,0.19359392515678767,Beta,1000,True,0.007321586077597808,0.005186714059824437,2.5869236086606406e-07
539,RS,pyGLAM,0.10864769999898272,0.13766800366337523,1.419464835663743,0.04194080575979279,0.3285045717576552,Beta,1000,True,0.008222424810077067,0.00646876639373443,7.558779984763544e-06
540,FKML,pyGLAM,0.06058699999994133,0.24846012345535,7.265930515471015,0.5976961164637777,0.16432257524158755,Beta,1000,True,0.011789665141538785,0.010942193090382532,1.2044679698064442e-09
540,RS,pyGLAM,0.10061490000225604,0.1431589034858934,1.3449489325206083,0.04172191268826627,0.28999357870613185,Beta,1000,True,0.01806523365349022,0.01247800209129829,5.894878399813287e-05
541,FKML,pyGLAM,0.05789140000342741,0.25393389530792043,7.007309717778417,0.6340139908871787,0.14512073412195003,Beta,1000,True,0.014101950413019803,0.010553521576905386,6.529874418959025e-10
541,RS,pyGLAM,0.15368260000104783,0.14678365581367767,1.1960786197153428,0.036070952198143706,0.26194702106960605,Beta,1000,True,0.020235583050850964,0.011476612204965438,9.672221800586009e-06
542,FKML,pyGLAM,0.052036799999768846,0.2427852017256774,6.469795798141642,0.7305138015590246,0.19836929425452196,Beta,1000,True,0.023601792529740262,0.009750364864247947,5.004481273829242e-10
542,RS,pyGLAM,0.10105000000112341,0.11891118027969086,1.3247363062043056,0.031072200968263963,0.3276295739775833,Beta,1000,True,0.020900428908643964,0.01013479691596988,1.2999369615292435e-06
543,FKML,pyGLAM,0.0619912000001932,0.26427382715117353,7.575667706150454,0.540545260772851,0.1778469180233397,Beta,1000,True,0.027629533593506006,0.018725253331681263,3.186089148709792e-06
543,RS,pyGLAM,0.1136198999993212,0.1633080454688041,1.4838074762838476,0.0506375738353406,0.3108970228163729,Beta,1000,True,0.03837153178675895,0.017693881326271487,3.255410502041504e-05
544,FKML,pyGLAM,0.04857629999969504,0.25560096967687956,7.166976174716123,0.5921834026140149,0.1471532983475413,Beta,1000,True,0.009020247591201902,0.007439811044336151,1.389902725852616e-07
544,RS,pyGLAM,0.19396409999899333,0.15117171659959106,1.2407166840544983,0.040411257494097526,0.26676887108055075,Beta,1000,True,0.018718679450656583,0.008712557830468927,5.2724438616294135e-05
545,FKML,pyGLAM,0.07973549999951501,0.251157467069761,6.988155066646175,0.6012350251293077,0.18824898741296422,Beta,1000,True,0.011493345649700837,0.00699237190894682,2.2195389970391943e-10
545,RS,pyGLAM,0.08492029999979422,0.13853819183637756,1.405578534726698,0.04359769165400669,0.32227829346729986,Beta,1000,True,0.010869036097926221,0.007278162479795891,1.6690808277708413e-06
546,FKML,pyGLAM,0.06488220000028377,0.25726595430403426,8.055444238411562,0.4768161523912499,0.16438320757415747,Beta,1000,True,0.02679237752820629,0.018551634856594397,0.0013099542480966603
546,RS,pyGLAM,0.08208449999801815,0.16689878997685478,1.5186497679062532,0.0588489685444466,0.29375152134729543,Beta,1000,True,0.023763522908854418,0.0219716894705836,2.0152484817170374e-05
547,FKML,pyGLAM,0.048547700000199256,0.2619215943956804,6.939163941287928,0.5582933106831479,0.19146675236083152,Beta,1000,True,0.019946769284419297,0.010838111887322487,1.0892029500553235e-09
547,RS,pyGLAM,0.11583389999941573,0.14933768635576994,1.4185034132285155,0.04965178773269612,0.3287132035566175,Beta,1000,True,0.012611915557484976,0.012102713359964505,4.947236726529152e-06
548,FKML,pyGLAM,0.049777200001699384,0.25145561737316174,7.2421336227372155,0.5915316929726423,0.17471376815287906,Beta,1000,True,0.010231680717743386,0.00786274555755051,1.8892384616934748e-08
548,RS,pyGLAM,0.0865029999986291,0.1446444498969778,1.3931884466240856,0.04350462005537473,0.3044363462387827,Beta,1000,True,0.012510016203305385,0.010697262143494219,1.8905384699063887e-05
549,FKML,pyGLAM,0.05341919999773381,0.2591143565986727,6.798120731326884,0.6649731913117427,0.21029699327805285,Beta,1000,True,0.022453798101965506,0.014685276457472607,1.4961443195460333e-10
549,RS,pyGLAM,0.09238120000009076,0.13968442825110347,1.4523340069170148,0.037803982348059345,0.3478568692547873,Beta,1000,True,0.02846312091417591,0.014843668662573662,1.0562237363842542e-05
550,FKML,pyGLAM,0.17138100000011036,0.2562150987382624,6.892222002914911,0.6073304300878435,0.1800171510759967,Beta,5000,True,0.011915592918034568,0.006832931530707007,2.9260927014718163e-10
550,RS,pyGLAM,0.2034693999994488,0.1429559307714539,1.3475586493489204,0.04213947720564049,0.3108236355604935,Beta,5000,True,0.011271242232570505,0.00785009764942784,0.00019127730051535715
551,FKML,pyGLAM,0.16887869999845861,0.25011637945841614,6.9538189191677935,0.6323743370266143,0.17808948104089184,Beta,5000,True,0.008624808182439134,0.004413941381185682,2.6399016306299927e-10
551,RS,pyGLAM,0.20715009999912581,0.13773077653157687,1.346526684258981,0.03919475613080138,0.30682969877675886,Beta,5000,True,0.010186566959237586,0.005887107576979978,2.172105776742787e-07
552,FKML,pyGLAM,0.1692884000003687,0.2523280273368131,6.812121715038042,0.6466934896605824,0.19314457816917768,Beta,5000,True,0.010355125823411866,0.004199593129716767,1.057056664421907e-10
552,RS,pyGLAM,0.23543429999699583,0.13547169629576522,1.384205874471834,0.03876236317470553,0.32621879354138567,Beta,5000,True,0.010748899041042856,0.004871568976533352,8.48366775031814e-06
553,FKML,pyGLAM,0.17847700000129407,0.25175492912654307,7.207380848980061,0.5868772348659812,0.1625938009153865,Beta,5000,True,0.005639445903568796,0.0047187180419959,3.1452058354548413e-09
553,RS,pyGLAM,0.19990949999919394,0.14604563790168099,1.3274337357901747,0.042771024418727585,0.2881539641850245,Beta,5000,True,0.010355907276748622,0.007227681356511102,3.443549800863366e-08
554,FKML,pyGLAM,0.20820610000009765,0.25682274262738986,6.933523241660951,0.5898095128426095,0.18737849871548984,Beta,5000,True,0.010915294062590175,0.005829582857997418,4.32335500732961e-10
554,RS,pyGLAM,0.2423997000005329,0.1436874662948815,1.3927040663880101,0.04494679520658495,0.32170087263176317,Beta,5000,True,0.009124007700528042,0.00615673117269613,2.9969122872370767e-06
555,FKML,pyGLAM,0.17245030000049155,0.25669035232123316,6.977196027224307,0.5890570930400472,0.18385676986360178,Beta,5000,True,0.010240293331721939,0.005307660200733014,2.7306564396312183e-06
555,RS,pyGLAM,0.23244660000273143,0.14472160441416854,1.385395207325048,0.04470681833644716,0.31697362642862575,Beta,5000,True,0.010660069046749154,0.005976693290788465,2.2271662279082345e-06
556,FKML,pyGLAM,0.182678199998918,0.2549902869262348,7.052411039824835,0.6056168106581075,0.17198871947079047,Beta,5000,True,0.0083427750397362,0.004307455887740619,1.6916779088660405e-10
556,RS,pyGLAM,0.2352995999972336,0.14536193876950942,1.3411621618627885,0.041593075161080684,0.30002673474329483,Beta,5000,True,0.015463392218004093,0.00558406300345281,1.7724231873088338e-05
557,FKML,pyGLAM,0.18662010000116425,0.25602417427505814,6.938978346778002,0.6177544874432372,0.17321006807126182,Beta,5000,True,0.011676396979274806,0.007806276268566833,2.1465818939128894e-05
557,RS,pyGLAM,0.20323060000009718,0.1442332539659802,1.3232178766823688,0.04035526434150975,0.30104336272379933,Beta,5000,True,0.016109996246103944,0.009027974411965047,0.0001359899287011902
558,FKML,pyGLAM,0.194546700000501,0.2519306164728075,6.8719058481467155,0.639081086913788,0.18616160594035708,Beta,5000,True,0.009672378297741927,0.0036196028186141305,1.589510745247935e-10
558,RS,pyGLAM,0.20695720000003348,0.1370699929375122,1.366306096173637,0.03909468636082658,0.3173143536077729,Beta,5000,True,0.010606833223516077,0.00490175016636216,5.076252311391607e-05
559,FKML,pyGLAM,0.19435359999988577,0.24586968121033947,6.76473165104301,0.6671095895045207,0.18687373530914328,Beta,5000,True,0.018091348868849583,0.008633301306003193,9.78169198972978e-08
559,RS,pyGLAM,0.22735839999950258,0.1288689944579506,1.3437491417077818,0.0362715660164929,0.3165542123950503,Beta,5000,True,0.01762617089517815,0.00837734279018145,0.00011927704337517173
560,FKML,pyGLAM,0.1729345000021567,0.2574074397816686,7.181395356991343,0.5591219523857796,0.1676493482197561,Beta,5000,True,0.00955540750544881,0.004681376871630441,0.0004545488772405739
560,RS,pyGLAM,0.22237440000026254,0.1514689262914407,1.3532194764696073,0.04677913287050544,0.2962778993619438,Beta,5000,True,0.013134155620501325,0.005527254253276668,1.2855291911028816e-07
561,FKML,pyGLAM,0.19226160000107484,0.25505105183101145,6.810131470416375,0.6187586619210096,0.19352915185993716,Beta,5000,True,0.009987644235580406,0.0057714243533594205,9.979561621520361e-11
561,RS,pyGLAM,0.21313290000034613,0.13847467280103526,1.3901281208334395,0.041925260280147175,0.32841221497909984,Beta,5000,True,0.008041115320569572,0.005485106519029459,3.4092495773326663e-06
562,FKML,pyGLAM,0.1786695000009786,0.25557236427475355,7.311380849782486,0.5734800262035964,0.15652915687100782,Beta,5000,True,0.007173680441891421,0.005208812292716465,1.0509997010466066e-06
562,RS,pyGLAM,0.19975160000103642,0.15244082015157884,1.3179526979576757,0.04363031447934471,0.28045966670879113,Beta,5000,True,0.01893986240651674,0.006499781981459422,1.229290271030394e-07
563,FKML,pyGLAM,0.17195250000077067,0.25659354675025786,7.365113801147371,0.5424912894537516,0.16228595195494194,Beta,5000,True,0.006463388348654897,0.004868728455093922,3.694554528532734e-06
563,RS,pyGLAM,0.23375970000051893,0.1544788632278629,1.363315009076567,0.04829792718947203,0.2895577482590166,Beta,5000,True,0.014291110250608419,0.006881648730657687,1.9322932774290535e-05
564,FKML,pyGLAM,0.16388720000031753,0.25253816496585674,6.770937679552278,0.6392537498126992,0.17362314145100707,Beta,5000,True,0.01002193446263644,0.008127950974087968,1.8492141151682517e-10
564,RS,pyGLAM,0.21178890000010142,0.13763830965813037,1.2896858158044888,0.03812305947637409,0.30040340989862735,Beta,5000,True,0.009819983489599449,0.007491519110509978,8.489343355980161e-08
565,FKML,pyGLAM,0.16634010000052513,0.25629623199654905,7.4996819135646415,0.5364830828759962,0.14227624579235454,Beta,5000,True,0.007045642689258058,0.005079763966622616,9.241280015670483e-07
565,RS,pyGLAM,0.21659420000287355,0.15858190266815722,1.2819129358020813,0.04615088200634367,0.26225749189395847,Beta,5000,True,0.018167380781135944,0.00729392489799728,6.794991225855909e-06
566,FKML,pyGLAM,0.16650920000029146,0.2519475239711147,7.001989555594261,0.6036050877296362,0.16619779926069742,Beta,5000,True,0.0084860398557699,0.003457714968368626,2.1437599779794425e-06
566,RS,pyGLAM,0.23073700000168174,0.14231778974870815,1.3041543492175158,0.04125246054101854,0.2922547641636956,Beta,5000,True,0.007947071792312169,0.005376396422349672,4.7465173314773164e-05
567,FKML,pyGLAM,0.1624435000012454,0.2541863821930261,7.014584490653374,0.5957295664351069,0.1781650564131127,Beta,5000,True,0.005230110730698234,0.0035708829961003936,8.74802203920666e-06
567,RS,pyGLAM,0.21143300000039744,0.14337557574494506,1.3649872799573737,0.0433377468429918,0.3089228917848866,Beta,5000,True,0.00917280047326767,0.00426879965859867,1.275063204121219e-06
568,FKML,pyGLAM,0.16295489999902202,0.253216031735048,7.172446554129969,0.5835322373613301,0.16135464230697552,Beta,5000,True,0.0043501180592635845,0.0026039723949378636,9.31387273417761e-09
568,RS,pyGLAM,0.21325179999985266,0.14722408466176798,1.3153048357849468,0.043020630947758445,0.2866157809474677,Beta,5000,True,0.010956747638321315,0.005251516534229199,0.0001522055314235028
569,FKML,pyGLAM,0.16563139999925625,0.256355717416135,7.069841163276223,0.5673666947851532,0.1727021693399877,Beta,5000,True,0.008520219575789523,0.004735713572266188,1.5088829847431468e-09
569,RS,pyGLAM,0.23347389999980805,0.14783021701005256,1.3548448629412408,0.046305791727999805,0.3028295373921963,Beta,5000,True,0.009233355614215864,0.004671444531644619,4.563180317038567e-06
570,FKML,pyGLAM,0.1813994999974966,0.24871538286070766,6.958259523207623,0.6145173181090768,0.17371512862173313,Beta,5000,True,0.015060341865437976,0.007271654912679351,3.799977615792649e-06
570,RS,pyGLAM,0.2086471000002348,0.13722081169477823,1.3298484554603671,0.04075669818158216,0.3019012205229293,Beta,5000,True,0.014471106340672113,0.00731102910675516,7.397450076385659e-05
571,FKML,pyGLAM,0.16801970000233268,0.25638557126625094,7.073332805789942,0.5823816289579371,0.1689030348307674,Beta,5000,True,0.009447446489456945,0.004706759177635607,4.13481270467031e-06
571,RS,pyGLAM,0.21393150000221794,0.14797487315620253,1.3343766468692069,0.04399710048679413,0.2969754403744249,Beta,5000,True,0.012837338298276685,0.006219616800292843,5.8430591503457845e-06
572,FKML,pyGLAM,0.167827599998418,0.25256783579439696,7.015480007181635,0.6048119043852431,0.16915601012616788,Beta,5000,True,0.00630792872906219,0.002962922134583739,1.1848056368656116e-09
572,RS,pyGLAM,0.2264610000020184,0.14274273000139628,1.320707405566753,0.04141033044104346,0.29621807761225555,Beta,5000,True,0.008813976053827527,0.004991197927307456,4.452410179319919e-05
573,FKML,pyGLAM,0.16760490000160644,0.25195444530323224,7.152861198409695,0.5873514866513018,0.16608734457140498,Beta,5000,True,0.0065126247691071615,0.004272770417255396,2.4097940471978774e-06
573,RS,pyGLAM,0.20207510000182083,0.1449853804963597,1.3346224278833372,0.043098154558388384,0.2929010864618094,Beta,5000,True,0.009489633169898815,0.006237464736638796,6.073382323306146e-08
574,FKML,pyGLAM,0.17209960000036517,0.24642221186652596,6.738234616790609,0.6839388134256605,0.1815705270633418,Beta,5000,True,0.014520896208530476,0.005817098559521411,1.5993961710591975e-10
574,RS,pyGLAM,0.19743030000245199,0.12961628268602582,1.3124836563307833,0.03435928223454567,0.30840417245679946,Beta,5000,True,0.014430118809808323,0.007524271404337269,0.00010071764450345389
575,FKML,pyGLAM,0.19621990000086953,0.25223228790355773,7.171165292868696,0.5814038918588775,0.1518885612805293,Beta,5000,True,0.006525272007849553,0.002668161039648387,1.2433772927217712e-08
575,RS,pyGLAM,0.2178518000000622,0.1474781989034325,1.2675539365314148,0.04215366264560453,0.27375109904149797,Beta,5000,True,0.008623759039344744,0.0059756341244212394,0.00017143601811068005
576,FKML,pyGLAM,0.1859848999993119,0.25062830568824884,6.9233946746900585,0.6319941900110463,0.15668594602018562,Beta,5000,True,0.008171919342133478,0.006179850207556277,8.403511220222981e-11
576,RS,pyGLAM,0.2137827999977162,0.1406067311410671,1.2390302668588702,0.0373818740420315,0.27782643042090305,Beta,5000,True,0.009049594935725686,0.007521746360470056,8.53867065262443e-05
577,FKML,pyGLAM,0.16568980000010924,0.253507676978945,7.0208036416207245,0.6107366768970875,0.17587506952921508,Beta,5000,True,0.007598675616614279,0.003127816865263769,2.5807449954839967e-08
577,RS,pyGLAM,0.220278299999336,0.14279181618141265,1.3526466685688607,0.04137550879395343,0.30503074486167575,Beta,5000,True,0.012393951938275735,0.004805482325243518,0.0001352487782694422
578,FKML,pyGLAM,0.17424299999765935,0.2543199312695031,6.99716876609876,0.6032560384721577,0.17648526335623446,Beta,5000,True,0.00625436389799594,0.00356685535714013,3.9016778696776555e-10
578,RS,pyGLAM,0.21177239999815356,0.14329042151517088,1.3522888740016608,0.042289236530937115,0.30625297194486756,Beta,5000,True,0.010888431432343068,0.004698660013406069,0.00010624347098806535
579,FKML,pyGLAM,0.15392979999887757,0.2578122149700923,7.338135655089548,0.5397625107144773,0.15284782400340738,Beta,5000,True,0.009708249239070321,0.0046730080210326845,9.388205211013911e-07
579,RS,pyGLAM,0.2353802999969048,0.15654484020061482,1.3097621749976907,0.04732424820205058,0.27670419226537474,Beta,5000,True,0.015565579791406825,0.005760973842316751,0.00012229799939111885
580,FKML,pyGLAM,0.17751320000024862,0.2531615530861526,6.993748540172516,0.6286731961755311,0.16577239914411496,Beta,5000,True,0.011378810702001838,0.004463509726257271,1.3069802400345054e-06
580,RS,pyGLAM,0.22257040000113193,0.14307416238120113,1.2964078691988712,0.03854094651414175,0.2903590724610839,Beta,5000,True,0.015925907107552248,0.00648551236632223,2.3414657486737965e-08
581,FKML,pyGLAM,0.17846840000129305,0.2507374820395641,6.8416939717914875,0.6265040289772617,0.19880038430535302,Beta,5000,True,0.012372412147115486,0.006153863862236962,7.5072059679826e-11
581,RS,pyGLAM,0.24983879999854253,0.13390626384168736,1.418412498321752,0.041405323379923566,0.3350250021254039,Beta,5000,True,0.010384412530975662,0.006110501151500885,9.464952047475789e-06
582,FKML,pyGLAM,0.18175500000143074,0.25953098194456437,7.056124698287485,0.5887700915029395,0.1784692728504674,Beta,5000,True,0.015879381124733305,0.009724200029269686,1.2338796651079065e-10
582,RS,pyGLAM,0.2026408999990963,0.1494938030560255,1.3757649182189728,0.04421529311110067,0.3096816221520406,Beta,5000,True,0.020276115548972545,0.011064469666583874,6.396795760940329e-06
583,FKML,pyGLAM,0.18413890000010724,0.24727327511427652,7.093840408665193,0.6027312835353887,0.15892402811554585,Beta,5000,True,0.016015842053029167,0.009725959639279164,3.1897586222351393e-06
583,RS,pyGLAM,0.21989250000115135,0.1400223288541385,1.2856004721791452,0.0406008843664067,0.282380586570824,Beta,5000,True,0.018148487768457566,0.009464422724428663,4.1179334440395096e-08
584,FKML,pyGLAM,0.18590080000285525,0.24702219177615747,6.671542030722457,0.6999906274538884,0.18655153056754525,Beta,5000,True,0.015612994228984297,0.005823029969277563,1.1632296460728497e-05
584,RS,pyGLAM,0.2234481000014057,0.12836622294156635,1.3191745281874916,0.0331882612252444,0.3140311598022957,Beta,5000,True,0.01195791727364659,0.0071771718477793905,3.3297967995420836e-05
585,FKML,pyGLAM,0.17098400000031688,0.2515724739403373,6.727110420400502,0.6411377722069539,0.19203338754337024,Beta,5000,True,0.011591295510308935,0.005685832371226506,3.1090152674551064e-10
585,RS,pyGLAM,0.19617730000027223,0.13344254501429267,1.3629804125067058,0.03928670284641046,0.3250719939629173,Beta,5000,True,0.0070334775441527695,0.0055381082968089706,8.459587863905438e-06
586,FKML,pyGLAM,0.18716610000046785,0.2501225850348783,6.808828425220522,0.6739245930692931,0.1716069890688856,Beta,5000,True,0.015614719085818077,0.005764885319628651,4.064221403865531e-09
586,RS,pyGLAM,0.2124491000031412,0.1358986695861966,1.2823077920760113,0.03464017863716595,0.29565170347401487,Beta,5000,True,0.014437022832026927,0.007322965008035656,3.8916035120503874e-08
587,FKML,pyGLAM,0.18742829999973765,0.25447772872797647,7.151117610094899,0.5926692190652907,0.1618378728325893,Beta,5000,True,0.007077952313330188,0.003295296787810075,1.4583324956518595e-06
587,RS,pyGLAM,0.189349599997513,0.14790669833947567,1.3122847327375702,0.042024874750030375,0.2868478751120514,Beta,5000,True,0.015262807305503445,0.0055210550750213845,3.2345109368669966e-08
588,FKML,pyGLAM,0.18377920000057202,0.24726996060579945,7.152057855150742,0.6020414721511548,0.15035393516488912,Beta,5000,True,0.014217965536630128,0.00905907758203818,3.2585526952289e-06
588,RS,pyGLAM,0.17814759999964735,0.14202142100811815,1.2529157691530675,0.039745046679640086,0.27069589227674795,Beta,5000,True,0.017950197736595896,0.009487372696243552,5.475291331435983e-10
589,FKML,pyGLAM,0.18159310000191908,0.2541729670590136,6.926823835442954,0.6161559325551099,0.16507372808862897,Beta,5000,True,0.009421599483996679,0.006832761717635854,7.699961235577775e-09
589,RS,pyGLAM,0.2198086999997031,0.14328927703220432,1.2827149370474733,0.03978000523192582,0.29007732876310954,Beta,5000,True,0.011605263895681797,0.007393565606979568,4.1382536841716444e-08
590,FKML,pyGLAM,0.1624602000010782,0.2537765247306181,7.213482641930176,0.5931444225286088,0.14852710995364538,Beta,5000,True,0.008283399972852662,0.003411461625367417,1.8126162792952982e-09
590,RS,pyGLAM,0.21330099999977392,0.14982338414773794,1.255702216479476,0.040471385451154696,0.26860991537108625,Beta,5000,True,0.01700116469330927,0.006841077546867345,9.304793227307905e-05
591,FKML,pyGLAM,0.17356799999834038,0.252173841919532,6.872203979046301,0.6255649167663376,0.18009702921699564,Beta,5000,True,0.008009119171846213,0.004062329500601958,2.212683369862134e-10
591,RS,pyGLAM,0.22988119999718037,0.1382790805866001,1.3410523369647707,0.04009020779210754,0.30992746470898347,Beta,5000,True,0.007418424577506508,0.005063477705973157,4.260059998301534e-06
592,FKML,pyGLAM,0.18443370000022696,0.25893584983543805,6.946468234635234,0.5853982424066512,0.17719539002826787,Beta,5000,True,0.016066367437710838,0.009254961875580897,9.224054350553956e-06
592,RS,pyGLAM,0.20331489999807673,0.14740620623053693,1.3490574030279525,0.044503186512554097,0.30811976387874135,Beta,5000,True,0.013447556751264161,0.010923533521505959,8.794725889771371e-07
593,FKML,pyGLAM,0.15666310000233352,0.25397451848338415,6.80223714418542,0.6297080195080753,0.18771608161696735,Beta,5000,True,0.00919443222027816,0.00556227968442245,1.3962117371146832e-05
593,RS,pyGLAM,0.18680619999940973,0.13784801490694415,1.3609535490865792,0.04022983604495151,0.31996426610958084,Beta,5000,True,0.008837263882194621,0.005683549683571619,1.2627963248640273e-05
594,FKML,pyGLAM,0.15495419999933802,0.2477063461773543,6.899816892187272,0.6614421883751621,0.1653861725211205,Beta,5000,True,0.012597537399156528,0.004822718633840066,5.273252945414697e-10
594,RS,pyGLAM,0.20709660000284202,0.13588265244489398,1.2720153550975333,0.035333063621385094,0.2879967132476735,Beta,5000,True,0.012444797961730814,0.00755937998389529,7.106416048757408e-06
595,FKML,pyGLAM,0.14960600000267732,0.25076536957048956,6.970665311530086,0.6257938446777627,0.16663823238897643,Beta,5000,True,0.007932741689823851,0.0032014367971185086,3.3963321044439e-10
595,RS,pyGLAM,0.1742579999990994,0.14023545047838495,1.2967492023186253,0.03891449563723755,0.29168997417159936,Beta,5000,True,0.009344240867511275,0.005920307890715181,2.176291752404598e-07
596,FKML,pyGLAM,0.16348589999688556,0.25131314523329595,7.104382926104135,0.5830946612930673,0.16860275443929656,Beta,5000,True,0.010833055401528457,0.0057166151663038565,1.5245883638701545e-09
596,RS,pyGLAM,0.20095209999999497,0.14339700778836934,1.3386364723726938,0.04387851146850352,0.29653120570091285,Beta,5000,True,0.010920817014453799,0.006259363945699117,7.405614862077621e-06
597,FKML,pyGLAM,0.14661639999758336,0.2558369102756234,7.0499678722087395,0.5902953328704896,0.15996405387920618,Beta,5000,True,0.00995983942969092,0.006431645554634527,7.24161708376414e-09
597,RS,pyGLAM,0.16609750000134227,0.14803159656294276,1.2848997658389292,0.0420881905913117,0.28440017010040014,Beta,5000,True,0.0132819835332533,0.007762455752224711,1.9959466607014186e-05
598,FKML,pyGLAM,0.15130230000067968,0.24911213710805616,6.867542089589566,0.6587965438923613,0.17177120763845294,Beta,5000,True,0.012260143934225564,0.00411766003381624,1.694395734830323e-10
598,RS,pyGLAM,0.16079549999994924,0.13591457775676455,1.2964170761002696,0.036057186713975196,0.2967705557270801,Beta,5000,True,0.01087356901877902,0.006598626712603686,3.5060992285257156e-06
599,FKML,pyGLAM,0.14880069999708212,0.25044858953393606,6.9284086747850955,0.6337889162410715,0.17185791370661857,Beta,5000,True,0.008598351539643232,0.0033137212212599227,2.8816327102276773e-10
599,RS,pyGLAM,0.15153030000146828,0.1384532464550709,1.3122816716119046,0.038539463564125576,0.29832528134660397,Beta,5000,True,0.009042256276974484,0.005777848139882738,6.598274471247834e-08
0,FKML,GLDEX,0.93,-0.0017888402926384,1.55367249782195,0.0855163631849637,0.0699184492266939,Normal,1000,True,0.006205774633461836,0.0060163064671694775,1.8085127201361573e-08
0,RS,GLDEX,2.51,-0.0307652977576243,0.120115395826369,0.0746537251578998,0.0798978732101569,Normal,1000,True,0.006519760391725193,0.006179683203351592,7.1135212921581835e-09
1,FKML,GLDEX,0.71,-0.0105152267085112,1.50514619397636,0.13705460884261,0.137455541157773,Normal,1000,True,0.011071454045901263,0.008040185332572797,1.076507150088446e-08
1,RS,GLDEX,2.2,-0.0095723336453514,0.206588485212613,0.137408216392605,0.137101251983226,Normal,1000,True,0.011077047964458853,0.008035795844274676,6.718761634072826e-09
2,FKML,GLDEX,0.649999999999999,0.0477812193867043,1.50090889278589,0.104327185948875,0.128601696541126,Normal,1000,True,0.018787441778920777,0.011488638981811228,1.0612815098953732e-08
2,RS,GLDEX,2.32,0.100118169112002,0.173223717851654,0.12234204573118,0.108269246203924,Normal,1000,True,0.020179438840066344,0.01146246821392681,9.93241222602137e-09
3,FKML,GLDEX,0.67,0.00338388860464,1.56430733443053,0.0844021289384877,0.102566217118933,Normal,1000,True,0.008847009720079235,0.006337574209583599,5.806435259199404e-09
3,RS,GLDEX,2.22,0.0383890000916412,0.145358657669246,0.0967502609200429,0.0889870296889624,Normal,1000,True,0.009145977149753293,0.006559553273315036,1.1443975078597158e-08
4,FKML,GLDEX,0.619999999999999,-0.0401324475644078,1.40165178130499,0.164062861798376,0.128406351824298,Normal,1000,True,0.01611392528473643,0.010873523228078144,5.811362635763509e-09
4,RS,GLDEX,2.27,-0.131452331760847,0.20146490596962,0.128917610663861,0.158071200679351,Normal,1000,True,0.01770790308992226,0.011345848327066942,7.53218551541692e-09
5,FKML,GLDEX,0.670000000000002,-0.0297828008716895,1.51298956340086,0.158355919762117,0.117283375094518,Normal,1000,True,0.014529981535190917,0.01041232478808449,2.3433659387003352e-08
5,RS,GLDEX,2.36,-0.12321837979443,0.20370961877973,0.119332080051312,0.149315240568603,Normal,1000,True,0.015823356556374235,0.011097699648556707,2.548858968332013e-08
6,FKML,GLDEX,0.699999999999999,-0.0726184655376394,1.35750410789976,0.199662794615354,0.163096908017643,Normal,1000,True,0.02876852150504111,0.017050054691957132,4.977541934181318e-09
6,RS,GLDEX,2.14,-0.187099759635714,0.241828857751926,0.15550389862711,0.200379285058497,Normal,1000,True,0.030798565910800546,0.016832073181705456,6.915468545032333e-09
7,FKML,GLDEX,0.640000000000001,-0.0512686467917642,1.29066345615649,0.229630967378001,0.164417667803952,Normal,1000,True,0.0250344046000332,0.016437539662104993,5.901222918590033e-09
7,RS,GLDEX,2.32,-0.26759202968474,0.240667735319189,0.143381547329414,0.228435280225208,Normal,1000,True,0.026822721332928068,0.01711983103580586,1.6419425569180746e-08
8,FKML,GLDEX,0.73,-0.0332866368567852,1.45456066440775,0.12645042268841,0.117136113800724,Normal,1000,True,0.013031417817436941,0.010609810591922182,5.6502158507498734e-09
8,RS,GLDEX,2.33,-0.05458313197834,0.176925196464035,0.118682330000083,0.124555006485359,Normal,1000,True,0.01359448272904673,0.010699544957931906,7.577201614517315e-09
9,FKML,GLDEX,0.620000000000001,0.0447384123559748,1.3334125869236,0.19963473856099,0.192962469559511,Normal,1000,True,0.023172238551453894,0.01505227118931127,5.258766755389388e-09
9,RS,GLDEX,2.24,0.0204780986458484,0.261574451040512,0.190971492885585,0.201359670585107,Normal,1000,True,0.022998686631181653,0.015094840682185716,7.662478921744302e-09
10,FKML,GLDEX,0.73,-0.0401144967472479,1.42272861922341,0.153757525501763,0.124477600778028,Normal,1000,True,0.015267349593292068,0.010353563866594879,8.788170195197426e-09
10,RS,GLDEX,2.36,-0.112377516859428,0.195582808219226,0.126161885063814,0.148453867457376,Normal,1000,True,0.01686450487396568,0.010703486959767956,6.503225513654343e-09
11,FKML,GLDEX,0.780000000000001,0.0133292029735626,1.39429162117058,0.124876979923337,0.157329207246892,Normal,1000,True,0.011038610545372404,0.010134189577742557,1.9292883401966776e-08
11,RS,GLDEX,2.1,0.0954328157759087,0.193903649232253,0.151441608443806,0.12629938529325,Normal,1000,True,0.012271468947224029,0.01034990067840041,1.9536814083176424e-08
12,FKML,GLDEX,0.649999999999999,-0.01296305410143,1.42046117808965,0.151698032904368,0.146737480899604,Normal,1000,True,0.006456179165889919,0.004113596967865976,4.597891400948129e-09
12,RS,GLDEX,2.21,-0.0259819488663389,0.211886506129398,0.146971410218139,0.151354127025318,Normal,1000,True,0.006559745763863756,0.004200604368236322,1.5746043373887693e-08
13,FKML,GLDEX,0.729999999999997,-0.0389694940453433,1.31885842760417,0.211344369976355,0.228447863219983,Normal,1000,True,0.020856775828777818,0.015583766592020883,8.827048284808e-09
13,RS,GLDEX,2.39,0.0353733658912173,0.288542948603208,0.236609161806965,0.201015567466693,Normal,1000,True,0.020387907415938933,0.01571068215234473,7.3153373210590296e-09
14,FKML,GLDEX,0.660000000000004,-0.02618534931552,1.49703650603317,0.126235956729069,0.132521272117607,Normal,1000,True,0.014141160580504741,0.008951570152684305,2.0101215625901905e-08
14,RS,GLDEX,2.26,-0.0118004679885759,0.193573568880196,0.131478899583053,0.127115168394185,Normal,1000,True,0.014044599137461034,0.00895946000253039,1.504539945340226e-08
15,FKML,GLDEX,0.659999999999997,0.0958094531579077,1.46969171787297,0.0767678590185955,0.162218547299708,Normal,1000,True,0.03292849426237143,0.02044656325991136,8.45900102741659e-09
15,RS,GLDEX,5.36000000000001,0.268523614079685,0.157816221089499,0.127330213889283,0.0850214358564629,Normal,1000,True,0.03828461272529804,0.020796694966859836,1.588000397845235e-08
16,FKML,GLDEX,1.51,0.0414803755310395,1.40633343184051,0.138675876526,0.173164707604294,Normal,1000,True,0.015360414013266155,0.00910067062016145,1.2036892815814326e-08
16,RS,GLDEX,4.15,0.133513778636883,0.21581931047097,0.169082687850156,0.137402629460459,Normal,1000,True,0.017352115806343216,0.009404174204766164,8.685978411255598e-09
17,FKML,GLDEX,1.01,0.0210535837254053,1.53018578616909,0.0774776074957455,0.105441450086997,Normal,1000,True,0.00844669752529903,0.006329436556751089,1.06289416712535e-08
17,RS,GLDEX,4.33000000000001,0.0754727973657147,0.137927565764122,0.0957302021926225,0.0842981720670195,Normal,1000,True,0.009911726134485654,0.0067291573234159845,7.854710840082824e-09
18,FKML,GLDEX,1.38999999999999,-0.0013291605923296,1.41289119642724,0.182599325350479,0.172207788472799,Normal,1000,True,0.0050208219675765275,0.004104748203436084,6.8800804514320095e-09
18,RS,GLDEX,4.41,-0.0329456433332284,0.250278828510691,0.170721210408097,0.183525059088031,Normal,1000,True,0.0053351473512354,0.004178403034098535,6.34746594658598e-09
19,FKML,GLDEX,1.31999999999999,-0.0292906927456048,1.48543353650214,0.130560924317324,0.100837811700162,Normal,1000,True,0.010184955634964021,0.007001011300265228,1.3023276160689592e-08
19,RS,GLDEX,4.86,-0.0935740177129592,0.169535174391539,0.105519938782407,0.122425490124713,Normal,1000,True,0.012095782385569076,0.007317203531189263,1.3828050371422762e-08
20,FKML,GLDEX,0.96,0.0384795225412259,1.41008888285063,0.158050422946974,0.155274229154196,Normal,1000,True,0.01649064022172886,0.012193301596552785,7.845412763884951e-09
20,RS,GLDEX,2.54,0.0308749426519495,0.220884637466131,0.155303454667926,0.157985510122969,Normal,1000,True,0.01635298247333694,0.01220227908937776,2.9156527896156557e-09
21,FKML,GLDEX,0.6,-0.0344617547622314,1.50689815483612,0.123168421496804,0.104795325855799,Normal,1000,True,0.014363719932101948,0.008441962939446405,5.29277438543474e-09
21,RS,GLDEX,2.2,-0.0737312586512556,0.170854030531975,0.108121991116924,0.118518721354114,Normal,1000,True,0.015281677657652315,0.008439328606521117,3.010261331870545e-09
22,FKML,GLDEX,0.72,-0.0125692652076608,1.44329596032848,0.138790312229325,0.120724139464935,Normal,1000,True,0.005043462942439403,0.005429327911736368,3.1245637188703768e-09
22,RS,GLDEX,2.3,-0.0553052403002037,0.186397339550968,0.122842744567272,0.135328093628695,Normal,1000,True,0.005692911048142346,0.00573390115793239,1.0262926656741996e-08
23,FKML,GLDEX,0.68,0.0784865538141425,1.38956393193102,0.174035849453431,0.135802999459633,Normal,1000,True,0.035797396424188443,0.03008194098822628,7.256370263881153e-09
23,RS,GLDEX,2.27,-0.0237318183474385,0.21111949442584,0.13446508446378,0.168857522196342,Normal,1000,True,0.034298541124710424,0.030105684529312924,8.295427011972833e-09
24,FKML,GLDEX,0.620000000000001,-0.0141727914903261,1.46826196850936,0.167033415892547,0.118931564398482,Normal,1000,True,0.006747281553300413,0.0054612382896232275,1.4594280006718918e-08
24,RS,GLDEX,2.27,-0.128026663233759,0.203469253090696,0.119839361214658,0.156450715428588,Normal,1000,True,0.008876480047076654,0.006883794419543772,1.4976602180638565e-08
25,FKML,GLDEX,0.640000000000001,0.0349039623338387,1.54826768318207,0.058409087516032,0.0795109754413102,Normal,1000,True,0.013704754885384418,0.013091804366704408,6.7407972537125715e-09
25,RS,GLDEX,2.2,0.0732586570969822,0.105625232808937,0.0711934958434748,0.0651336063173567,Normal,1000,True,0.01497457268219643,0.013357372716270572,5.37946118206456e-09
26,FKML,GLDEX,0.699999999999999,-0.0367181236897202,1.48839269360837,0.151249698758338,0.123655899110585,Normal,1000,True,0.015224783130244779,0.008995897827487586,7.563722905977138e-09
26,RS,GLDEX,2.21,-0.101486094876394,0.202417262080505,0.125525410235662,0.146180607540329,Normal,1000,True,0.0165146640137811,0.009395487833545848,6.5005976692068846e-09
27,FKML,GLDEX,0.699999999999999,0.0125552747831876,1.40452680277356,0.157201978524862,0.183040929794055,Normal,1000,True,0.00400717214859625,0.0032002895151288487,9.067833629805566e-09
27,RS,GLDEX,2.3,0.0874381119105631,0.236802466510907,0.182762615981243,0.154210891845886,Normal,1000,True,0.005537093148049177,0.004137549827935069,5.24307527949297e-09
28,FKML,GLDEX,0.75,0.0363772412059523,1.34999018710307,0.166617096102956,0.193365855030112,Normal,1000,True,0.017527987329585937,0.009785258791470621,1.2441837067556083e-08
28,RS,GLDEX,2.26,0.121364285516201,0.240625112422075,0.194701052583579,0.161569542337502,Normal,1000,True,0.01837166360861542,0.010250545933922925,1.011417035588095e-08
29,FKML,GLDEX,0.669999999999998,-0.0017567346293064,1.43202817099389,0.172765592508592,0.142551752472342,Normal,1000,True,0.004922924245640538,0.004253814081257708,8.597385179391079e-09
29,RS,GLDEX,2.17,-0.0820411023481728,0.223027938649022,0.141277478271113,0.169872954517089,Normal,1000,True,0.0061918368017774145,0.004592639717643725,6.651823214735466e-09
30,FKML,GLDEX,0.649999999999999,0.0309982134308594,1.46486005790761,0.13192592376074,0.175326729181537,Normal,1000,True,0.011293183387103056,0.008231827363282982,1.5519880894321325e-08
30,RS,GLDEX,2.4,0.139527707142441,0.219487416176033,0.168446655902,0.130523459267374,Normal,1000,True,0.01362952814228402,0.00900399259060473,1.1296893837504142e-08
31,FKML,GLDEX,0.740000000000002,-0.0296292474050075,1.54210216944677,0.125976024622847,0.100748280043608,Normal,1000,True,0.015839619995576038,0.008643551558855416,1.1228889399798524e-08
31,RS,GLDEX,2.2,-0.081962400778543,0.173079577874475,0.105108234570612,0.119136027077904,Normal,1000,True,0.016546412483331552,0.009014520214844522,1.061016017175052e-08
32,FKML,GLDEX,0.669999999999995,-0.0315225923346515,1.50807890030579,0.129667815764147,0.139449115053778,Normal,1000,True,0.018596337758908565,0.011213188415202795,1.1156326400856544e-08
32,RS,GLDEX,2.22,-0.0088578377189811,0.202648974023693,0.137969353762899,0.130745399277975,Normal,1000,True,0.018576448429106107,0.011220658466869687,1.719618560066228e-08
33,FKML,GLDEX,0.690000000000005,0.0062427958443129,1.4437563830457,0.149061201656875,0.131406042538171,Normal,1000,True,0.004998672734071619,0.004738495087227136,7.2921881303872404e-09
33,RS,GLDEX,2.34,-0.0373332010232808,0.201585714334356,0.132631935823013,0.146501198555426,Normal,1000,True,0.0056684283099889266,0.004751571925886952,1.0073416142897251e-08
34,FKML,GLDEX,0.640000000000001,-0.0540920124657196,1.37954060912728,0.160569036318354,0.126604802234499,Normal,1000,True,0.024049270580492,0.0167513745009326,1.1003072675208614e-08
34,RS,GLDEX,2.3,-0.141681098001193,0.194983860273868,0.127613860232825,0.15462981807598,Normal,1000,True,0.025172118191910398,0.017327323386193392,8.682138202820155e-09
35,FKML,GLDEX,0.699999999999996,0.0232086086981798,1.4066593793735,0.165854095470611,0.163466723678041,Normal,1000,True,0.010359807985319547,0.007740520954976472,7.605217338669465e-09
35,RS,GLDEX,4.52,0.0163844002054619,0.231603158164869,0.163378218596602,0.165915084916965,Normal,1000,True,0.010256208285684854,0.007754090840504175,6.346294600945157e-09
36,FKML,GLDEX,1.59,0.0548362477247051,1.41293454070368,0.126166097066077,0.146307948006305,Normal,1000,True,0.022513246612166804,0.01564079857014329,8.241993698643313e-09
36,RS,GLDEX,4.86,0.104711527006073,0.191396773153287,0.142898205564081,0.127868659529055,Normal,1000,True,0.02347792846122798,0.01586119317927861,9.47740146962419e-09
37,FKML,GLDEX,1.27,0.012208173768081,1.53478613322681,0.115043008534977,0.146956533418371,Normal,1000,True,0.012143566184094401,0.010500109984328555,2.1896335710474114e-08
37,RS,GLDEX,4.56,0.0827003288677255,0.19815334731139,0.139870020586058,0.117964231203902,Normal,1000,True,0.013496953898223918,0.010773181715622792,1.786036270453896e-08
38,FKML,GLDEX,1.59,-0.0212797677157504,1.42451107191734,0.187891831401365,0.126468245404244,Normal,1000,True,0.005719262351880056,0.0060382471654883115,1.732005682427295e-08
38,RS,GLDEX,4.34,-0.176033777595179,0.213298972931222,0.122727661941083,0.175356318511315,Normal,1000,True,0.008700525763191913,0.008140436997261639,7.125558365572715e-09
39,FKML,GLDEX,0.969999999999999,0.0393856653251042,1.46741892749865,0.118184807847922,0.118196480158047,Normal,1000,True,0.015714619509000216,0.012793408332034871,7.73307095117972e-09
39,RS,GLDEX,4.44,0.039411805162781,0.173435187238239,0.118194168522578,0.118187120094271,Normal,1000,True,0.015715412278623386,0.012793412555580311,1.3459058317805424e-08
40,FKML,GLDEX,0.9,-0.0091908444367788,1.53815054017026,0.0956951594499337,0.104169655598744,Normal,1000,True,0.009294583448626548,0.005319222040051532,1.3407374519630588e-08
40,RS,GLDEX,2.46,0.0078144206424379,0.153520165343185,0.101797780031046,0.0977944497542104,Normal,1000,True,0.009251160676580605,0.0053424753771488505,1.4751141840616702e-08
41,FKML,GLDEX,0.72,-0.0250780475594426,1.40298360820273,0.226536317666064,0.151656770356476,Normal,1000,True,0.012092580040122425,0.0071845788568183425,1.1609332762672739e-08
41,RS,GLDEX,2.24,-0.237948256691694,0.247510628887508,0.132734441622046,0.218353435702099,Normal,1000,True,0.01453899273085154,0.00995087779710808,7.922662137449521e-09
42,FKML,GLDEX,0.67,0.0270463680675116,1.48824137450425,0.107198544353254,0.141844305380926,Normal,1000,True,0.009752625151453642,0.005560281436618845,9.927977766185254e-09
42,RS,GLDEX,2.33,0.103838147690235,0.182080208536006,0.133037298913324,0.111211695109786,Normal,1000,True,0.011736603652257038,0.006366754332469242,2.3796062596508425e-08
43,FKML,GLDEX,0.699999999999999,-0.0049570848804,1.50030851757164,0.154612056779476,0.149887445737664,Normal,1000,True,0.011453660495069573,0.011181427695210426,5.145441215461242e-09
43,RS,GLDEX,2.28,-0.0168633665315073,0.228351965367078,0.150034949642339,0.154363390373936,Normal,1000,True,0.011310891977121318,0.0112028106415425,1.622869863458513e-08
44,FKML,GLDEX,0.639999999999999,-0.0124557812887215,1.44236316660373,0.106057883761351,0.144035839119507,Normal,1000,True,0.012741064311273115,0.010068593951913899,8.051148827398814e-09
44,RS,GLDEX,2.25,0.0742275262643941,0.176599430016936,0.134123043044308,0.110221057036052,Normal,1000,True,0.01400596638641484,0.010095789603411273,5.8407280595629475e-09
45,FKML,GLDEX,0.700000000000001,-0.0143456518391397,1.50046831167761,0.125067076835611,0.134964414069827,Normal,1000,True,0.01111669020674333,0.006226031493189767,8.59544752103257e-09
45,RS,GLDEX,2.31,0.0082875358770802,0.1948084160238,0.133269529992449,0.126356878848827,Normal,1000,True,0.011181847521654409,0.00609953060970858,9.659192806020324e-09
46,FKML,GLDEX,0.719999999999999,0.007535512422217,1.3982145413416,0.166684978543703,0.154291172398389,Normal,1000,True,0.007909084410968825,0.00476123072310595,7.663482236052952e-09
46,RS,GLDEX,2.16,-0.027236981559567,0.223930112689745,0.153894988980809,0.166358318283899,Normal,1000,True,0.00813227877395617,0.004632359613197249,1.3337430417716277e-08
47,FKML,GLDEX,0.640000000000001,0.0173142043505146,1.4391620466491,0.154754681359923,0.140840537512682,Normal,1000,True,0.0077809944764072325,0.00749071786585659,6.535647432970304e-09
47,RS,GLDEX,2.28,-0.0183739269275579,0.212140665390108,0.141361122020358,0.153377118451683,Normal,1000,True,0.007014231182091435,0.007521408648338865,7.732427747362739e-09
48,FKML,GLDEX,0.689999999999998,0.0050038273834084,1.4747397877129,0.130639483193971,0.104491379161523,Normal,1000,True,0.007045948881335029,0.005902897064435612,3.909478141973803e-08
48,RS,GLDEX,2.36,-0.0525105243522137,0.17157524672206,0.108553613312836,0.123883145449274,Normal,1000,True,0.007978117596060375,0.0059956351170994664,2.2145645448472906e-09
49,FKML,GLDEX,0.619999999999997,-0.0597184185320839,1.38044263025339,0.176819948913396,0.113939255606939,Normal,1000,True,0.02339453087736787,0.016438771254602046,1.995684570377243e-08
49,RS,GLDEX,2.16,-0.215107387115518,0.190480925152066,0.1138434199657,0.160665292394034,Normal,1000,True,0.026079247500848557,0.017230054991516662,2.6880055320477325e-08
50,FKML,GLDEX,1.01,-0.0162851807353488,1.47194215377807,0.127375164548086,0.120707731047975,Normal,5000,True,0.006325512116100773,0.005003634412539181,4.7821215452957164e-09
50,RS,GLDEX,5.44,-0.031487710678697,0.182461365703484,0.121786036537118,0.126116531479833,Normal,5000,True,0.0067361055496649724,0.0050496891987351295,9.82805144905674e-09
51,FKML,GLDEX,1.08,0.0023372503318107,1.46211294842687,0.134852019711691,0.146549478906189,Normal,5000,True,0.00264437763423786,0.0020078037267749916,1.3839298028876753e-08
51,RS,GLDEX,5.23,0.0309974617435096,0.205328226143521,0.145053994653312,0.135758969024971,Normal,5000,True,0.0030996305029383775,0.0022084247978916135,2.2476309702312847e-08
52,FKML,GLDEX,0.990000000000002,0.0167127178994473,1.55488805391566,0.0993007608394298,0.104761253990333,Normal,5000,True,0.013067601157580655,0.006787784644069498,1.1515778060300352e-08
52,RS,GLDEX,8.59,0.0276314708010461,0.158566288029825,0.103303742940043,0.100644488965566,Normal,5000,True,0.013127949227037694,0.006852888534981139,3.383422899488897e-09
53,FKML,GLDEX,1.94,-0.0107956607214943,1.48747902128075,0.128162434976507,0.120058942389914,Normal,5000,True,0.005579638572577927,0.0026954901013658246,1.8059800847267092e-08
53,RS,GLDEX,12.08,-0.0290778495406195,0.184432218872635,0.12134540497567,0.126609606994513,Normal,5000,True,0.005853315122494207,0.002817647479939815,4.645078099940747e-08
54,FKML,GLDEX,2.00999999999999,-0.0037689767689975,1.486643189307,0.133651624985924,0.120374253393107,Normal,5000,True,0.003349424576411908,0.0026658838233706576,4.991861366849804e-08
54,RS,GLDEX,9.46000000000001,-0.0340168821672445,0.188336512704178,0.122196554341885,0.131108652359204,Normal,5000,True,0.0037145382844125385,0.0028615969000393513,7.318202453002258e-09
55,FKML,GLDEX,1.28,-0.0265784685446405,1.54222592240209,0.107379018480282,0.0973385440754784,Normal,5000,True,0.014484369998974511,0.007253745406790102,2.979323965750189e-08
55,RS,GLDEX,4.44000000000001,-0.0468201720388032,0.157590428908407,0.0997161389999692,0.104616752700027,Normal,5000,True,0.014761205311740966,0.0073377340284854,1.4428476191596928e-08
56,FKML,GLDEX,0.780000000000001,0.0262326280441962,1.47842206792923,0.126459704300986,0.145729805678269,Normal,5000,True,0.010799992289023452,0.0060515678641255245,6.752031416138541e-09
56,RS,GLDEX,4.23999999999999,0.0718375506536812,0.200154611953271,0.142498591744301,0.128128241292707,Normal,5000,True,0.011728688720370473,0.006277169269705367,1.653333857061379e-08
57,FKML,GLDEX,0.819999999999993,0.0080712341118734,1.48695492528141,0.121024298013498,0.117788009059787,Normal,5000,True,0.004859635207176305,0.0035749579990557476,2.5809411052790665e-08
57,RS,GLDEX,5.21000000000001,0.0008871395910798,0.177523302844299,0.118393015618576,0.120377404281238,Normal,5000,True,0.004774103643292393,0.0035706991422061354,4.547443310798371e-09
58,FKML,GLDEX,1.31,0.0023971186777112,1.44692370718845,0.136648509334789,0.138274076073246,Normal,5000,True,0.0019959006353024167,0.001888310972761743,1.0997678743379646e-08
58,RS,GLDEX,6.03,0.0063771400657341,0.198888593807777,0.138079466423731,0.136831871126038,Normal,5000,True,0.0019273111319103586,0.001915425447007895,8.36767090513224e-09
59,FKML,GLDEX,1.05,0.023559176012378,1.47239631363407,0.122303051829466,0.138320634015757,Normal,5000,True,0.008973645078510228,0.005256179762403238,1.840669451310296e-08
59,RS,GLDEX,5.78,0.0608262267217339,0.191162164168946,0.135367491665392,0.1241968343827,Normal,5000,True,0.009919701793839664,0.005225972478096666,5.492497866199792e-08
60,FKML,GLDEX,1.33,-0.0093227565597375,1.49070235484555,0.109585031333161,0.137499237916984,Normal,5000,True,0.008700374501759756,0.007312925254982685,4.439842798964477e-09
60,RS,GLDEX,5.43,0.0526472960989491,0.182052825095919,0.130781886295651,0.11318083560834,Normal,5000,True,0.009181012311072934,0.007329851407055373,7.85955664836328e-09
61,FKML,GLDEX,0.960000000000001,0.0200591387535069,1.49584276722213,0.135849154092914,0.127693430410995,Normal,5000,True,0.012450963319505293,0.007387883831081351,1.2438126528735438e-08
61,RS,GLDEX,5.29,0.0012097691935682,0.196920907063094,0.128719470783584,0.13454620095927,Normal,5000,True,0.012424203192060834,0.0074052254133079596,6.590500323305821e-09
62,FKML,GLDEX,1.03,-0.0232568910335196,1.47906490388245,0.120681889534566,0.13884317117037,Normal,5000,True,0.011965715316111458,0.009971929647923487,1.5396822039548397e-08
62,RS,GLDEX,5.43,0.0186634886096324,0.191015135699706,0.135358906069787,0.122808397090076,Normal,5000,True,0.011658971657450445,0.009982979787371234,1.628443907219618e-08
63,FKML,GLDEX,1.0,0.0030684741269186,1.51134568211049,0.117172818533545,0.126074042937226,Normal,5000,True,0.005784301097454203,0.004394909598888002,7.544484592614253e-09
63,RS,GLDEX,5.28,0.0226459002559019,0.183596413613346,0.124264804563575,0.118663277216412,Normal,5000,True,0.005981713590488713,0.004407651513453465,3.670082661232632e-09
64,FKML,GLDEX,1.0,-0.0002010355478291,1.40722227431609,0.142506859982099,0.148546517075886,Normal,5000,True,0.0070954792734389815,0.0061788842215090446,1.4311163873750865e-08
64,RS,GLDEX,5.31,0.015531207240349,0.204685305844563,0.147998186938517,0.142894833585619,Normal,5000,True,0.007310887881341571,0.006162949608561748,1.908079827472875e-08
65,FKML,GLDEX,1.0,0.0003761947799983,1.42380528705436,0.158763279007092,0.149977234928605,Normal,5000,True,0.002554375533173059,0.0017968590408252412,3.365059186322534e-08
65,RS,GLDEX,5.27,-0.0231617062346804,0.219562294781598,0.150074251128886,0.158313304616384,Normal,5000,True,0.0028396711562657106,0.0018955224770488245,1.191514445590638e-08
66,FKML,GLDEX,1.0,-0.0079431806913163,1.47459096329483,0.121352542317885,0.119755112334477,Normal,5000,True,0.003360094767126398,0.0037887446161897196,7.15144274094498e-09
66,RS,GLDEX,5.32,-0.0115345027295711,0.177760730538905,0.120051629192244,0.121045783767739,Normal,5000,True,0.003448683865330926,0.003808164004636081,5.100968265836503e-09
67,FKML,GLDEX,1.11,-0.0030586931995826,1.5170806418057,0.119789310802032,0.116600028936683,Normal,5000,True,0.00649567372961346,0.004277619228664124,7.470732186691481e-09
67,RS,GLDEX,10.5,-0.0099673741834693,0.179282941131447,0.117211636441311,0.119137170148257,Normal,5000,True,0.0064911754335682526,0.004290955032982516,1.736080434966425e-08
68,FKML,GLDEX,1.83,-0.0090321433247611,1.44751609803424,0.137581538602973,0.146757584501574,Normal,5000,True,0.004213844713595094,0.004222205012079049,1.0391920170900538e-08
68,RS,GLDEX,9.94,0.0138437615346606,0.205551989112893,0.145704647093825,0.138269803918126,Normal,5000,True,0.0038312798780825164,0.004240668790782139,1.0175332998900229e-08
69,FKML,GLDEX,2.3,-0.0252336412085049,1.46916358338477,0.147237874322682,0.127840781825981,Normal,5000,True,0.009714379807068019,0.005451404225773962,1.1146758786828581e-08
69,RS,GLDEX,8.84,-0.0716990795198878,0.201003483096397,0.129384244482304,0.144102562397789,Normal,5000,True,0.01080167939364729,0.005591377649060657,1.9948794733484315e-08
70,FKML,GLDEX,0.829999999999998,0.0106163076204189,1.49793343417078,0.114796330528,0.123833459182664,Normal,5000,True,0.00602870279360207,0.003022308695773443,8.30185649888006e-09
70,RS,GLDEX,4.42999999999999,0.0305005613592362,0.17850400625582,0.121912892685182,0.116390646320787,Normal,5000,True,0.006296879732025307,0.0031815721606490207,1.3494992859315589e-08
71,FKML,GLDEX,0.719999999999999,-0.0198413428214359,1.46604652677547,0.145264718677836,0.116494655145415,Normal,5000,True,0.006342545383256182,0.004054844100333758,4.5679872939796695e-09
71,RS,GLDEX,4.27000000000001,-0.0865556401292512,0.189616003157063,0.119263524771829,0.139102060898152,Normal,5000,True,0.008218346301076429,0.004721305716743233,7.5233877582456e-09
72,FKML,GLDEX,0.859999999999999,0.0154240135744219,1.48667497154914,0.135497411712323,0.124168171286346,Normal,5000,True,0.009616365939327076,0.006489373957012239,6.305191480038275e-09
72,RS,GLDEX,6.25999999999999,-0.0106912765587628,0.192661150208551,0.12562414468535,0.133511260044866,Normal,5000,True,0.009566492092257434,0.0064974718534756525,7.871421445388631e-09
73,FKML,GLDEX,1.13000000000001,-0.0037117443455426,1.41529875367117,0.15363529324726,0.140849369601036,Normal,5000,True,0.005312521454034158,0.0043989657974956384,4.55938645171905e-09
73,RS,GLDEX,5.89,-0.0369963771813112,0.207924494890464,0.141391146308019,0.152371212141391,Normal,5000,True,0.005825216872087813,0.0044212608716417,1.9799100789419377e-08
74,FKML,GLDEX,1.08,-0.0099403885403446,1.42896233941758,0.160638902794934,0.147888705788097,Normal,5000,True,0.003310135755563881,0.0021504565603764144,5.661572100024159e-09
74,RS,GLDEX,5.78,-0.0438952586207919,0.219950389865897,0.147940512774273,0.159845474561262,Normal,5000,True,0.004134911517475359,0.002478257381183502,1.0389622682834402e-08
75,FKML,GLDEX,1.09,0.0065039842444983,1.4681305639826,0.132772615853864,0.126155518497064,Normal,5000,True,0.0037099189327964854,0.0031248143579330665,6.558478649054678e-09
75,RS,GLDEX,5.25,-0.0089424096069457,0.189949539681748,0.127074476702001,0.13167277782236,Normal,5000,True,0.0035373799467968148,0.0031323570805011527,7.762881877497364e-09
76,FKML,GLDEX,0.969999999999999,-0.0304779415158256,1.40126001604839,0.165295675987313,0.16683362266566,Normal,5000,True,0.013361483492283555,0.009769062623617562,1.0887371858659539e-08
76,RS,GLDEX,5.33,-0.026032024732395,0.232692262915055,0.166889908584369,0.165227881545608,Normal,5000,True,0.013290482971343276,0.009777608936306704,5.522215064659969e-09
77,FKML,GLDEX,0.969999999999999,0.0386293721357085,1.44706333711058,0.150815420182672,0.12470054233592,Normal,5000,True,0.017045523208653268,0.01594876064214912,6.6770106665892115e-09
77,RS,GLDEX,5.23,-0.0245872461819802,0.197452961804351,0.126486089805192,0.146156977091237,Normal,5000,True,0.015405253058407897,0.01596476801852123,1.0914453341115404e-08
78,FKML,GLDEX,0.909999999999997,-0.0081487462648449,1.41775242922842,0.136558587848318,0.15987712133939,Normal,5000,True,0.008616778954630894,0.006245856388076484,5.306013580244225e-09
78,RS,GLDEX,5.22999999999999,0.05225186084118,0.208583607791996,0.157019108352063,0.137021356242054,Normal,5000,True,0.009310942501323305,0.00626384942872328,4.72824605221514e-09
79,FKML,GLDEX,1.06,-0.0155202904877328,1.50914966067487,0.119203877820315,0.13236336257979,Normal,5000,True,0.012301120510807562,0.006936524230390595,9.242284468889354e-09
79,RS,GLDEX,5.19,0.0138749875157335,0.189343289095435,0.129780848176385,0.121081303408206,Normal,5000,True,0.012400209721363464,0.006839041124358885,5.366606569839551e-09
80,FKML,GLDEX,1.23,0.00188639993095,1.46361821467739,0.123894988347458,0.130752906695708,Normal,5000,True,0.0028466393471548793,0.002028381369819264,4.659237457654841e-09
80,RS,GLDEX,5.52,0.0178099423968585,0.186225491427173,0.129547692090206,0.124907350064442,Normal,5000,True,0.0030617708713713276,0.0021449944398585323,1.1658318243938084e-08
81,FKML,GLDEX,0.93,0.0048791783190793,1.41792755442483,0.142611730266004,0.165774181637714,Normal,5000,True,0.004215966315838718,0.003139885822365072,5.334639396892271e-09
81,RS,GLDEX,5.36,0.0665292572446353,0.217054400059648,0.163641750689876,0.142316262292527,Normal,5000,True,0.005153033988357508,0.0036497457004208617,1.7017218752210484e-08
82,FKML,GLDEX,1.05,-0.0005030797610523,1.43867707191762,0.144233533617739,0.140752346517886,Normal,5000,True,0.002139449572597263,0.0017163564322391306,4.333867043015971e-09
82,RS,GLDEX,5.36,-0.0092595042397909,0.204966788715954,0.141047362388241,0.143885892960631,Normal,5000,True,0.0022865025874526657,0.0017174908490349215,8.114420324903393e-09
83,FKML,GLDEX,1.08,0.0077511271954793,1.4647319292148,0.138574321333338,0.135162548586594,Normal,5000,True,0.004473995756462068,0.002921078814000918,7.819759393144187e-09
83,RS,GLDEX,5.3,-0.000478922441312,0.200442617829226,0.135544272768559,0.138143168751953,Normal,5000,True,0.0044154156566540426,0.0029304706344727652,1.6630991982881645e-08
84,FKML,GLDEX,1.01,-0.0038219640764153,1.45044051017057,0.136170214383347,0.128255593121699,Normal,5000,True,0.003180485726087756,0.0028358437559291108,1.0285720887970892e-08
84,RS,GLDEX,5.38,-0.022721377267919,0.191594765321334,0.129239318031757,0.134925276750213,Normal,5000,True,0.0034670529422451413,0.0029531171808696226,1.4642435475914484e-08
85,FKML,GLDEX,1.05,-0.0081578327429923,1.42692024043499,0.142788748405606,0.152778031399924,Normal,5000,True,0.005689892697027937,0.004097415883618319,5.948370494085475e-09
85,RS,GLDEX,5.37,0.0177308448716491,0.210586323090224,0.151888672114802,0.143235636085542,Normal,5000,True,0.005895052838071929,0.004118646650939423,5.5057546335286504e-09
86,FKML,GLDEX,0.969999999999999,0.0052166500384162,1.46922515813194,0.117056800517046,0.156574837566171,Normal,5000,True,0.005720713285765733,0.004858559985198985,7.661999340546899e-09
86,RS,GLDEX,5.41,0.0976276612424137,0.196696945508573,0.147892260523595,0.119277010854729,Normal,5000,True,0.007507062933118869,0.005830322184483778,1.9421091679294733e-08
87,FKML,GLDEX,1.41999999999999,-0.0063720572828169,1.45420769003431,0.148725612106337,0.134481790806101,Normal,5000,True,0.0020076970117529624,0.001652625199217357,5.946881209695221e-09
87,RS,GLDEX,11.05,-0.0415521593548086,0.205341242908183,0.135457804763381,0.146874786767677,Normal,5000,True,0.0028390582723221147,0.0021261167468781127,2.0882501061691983e-08
88,FKML,GLDEX,1.47,0.0082490159126585,1.42498755865888,0.16134531828203,0.165849820538603,Normal,5000,True,0.0030109104178186463,0.003524516158651364,7.0809829141057e-09
88,RS,GLDEX,11.28,0.0208854145156705,0.233060223761955,0.165910769832267,0.161186998283848,Normal,5000,True,0.0033288024706856767,0.003580261302177512,1.1341458796960893e-08
89,FKML,GLDEX,2.14,-0.0036765874511147,1.47634176873702,0.132970533656915,0.136957837813538,Normal,5000,True,0.004525670168631368,0.002605456004574152,8.152871404278577e-09
89,RS,GLDEX,7.87,0.0057906685551883,0.199208256319998,0.136414281615036,0.133447061848965,Normal,5000,True,0.004558892751196586,0.0025726468141349245,2.1144193063094008e-08
90,FKML,GLDEX,0.859999999999999,-0.0050958887043108,1.46817589131377,0.139822706467839,0.148283329628485,Normal,5000,True,0.00597083009433752,0.004046414143761637,1.2720837716528877e-08
90,RS,GLDEX,4.16,0.0158760781110799,0.211285708782125,0.147404374868889,0.14038912611998,Normal,5000,True,0.006184186998908214,0.003931302988007786,9.692928108950238e-09
91,FKML,GLDEX,0.700000000000003,0.0274009095151618,1.45171872362959,0.130131754246987,0.14127716382443,Normal,5000,True,0.010239335618377754,0.006995460642957757,6.019675424795423e-09
91,RS,GLDEX,4.22,0.0543412270033772,0.196658557953853,0.13961210100338,0.131272654827684,Normal,5000,True,0.011002150999542826,0.007001990045504711,4.203041765321602e-09
92,FKML,GLDEX,0.719999999999999,0.0135518446158606,1.47716679335409,0.132685328431768,0.136847027459139,Normal,5000,True,0.007106587698828271,0.0037573216859569467,1.1435801274945953e-08
92,RS,GLDEX,6.22,0.0234193499843709,0.199023106924707,0.136274384011765,0.133185012014029,Normal,5000,True,0.00721213165878104,0.0038236650233188,3.33431145767588e-09
93,FKML,GLDEX,1.25999999999999,0.0008795652045455,1.44821142139175,0.154517435546514,0.153567117015015,Normal,5000,True,0.0030021373098309267,0.003355813849538732,4.302829937441417e-09
93,RS,GLDEX,5.82000000000001,-0.0016236665388253,0.223083035544811,0.153595156643868,0.15448526693194,Normal,5000,True,0.0030420913710230424,0.003351993081051259,9.656903718843344e-09
94,FKML,GLDEX,1.09,0.0078279509396481,1.46932522954168,0.139554585964307,0.134212548847317,Normal,5000,True,0.005294591035094998,0.0032510252197042906,1.2641887919063946e-08
94,RS,GLDEX,5.73999999999999,-0.00501488352207,0.201045464989687,0.134789121051995,0.138856859123368,Normal,5000,True,0.0052749322479283545,0.003266883085242904,1.2348890699939719e-08
95,FKML,GLDEX,1.03,-0.0193899981045944,1.50298896366472,0.128199781150783,0.110364919617282,Normal,5000,True,0.009015088406799543,0.0043642657433840765,8.606290430313024e-09
95,RS,GLDEX,5.22,-0.058345267430128,0.178416442068202,0.113243233715276,0.124055252181283,Normal,5000,True,0.00971789984331517,0.0047595279650817085,1.5165994251367264e-08
96,FKML,GLDEX,0.980000000000004,-0.0014184198352837,1.47327955016011,0.128178064115676,0.146482474354302,Normal,5000,True,0.005436844388879147,0.0035532039417545042,4.337109152060492e-09
96,RS,GLDEX,5.28,0.0423023748511718,0.20137558699633,0.143557969040775,0.129685146178175,Normal,5000,True,0.006047764410112011,0.00371117289976284,1.8677736539152984e-08
97,FKML,GLDEX,1.0,0.0204136269129203,1.47548586179666,0.124373860085568,0.130170036876003,Normal,5000,True,0.008463815160822508,0.005596365099703615,1.1860761547104211e-08
97,RS,GLDEX,5.24999999999999,0.0337640980622977,0.187695670947526,0.129163615735603,0.12524251851133,Normal,5000,True,0.008770767771661137,0.0055865448423951585,8.033609461693958e-09
98,FKML,GLDEX,0.920000000000016,-0.0008815814816519,1.49510916412231,0.130103721281328,0.115789548914618,Normal,5000,True,0.0047536500189034325,0.0031809133028751304,5.851404659418247e-09
98,RS,GLDEX,5.13,-0.0327964248139049,0.183258013215308,0.117972047555068,0.12709496190301,Normal,5000,True,0.005049046268582019,0.0033334487308712586,3.145517019770283e-08
99,FKML,GLDEX,1.00999999999999,-0.0016090575013462,1.47633958670863,0.135613935836873,0.128627178713353,Normal,5000,True,0.0027063810593312143,0.0019451699583984759,1.0649739816004693e-08
99,RS,GLDEX,5.19,-0.0179981200822677,0.194918248953519,0.129510813389774,0.134526762527607,Normal,5000,True,0.002847740568471868,0.0020076023987009037,1.401612706726121e-08
100,FKML,GLDEX,1.08,0.297134469643125,1.14285277107684,0.392332997772288,-0.0004247554033079,Gumbel,1000,True,0.024862311060438458,0.011966878582270721,0.09141293746534307
100,RS,GLDEX,2.48,-0.31557496238189,0.072684223384571,0.0202402464148406,0.0922827745702019,Gumbel,1000,True,0.008272838032193586,0.005680022310989571,5.6536779702298645e-09
101,FKML,GLDEX,0.85,0.341734177726656,1.18162345184258,0.367768702586681,0.0101412810822138,Gumbel,1000,True,0.015032418012740023,0.0127891560213789,0.129628276050047
101,RS,GLDEX,2.17,-0.328368442129302,0.0925230274741343,0.0231807060077323,0.119959526929607,Gumbel,1000,True,0.0196791215608223,0.008504397464680477,9.995472227686264e-09
102,FKML,GLDEX,0.75,0.392351537329908,1.11927356502825,0.394461276889966,-0.0258097365740649,Gumbel,1000,True,0.040176098154309225,0.02441436372041129,0.049519928765141774
102,RS,GLDEX,2.45,-0.0775393559604021,-0.0006789964363914,-0.000302469366436,-0.0006909813110706,Gumbel,1000,True,0.03338294257153752,0.020215166858335396,0.16918015760255134
103,FKML,GLDEX,0.770000000000001,0.354110335131231,1.19092651076552,0.361356094293794,0.0139092558702733,Gumbel,1000,True,0.018019545817539284,0.013920460742004708,1.6208426600883286e-08
103,RS,GLDEX,2.2,-0.112921631754953,0.0770586510788413,0.0279703566657888,0.0863491238756414,Gumbel,1000,True,0.013469095175901613,0.011769342076589494,2.9960078240520716e-07
104,FKML,GLDEX,0.76,0.435510171511362,1.17961885139929,0.334523369131928,-0.0329117776724151,Gumbel,1000,True,0.04722891973977528,0.025475073533964082,0.08481195748948678
104,RS,GLDEX,2.22,-0.105989923066938,0.0360213507374446,0.0117603916724887,0.0419869885550465,Gumbel,1000,True,0.037199408769749476,0.028550002188308173,7.731820517165033e-09
105,FKML,GLDEX,0.77,0.29772389181533,1.10443129077342,0.430404320145251,-0.0096581450082476,Gumbel,1000,True,0.024401509340638727,0.012999102944458893,0.07940212411106828
105,RS,GLDEX,2.3,-0.332896410891937,0.0586097887605195,0.0160474087543012,0.0753861362514849,Gumbel,1000,True,0.0106104590146191,0.008664021834652865,6.795707330198297e-09
106,FKML,GLDEX,0.73,0.334314490310415,1.27618434181028,0.350970274381528,-0.0474333255635973,Gumbel,1000,True,0.014007695791932007,0.01063046781902547,0.034604084762551945
106,RS,GLDEX,2.31,-0.0458096321297878,0.0009633062812903,0.000336119624129,0.0009390225593016,Gumbel,1000,True,0.02841693551281213,0.014781432218910687,0.04100904874602418
107,FKML,GLDEX,0.82,0.385747915740012,1.11046544600137,0.39670472942156,0.0117541671432398,Gumbel,1000,True,0.03521734788290676,0.01915007523748426,0.09705420411999166
107,RS,GLDEX,2.34,-0.321174535528015,0.0835614820445477,0.0230484822777147,0.112228463839438,Gumbel,1000,True,0.016541224292358492,0.011833172659165324,9.438360061274162e-09
108,FKML,GLDEX,0.809999999999999,0.258346601116144,1.24019479959622,0.3046865923982,-0.0069323709994314,Gumbel,1000,True,0.035303638377422675,0.030637500112809343,0.1426967925878191
108,RS,GLDEX,2.27,-0.349715625379997,0.0786745957837612,0.0225273636923325,0.0949324584828045,Gumbel,1000,True,0.03651844167236923,0.025631897909251345,4.7236409228545995e-09
109,FKML,GLDEX,0.699999999999999,0.387749754572326,1.14504546513655,0.322163188552518,0.0236123230876032,Gumbel,1000,True,0.029015879508459186,0.020193892363201068,0.1427851645604269
109,RS,GLDEX,2.31,-0.0282800752501969,-0.164484790555279,-0.0001394464099293,-0.0001827130648873,Gumbel,1000,True,0.6389154590659866,0.25066665988206116,0.9999980147578043
110,FKML,GLDEX,0.740000000000002,0.215993899994671,1.17597329151135,0.41661575079622,-0.0317397078525413,Gumbel,1000,True,0.036300639186399114,0.02095061890092899,0.0746833309215853
110,RS,GLDEX,2.58,-0.0090758610430363,0.0007359518631269,0.0002894878584966,0.0007231645325565,Gumbel,1000,True,0.019522585561958516,0.010398317323577596,0.18036169860063622
111,FKML,GLDEX,0.75,0.266695959578071,1.17004334893374,0.397774876108452,-0.0199031590698464,Gumbel,1000,True,0.025839731345903116,0.012623884620002437,0.13566063192871103
111,RS,GLDEX,2.23,-0.244813010389219,-0.0001632694806368,-6.15142246539091e-05,-0.0001672483720061,Gumbel,1000,True,0.05767748263981465,0.04275359098025101,0.18750222328437616
112,FKML,GLDEX,0.810000000000002,0.329086122368248,1.21159205558014,0.363321126945993,-0.0168772834439704,Gumbel,1000,True,0.011358021063150092,0.009833301939375299,0.03560495431084165
112,RS,GLDEX,2.38,-0.25506594085408,-0.0003506658446498,-0.0001555630465735,-0.0003181551438359,Gumbel,1000,True,0.10778227169586041,0.09037391290573613,0.3142609865878594
113,FKML,GLDEX,0.869999999999997,0.329855310913523,1.12909252515067,0.404446914929659,-0.0178785779227381,Gumbel,1000,True,0.020863281764835873,0.013003919421328877,0.05409709037806043
113,RS,GLDEX,2.38,-0.229952442293824,0.0465112214375962,0.0144129820803745,0.0563337388273209,Gumbel,1000,True,0.011276055603120061,0.009708602130703544,2.2888809514398645e-08
114,FKML,GLDEX,0.839999999999996,0.336828324789758,1.21352300655081,0.367877076971169,0.0102930932426147,Gumbel,1000,True,0.013575969205494087,0.013398427681869579,0.041395798245690285
114,RS,GLDEX,3.38,0.169301913824153,-0.384064568266519,-0.0002381579333645,-0.0003726003319278,Gumbel,1000,True,0.5669495935556084,0.2403958995940787,0.9999985205685905
115,FKML,GLDEX,1.67,0.332022032816398,1.34960943098871,0.291093805884907,-0.0459454054166947,Gumbel,1000,True,0.020364841023829627,0.016087566646670937,0.03922115747294841
115,RS,GLDEX,5.49,0.0018475205674239,0.0012417404449133,0.0004639367818551,0.0011331361303693,Gumbel,1000,True,0.026481745527409645,0.02174292958710083,0.05590859025342476
116,FKML,GLDEX,1.62,0.290935447895126,1.22253181423235,0.376672498249903,-0.0432885156304249,Gumbel,1000,True,0.012339139828944606,0.007135328499953098,0.08549767473851033
116,RS,GLDEX,4.82,-0.232660657956903,0.0245474360388894,0.0070259521846818,0.0273594340463631,Gumbel,1000,True,0.015594546620806074,0.00844719640746723,2.035921461485124e-05
117,FKML,GLDEX,1.37,0.333404534417705,1.22046559021219,0.340176756569161,-0.0556042994676571,Gumbel,1000,True,0.014633370084605413,0.008214402695364368,0.10430162496703943
117,RS,GLDEX,5.11000000000001,-0.100723551856464,0.0007261012818508,0.0002460614932447,0.0007666263995242,Gumbel,1000,True,0.021490600556469952,0.011180786624683605,0.05592780032592137
118,FKML,GLDEX,1.33999999999999,0.290139120262792,1.25814474408134,0.360949009262193,-0.0750262233264568,Gumbel,1000,True,0.008782115421658326,0.004953305541137601,0.016069469497495215
118,RS,GLDEX,4.46000000000001,-0.331956603506305,0.0009689306823457,0.0002247141361008,0.0010951538942669,Gumbel,1000,True,0.027724298846337758,0.01680629963664067,0.1570851257187711
119,FKML,GLDEX,1.62,0.322959226441927,1.12937456334373,0.386668680317627,-0.0235122623988095,Gumbel,1000,True,0.02277808498350685,0.014553214605109244,0.16182643380248196
119,RS,GLDEX,3.44,-0.340494651436967,-0.0005437425928841,-0.0002360274751884,-0.0005518078866714,Gumbel,1000,True,0.11231340991118427,0.08258862281737044,0.2900330097498136
120,FKML,GLDEX,1.08,0.3036459937101,1.24716790966858,0.330822536886181,-0.046203455627731,Gumbel,1000,True,0.015660919901861678,0.00931865270762464,0.0990089194552326
120,RS,GLDEX,2.7,-0.0667999069814772,0.0006405244794031,0.0002400637712284,0.0006321725150953,Gumbel,1000,True,0.011666163953889086,0.01083944675184867,0.11490930642961628
121,FKML,GLDEX,0.66,0.261555342716036,1.22187812901486,0.38177707453683,-0.0837181610129153,Gumbel,1000,True,0.0196823781618623,0.009123131806086584,0.12169151022461633
121,RS,GLDEX,2.37,-0.192149670958523,0.0005111023116379,9.12549331522489e-05,0.0006028844686804,Gumbel,1000,True,0.0990200924739246,0.05667465026567575,0.1684639796907995
122,FKML,GLDEX,0.81,0.361004908666432,1.12323543521678,0.358873087605102,-0.0069935184979764,Gumbel,1000,True,0.027798562382440273,0.01832897312082859,0.1400568283389727
122,RS,GLDEX,2.44,0.181144335556711,-0.0004015030670843,-0.0001972134504599,-0.000362092374897,Gumbel,1000,True,0.03812311666374335,0.022677443323436696,0.3362335064606503
123,FKML,GLDEX,0.85,0.331599097839758,1.11907105266236,0.391014492524238,-0.0367621974686333,Gumbel,1000,True,0.025122640293426812,0.020001126575714206,0.1334404011417325
123,RS,GLDEX,2.32,-0.0158825346658822,-0.000184413412961,-6.88335869193444e-05,-0.0001988062712528,Gumbel,1000,True,0.03871901885529233,0.03038897096254188,0.5710329011224831
124,FKML,GLDEX,0.66,0.383582242256728,1.08801792539376,0.385178502846779,0.0250134806298952,Gumbel,1000,True,0.03524340669269421,0.021364001741109046,0.06802732849431337
124,RS,GLDEX,2.25,-0.272143912596344,0.0910444348614993,0.0287787403758041,0.122060409732222,Gumbel,1000,True,0.021128412198497593,0.013727532328999564,1.0189431631779655e-08
125,FKML,GLDEX,0.75,0.32698344067066,1.18830086590785,0.390454466274697,-0.0665433533478594,Gumbel,1000,True,0.018358940643598,0.013228703565204229,1.8170646320925243e-08
125,RS,GLDEX,2.33,-0.0873906541511364,-0.0225262198125316,-0.0078294619924167,-0.023342243634373,Gumbel,1000,True,0.019012040243518852,0.013975732603655066,2.4865961512077206e-08
126,FKML,GLDEX,0.790000000000003,0.388955721715634,1.13754514661514,0.422978164754472,0.0070112870507135,Gumbel,1000,True,0.035389934285119606,0.02022288236473741,0.021058141077838433
126,RS,GLDEX,2.22,-0.14588245014461,0.0689461229441647,0.0218890902335211,0.0824961284465496,Gumbel,1000,True,0.030797533341132083,0.020591583525787972,7.563365489460239e-09
127,FKML,GLDEX,0.640000000000001,0.275974776024563,1.26125709308955,0.361753587804581,-0.0536016534264726,Gumbel,1000,True,0.012062814242342484,0.011850004781879106,0.12310070177324728
127,RS,GLDEX,2.3,-0.288773097589837,0.0191443056305222,0.0050491226491675,0.0212678457042621,Gumbel,1000,True,0.02730477379448959,0.015055746912365615,1.0536777352854187e-06
128,FKML,GLDEX,0.789999999999999,0.314580342377048,1.17690015892853,0.371493497142227,0.0148650501035628,Gumbel,1000,True,0.017783269507295252,0.013601332530380645,0.036207571003752825
128,RS,GLDEX,2.19,-0.213258338897408,0.0828586428413346,0.0274235696101612,0.0977206396949839,Gumbel,1000,True,0.007166079881629983,0.009530127495912673,7.377661148666448e-09
129,FKML,GLDEX,0.609999999999999,0.390429045089331,1.24120638469977,0.274785809782686,-0.0283394791888009,Gumbel,1000,True,0.027180380781251068,0.016296127266832064,0.12021127241667096
129,RS,GLDEX,2.18,-0.144276930461091,0.0485708805092718,0.0162751190571188,0.0552988555103371,Gumbel,1000,True,0.016984917596888804,0.010049654727930476,1.2336210623782627e-08
130,FKML,GLDEX,0.780000000000001,0.374480784865028,1.09818215119121,0.389232646910904,0.0004379628752185,Gumbel,1000,True,0.03447195797686409,0.020793659481001737,0.136094402845504
130,RS,GLDEX,2.44,-0.0609968261414721,-0.0007399061233908,-0.0003793584931372,-0.0006859673952196,Gumbel,1000,True,0.061282880696707856,0.054717712832676076,0.3559730455551927
131,FKML,GLDEX,0.880000000000003,0.243640149342079,1.09166329478448,0.390489388473827,-0.0181476522874415,Gumbel,1000,True,0.05172255207749277,0.021502890199136548,0.12732192282587074
131,RS,GLDEX,2.12,-0.458247454544567,0.0567471065353463,0.0149451666324346,0.0768513823381146,Gumbel,1000,True,0.04025896093429199,0.021375836317585353,1.3531221920715097e-08
132,FKML,GLDEX,0.829999999999998,0.348902277950056,1.0859094867009,0.435137246909553,0.0081244239234757,Gumbel,1000,True,0.029247948014582748,0.01717311221182545,0.09151736900764518
132,RS,GLDEX,2.39,-0.0975402091742975,-0.0001752625819369,-9.18513988675622e-05,-0.0001666158065732,Gumbel,1000,True,0.07419767963429327,0.06078672486823101,0.4630727720091987
133,FKML,GLDEX,0.699999999999996,0.271878122053366,1.17904540888442,0.343865189026582,-0.0349076674986926,Gumbel,1000,True,0.03520301619092578,0.0142197316304641,0.0663819178477425
133,RS,GLDEX,2.39,-0.245387047028676,0.030370764623249,0.0101216121137701,0.0347309850638607,Gumbel,1000,True,0.02132084936122275,0.012335707717632762,5.615271359005192e-09
134,FKML,GLDEX,0.670000000000002,0.35325671142523,1.10784185390017,0.36476342181216,0.0389139548633973,Gumbel,1000,True,0.026857028531836608,0.018817425158644967,0.142284078469736
134,RS,GLDEX,2.81,-0.158553781089943,-0.0003688498997131,-0.0002191430174823,-0.0003239209290205,Gumbel,1000,True,0.12672000071044057,0.11072754621942582,0.7510008198068623
135,FKML,GLDEX,1.38,0.340939679657365,1.17066782526469,0.354814930363304,-0.0487429940105774,Gumbel,1000,True,0.021398478588562586,0.015502142002904772,0.11508813188533829
135,RS,GLDEX,5.42,0.230557651773661,-0.724941190643042,-6.97690081170989e-05,-0.0002092743371555,Gumbel,1000,True,0.5468974528616858,0.23882409781007466,0.9999999282147025
136,FKML,GLDEX,1.33,0.309634258184955,1.15927244954139,0.371060081883179,0.0135146262773206,Gumbel,1000,True,0.02322955887235044,0.013974466414659261,0.1839561778065929
136,RS,GLDEX,4.57,0.216147294440574,-0.0007726214392452,-0.000384532661219,-0.0006606363802584,Gumbel,1000,True,0.04066968768660789,0.026002799415778342,0.572046393056274
137,FKML,GLDEX,0.799999999999997,0.323434346349095,1.17253436454636,0.364837874049041,-0.0610584878057336,Gumbel,1000,True,0.01822545393037177,0.015738740096654987,0.14692634584370778
137,RS,GLDEX,4.7,-0.28941084043748,0.0128695704246306,0.0033869318817923,0.0154586013895045,Gumbel,1000,True,0.016258343965919922,0.014340918950432307,5.630568766790134e-08
138,FKML,GLDEX,1.72000000000001,0.331663196345163,1.16037435949974,0.36029083473264,-0.0144186173718657,Gumbel,1000,True,0.020403324821885116,0.012145368753817512,0.19928863994031565
138,RS,GLDEX,4.48,0.149185847792994,-0.0006424514092867,-0.0003139316085706,-0.0005875201363363,Gumbel,1000,True,0.02963018281757107,0.019676334161007163,0.4115469525555919
139,FKML,GLDEX,1.38,0.35674293621985,1.22526670107699,0.300414459465708,-0.0447262537779285,Gumbel,1000,True,0.019218635630851577,0.011874029222208234,0.11951890393706832
139,RS,GLDEX,4.58,0.144578359114041,-0.0006397451118292,-0.0002622275953284,-0.0006271250173132,Gumbel,1000,True,0.06830916358444106,0.036913455037461414,0.15611959554397736
140,FKML,GLDEX,1.11,0.295676968214992,1.13395616641628,0.382708275159871,-0.0085461669848323,Gumbel,1000,True,0.029727002348365894,0.012970874788335073,0.10797510064251159
140,RS,GLDEX,2.59,-0.36853071914142,0.0650733901296322,0.0180183800296256,0.0831007789104911,Gumbel,1000,True,0.02530623150786515,0.011081818987814603,6.918791095600341e-09
141,FKML,GLDEX,0.66,0.318596855762546,1.19769719295439,0.349756735679362,-0.0696730405982869,Gumbel,1000,True,0.017730157268245533,0.013449892962552773,0.16344855479288012
141,RS,GLDEX,2.37,-0.474990136037536,-0.0004871838539826,-0.0001362190787115,-0.0005709949753633,Gumbel,1000,True,0.08127806034577212,0.04475976331607049,0.1297743918701536
142,FKML,GLDEX,0.69,0.390517057261864,1.31589972749492,0.243612975178712,-0.0536602564059226,Gumbel,1000,True,0.027015801704640963,0.015781314102726637,8.575533154299878e-09
142,RS,GLDEX,2.56,0.0062812651786234,0.0008600236150184,0.0003389097688313,0.0008312300871258,Gumbel,1000,True,0.022859325707685785,0.012618357222901885,0.03101784665904539
143,FKML,GLDEX,0.81,0.236228579342698,1.20961803014686,0.373898705073347,-0.0385277636420529,Gumbel,1000,True,0.031895823060573425,0.020562895511939426,0.1027411949769903
143,RS,GLDEX,2.27,0.0248955616717773,-0.0007473152928145,-0.0002891107306112,-0.0007284931167881,Gumbel,1000,True,0.033875946748108565,0.01489466777829406,0.1721794487451569
144,FKML,GLDEX,0.720000000000001,0.353665195873799,1.05569654736339,0.392870431175932,0.0322045659917915,Gumbel,1000,True,0.03232603044607618,0.023168766488693704,0.15860370514431987
144,RS,GLDEX,2.29,-0.245409210462871,-0.161961652873548,-0.0001835468596701,-0.0002559645674862,Gumbel,1000,True,0.7166585565855486,0.2700162071189891,0.9999964938604826
145,FKML,GLDEX,0.77,0.215260799039338,1.33989269781396,0.375091654820564,-0.132213602950962,Gumbel,1000,True,0.02391598047503163,0.018477149201473628,0.06053423909859079
145,RS,GLDEX,2.31,-0.130751864589244,-0.11736080470075,-0.035012255478547,-0.10359768490733,Gumbel,1000,True,0.03597859839521744,0.023026305036313116,2.7290930582068995e-06
146,FKML,GLDEX,0.66,0.301804669702333,1.23146979145124,0.380261105954011,-0.0562493060934892,Gumbel,1000,True,0.0064140554410988815,0.0046582392809267886,0.10712051116415
146,RS,GLDEX,2.45,-0.235766188468549,0.0120666636034466,0.0032550707411397,0.013420001887949,Gumbel,1000,True,0.023629879706914506,0.009859313512254993,4.636175037332311e-06
147,FKML,GLDEX,0.75,0.345520164319269,1.29162645822934,0.307578349484856,-0.0882193969291394,Gumbel,1000,True,0.01708207909903542,0.007994825645522834,0.025719568581529018
147,RS,GLDEX,2.47,0.0215656278424477,0.0007338039985912,0.0001442713241397,0.0008368059204652,Gumbel,1000,True,0.157404066176501,0.09508762175587847,0.27322179985680545
148,FKML,GLDEX,0.800000000000001,0.263482692201933,1.24170150657704,0.369476548436718,-0.0467490644319608,Gumbel,1000,True,0.018039871537586294,0.014458918127750414,0.01664887876914789
148,RS,GLDEX,2.26,0.0158563809207664,0.000437938139953,0.0001545511194085,0.000428839959163,Gumbel,1000,True,0.04805197021296964,0.01971206694784323,0.09416182307616729
149,FKML,GLDEX,0.82,0.338097779393199,1.22619530734411,0.391517444387451,-0.0011594855536308,Gumbel,1000,True,0.014871237454521513,0.014861122092500973,0.035371833032655564
149,RS,GLDEX,2.34,-0.168390535298994,0.0672010088018868,0.0205640060820233,0.0749815425537452,Gumbel,1000,True,0.024440049976372474,0.015210665398025585,1.5968784525426478e-08
150,FKML,GLDEX,1.11,0.338165539403857,1.26906779833156,0.317481939339121,-0.0674344437608745,Gumbel,5000,True,0.013968706461015334,0.007255988509530221,0.051211122958002564
150,RS,GLDEX,5.22,-0.0840087566724209,-0.014633078935593,-0.0049762849000926,-0.014711051347261,Gumbel,5000,True,0.022026318185140115,0.008774684906231147,1.312249229281042e-06
151,FKML,GLDEX,1.19,0.298608048756104,1.21708572233652,0.356185670047154,-0.0455386625235512,Gumbel,5000,True,0.016695637629191296,0.007393925353132471,0.07175370330172393
151,RS,GLDEX,5.27,-0.202252793288363,0.0189159076383991,0.0058988999597636,0.0208164184920043,Gumbel,5000,True,0.010594207817212098,0.006023169243596788,2.047350733391795e-08
152,FKML,GLDEX,1.15,0.304596128935413,1.18671799197327,0.360919961932508,-0.0454624502599125,Gumbel,5000,True,0.020704844840783138,0.008689013078551194,0.08044122721213864
152,RS,GLDEX,10.39,-0.0771637794005558,0.0009468343439224,0.0003545782384233,0.0009835504127085,Gumbel,5000,True,0.010299792124208507,0.007120094649329158,0.09650517383299895
153,FKML,GLDEX,1.97,0.301807693832188,1.24356862708514,0.340998095295161,-0.0683721392348742,Gumbel,5000,True,0.014101501442517858,0.00586655584568372,0.058991490972356564
153,RS,GLDEX,11.42,-0.263583421345869,0.0024499817772335,0.0006694037189639,0.0027253107545156,Gumbel,5000,True,0.01799318041855935,0.01118817481772156,0.07925951353926952
154,FKML,GLDEX,1.93000000000001,0.348478231298865,1.26727214380872,0.311141870225604,-0.0533142805650819,Gumbel,5000,True,0.016279659220732157,0.009256376405043933,0.06540780565582316
154,RS,GLDEX,8.34,-0.129450357248125,0.0077394895293997,0.0026122468965974,0.0080639291601325,Gumbel,5000,True,0.012214116291740323,0.007241219554886841,2.462555039883796e-07
155,FKML,GLDEX,0.859999999999999,0.387860117027694,1.25991910690104,0.283199406887764,-0.0343351599763762,Gumbel,5000,True,0.026994885782252898,0.015109322200446133,0.16016900541074064
155,RS,GLDEX,4.17,-0.241773885714083,0.0491745763176675,0.0144171027580583,0.0572919411871867,Gumbel,5000,True,0.012084401887132432,0.006175756277055685,3.89140275558475e-09
156,FKML,GLDEX,1.0,0.343282757743943,1.22794392994555,0.317212804901506,-0.0363489929215053,Gumbel,5000,True,0.014862070941041014,0.010515726531171516,0.12910796020393456
156,RS,GLDEX,4.31,-0.227670073910095,0.0411301941974015,0.0121005339904941,0.047742440369426,Gumbel,5000,True,0.01467603425902586,0.005152153893951412,8.651368510470547e-09
157,FKML,GLDEX,0.919999999999987,0.332834002690322,1.20611214491915,0.325140435449209,-0.0581121348693597,Gumbel,5000,True,0.01942664990834657,0.012219220173248684,0.11088664119917357
157,RS,GLDEX,6.10000000000001,-0.203253540585804,0.0097443416571453,0.0030388876074489,0.0110014521263687,Gumbel,5000,True,0.00883431408396726,0.008154506708055722,5.605341968362154e-08
158,FKML,GLDEX,1.2,0.33054808354809,1.27490973530167,0.269244452909401,-0.0333054400878359,Gumbel,5000,True,0.021325032116009196,0.015158173657914751,0.17556300033263028
158,RS,GLDEX,5.91,-0.261750512700489,0.0534952312351333,0.0154865968556257,0.0621375338165302,Gumbel,5000,True,0.014484933684693946,0.010513755081654606,1.0572325015445472e-08
159,FKML,GLDEX,1.2,0.326248831906541,1.22191545305754,0.345366574173504,-0.0563468711848503,Gumbel,5000,True,0.012532170846721313,0.007287252133353167,0.04294404370555971
159,RS,GLDEX,5.97,-0.132571738821382,0.0007444111342426,0.0002488041341602,0.0007897444916277,Gumbel,5000,True,0.013864480646708477,0.00643266067668256,0.006703798182502663
160,FKML,GLDEX,1.54,0.287077513993435,1.25375709089385,0.330212147209015,-0.0632254323194301,Gumbel,5000,True,0.01847243059930316,0.009898882697526734,0.10048875136823598
160,RS,GLDEX,5.55,-0.205026833991258,0.0005844942217912,0.0001790318435214,0.0006225416569289,Gumbel,5000,True,0.017887400302492584,0.009832163890095216,0.003241035942670889
161,FKML,GLDEX,0.99,0.32680589785297,1.23255302748022,0.30986831256038,-0.0472522616689235,Gumbel,5000,True,0.01930672339781124,0.009645557182371102,0.09192736768056942
161,RS,GLDEX,5.5,-0.118977403834939,-0.0004957257089537,-0.0001936040457486,-0.0005018225676534,Gumbel,5000,True,0.019485969635200218,0.018103717146432868,0.08809083239678306
162,FKML,GLDEX,1.01,0.317557164839269,1.23595710034503,0.313975087114102,-0.0454596719220532,Gumbel,5000,True,0.01944511232733953,0.00967929345597056,0.15282383195291338
162,RS,GLDEX,5.35,-0.0252691500043758,-0.0007423720950287,-0.0002916540511039,-0.0007336362147337,Gumbel,5000,True,0.01453143399648027,0.008836582154769594,0.17053617015433087
163,FKML,GLDEX,1.17,0.341519370259052,1.2313481538824,0.318382026494217,-0.0301501194026398,Gumbel,5000,True,0.014184096428427564,0.011003612645544102,0.08085284974489648
163,RS,GLDEX,5.37,-0.166436415735646,0.0397340349365296,0.0130672175020129,0.0442162037122766,Gumbel,5000,True,0.011034235675811493,0.005469969106195049,8.647189631005858e-09
164,FKML,GLDEX,1.05,0.276024939778064,1.26856711018585,0.332903679614954,-0.064213953795014,Gumbel,5000,True,0.017571573419864484,0.012736502388825465,0.08533136371099403
164,RS,GLDEX,5.56,-0.216028164432089,0.0006149030430345,0.0001829412860805,0.0006525296593589,Gumbel,5000,True,0.021095414295934423,0.011651383343513254,0.018639094206798656
165,FKML,GLDEX,1.06,0.312948742291471,1.19797198992624,0.326311485591016,-0.0589164194635173,Gumbel,5000,True,0.025313249598825818,0.012642082695011304,0.11298153051028637
165,RS,GLDEX,5.6,-0.167421915356433,0.0009057267727342,0.0003086561912149,0.0009920057228848,Gumbel,5000,True,0.007508839374651485,0.007500308285749149,0.04079947176092413
166,FKML,GLDEX,1.26,0.337669329061076,1.20051604689122,0.326137220347604,-0.022419500534323,Gumbel,5000,True,0.01937489778426682,0.011886384923581173,0.10504271605228788
166,RS,GLDEX,6.27,-0.222115248477055,0.0527736734161748,0.0163457325366646,0.0621975697448307,Gumbel,5000,True,0.008863395935445662,0.004168209122636988,3.1400993977406906e-06
167,FKML,GLDEX,2.16999999999999,0.331561921846942,1.23245276332418,0.33118087826332,-0.0407389536645315,Gumbel,5000,True,0.012396952592350172,0.008775448761744575,0.0504988753079334
167,RS,GLDEX,11.55,-0.134371651864321,0.021242816308329,0.0072125312578579,0.0227313508856157,Gumbel,5000,True,0.011940022232313635,0.005789078065431661,8.234697779766487e-09
168,FKML,GLDEX,2.29,0.318092342162807,1.25248435158046,0.321209541850864,-0.0526499452695088,Gumbel,5000,True,0.013872518922273785,0.008090557026789005,0.0645224389256891
168,RS,GLDEX,10.72,-0.102997764603917,0.0018785135985924,0.0006633615231636,0.0019187371825981,Gumbel,5000,True,0.01064003376720371,0.007399734962026324,0.031597794652050704
169,FKML,GLDEX,2.22,0.336057731651912,1.24349104332235,0.312592732863615,-0.0571637655337296,Gumbel,5000,True,0.014387489687227487,0.008499272595007018,0.08863329361450223
169,RS,GLDEX,5.84999999999999,-0.149859622972858,0.0068586538626147,0.0022410724794803,0.0073596183780592,Gumbel,5000,True,0.013536431279127126,0.005857898256329055,2.2988741150697933e-06
170,FKML,GLDEX,0.930000000000007,0.319597096316103,1.22592916438515,0.327417985640674,-0.0542487236465839,Gumbel,5000,True,0.01742902124371626,0.007997649327781079,0.10859405436901359
170,RS,GLDEX,4.5,-0.209139973605736,0.0145819297646196,0.0044600551028844,0.016251273796772,Gumbel,5000,True,0.010222329558639956,0.006278741026134428,3.40463000014779e-08
171,FKML,GLDEX,0.909999999999997,0.325358100164755,1.18367392762087,0.359433927177583,-0.0425014295406306,Gumbel,5000,True,0.01671189521075596,0.009899723646974133,0.08785252552117662
171,RS,GLDEX,4.61999999999999,-0.215962839834059,0.0251603570100421,0.0076936964655585,0.0290276382196809,Gumbel,5000,True,0.010398819407987758,0.00714151765958974,1.9151363606084715e-08
172,FKML,GLDEX,1.41000000000001,0.344069831957284,1.20116167089524,0.333267308986512,-0.0235919649511657,Gumbel,5000,True,0.016143098473768602,0.011408899336913095,0.0944397910075001
172,RS,GLDEX,6.3,-0.209070558892567,0.0496332758092366,0.0155252283786701,0.0579904442847129,Gumbel,5000,True,0.010287968732284769,0.004888992304352812,8.651823035776829e-09
173,FKML,GLDEX,1.11,0.31447591331994,1.18794683637846,0.351076764478972,-0.0344517155287935,Gumbel,5000,True,0.020613582704051045,0.009466412375424579,0.10840033642337166
173,RS,GLDEX,5.83,-0.261957628912002,0.0388605660691419,0.0113804681921403,0.0460415266213825,Gumbel,5000,True,0.007809929249066372,0.005585059247724677,4.665831232486539e-08
174,FKML,GLDEX,1.12,0.323130748579052,1.23708934411816,0.307886976239271,-0.0550276989749382,Gumbel,5000,True,0.019671719559740605,0.009031773551489706,0.11349220422420192
174,RS,GLDEX,5.41,-0.192015239488179,0.0143709009088072,0.0045280771475347,0.0159055465711724,Gumbel,5000,True,0.009518902304482518,0.005633442950746998,1.2226634371614864e-08
175,FKML,GLDEX,1.09,0.303186332291298,1.22964930643296,0.304101209226431,-0.0601612416196356,Gumbel,5000,True,0.026622386308535168,0.01020535780199801,0.16421622317252393
175,RS,GLDEX,5.08999999999999,-0.286683768392447,0.0168936601348475,0.0047923157768361,0.0195306084366154,Gumbel,5000,True,0.0187130311060143,0.009984252878650486,5.998025569808108e-07
176,FKML,GLDEX,1.38000000000001,0.328688986472911,1.175484543513,0.355236713607887,-0.011900666867293,Gumbel,5000,True,0.01899101054647208,0.011553069982084805,0.11428251280284285
176,RS,GLDEX,5.19,-0.312875382346579,0.0655076100071508,0.0185094981024863,0.0814349969207092,Gumbel,5000,True,0.013156488447500947,0.006160776783529408,5.788470538979385e-09
177,FKML,GLDEX,1.07000000000001,0.288268713808448,1.20836135153355,0.345974710718925,-0.0461763902670258,Gumbel,5000,True,0.023911199198794003,0.00944493447107478,0.1258048934737548
177,RS,GLDEX,5.47,0.028970816128256,0.0004718860711446,0.000177281461357,0.0004775641574229,Gumbel,5000,True,0.04502662695250781,0.02387976702368173,0.1452176183603877
178,FKML,GLDEX,1.28,0.355505895945531,1.21096317585069,0.32792258078055,-0.0454754100787651,Gumbel,5000,True,0.02087349768703295,0.011179675400273056,0.10734959842515246
178,RS,GLDEX,5.16,-0.186203118993493,0.0252782231484927,0.0077995847861443,0.028814170659977,Gumbel,5000,True,0.01690765043277956,0.010265288492461487,1.10726569933179e-06
179,FKML,GLDEX,1.0,0.327111854160268,1.2385636229925,0.340981529607488,-0.0540701586918214,Gumbel,5000,True,0.011405672740923412,0.006767950222175134,0.07293881565871696
179,RS,GLDEX,5.44999999999999,-0.162194946537984,0.0082272619809972,0.0026216052416855,0.0088401187545982,Gumbel,5000,True,0.014432726888214509,0.006124629590873804,1.8303884417036898e-06
180,FKML,GLDEX,1.48,0.352383349327601,1.23893893218765,0.32569502192264,-0.0626497841584361,Gumbel,5000,True,0.019695157851129963,0.009746849431124414,0.07802537371228202
180,RS,GLDEX,5.58,-0.148980742044127,0.0015792104409209,0.0004943884743015,0.0017070901225788,Gumbel,5000,True,0.021651142549505037,0.01075009590648966,0.01956898674267893
181,FKML,GLDEX,1.08,0.336876266394872,1.22366448085345,0.3134173342979,-0.0239995537717233,Gumbel,5000,True,0.018120697135161387,0.012118787232281868,0.10823595073927328
181,RS,GLDEX,5.34,-0.215700390029484,0.0521687837254625,0.016327093242524,0.0604059434708551,Gumbel,5000,True,0.008064378150793944,0.005020197226496534,7.492505282868933e-09
182,FKML,GLDEX,1.11,0.350362123234727,1.15024133617463,0.329116075542162,-0.023610104034128,Gumbel,5000,True,0.027094383191905047,0.017120641492320454,0.16576282635634643
182,RS,GLDEX,5.44,-0.346155837858876,0.0593035480519438,0.0158273158068187,0.0780664450890126,Gumbel,5000,True,0.015199473896759574,0.011311158967444813,7.396307344365027e-09
183,FKML,GLDEX,1.22,0.307953052128613,1.22986363875778,0.336789294209675,-0.0444516222553551,Gumbel,5000,True,0.016734621328520702,0.008419490845416674,0.10413230654466421
183,RS,GLDEX,5.4,-0.225449832324266,0.0266114467473109,0.0079558191751605,0.0298574816269144,Gumbel,5000,True,0.011017026528749474,0.006308570538488885,6.841036573215453e-09
184,FKML,GLDEX,1.0,0.354091014272284,1.2170169364226,0.328834414646991,-0.0325513921370092,Gumbel,5000,True,0.019003689382649958,0.01098498313947673,0.11882090745129659
184,RS,GLDEX,5.32,-0.241525166388855,0.0436600569783393,0.0128946464200234,0.0511061113206966,Gumbel,5000,True,0.010842992071853172,0.004642063709522132,1.145129591151317e-08
185,FKML,GLDEX,1.14,0.328559564690165,1.2274328792173,0.312139092358152,-0.0421197867446935,Gumbel,5000,True,0.019390428956412575,0.01011301059368386,0.12821704539008816
185,RS,GLDEX,5.42,-0.236066713086284,0.0336090946880102,0.0101041878062082,0.038677200227957,Gumbel,5000,True,0.008234083004470122,0.004966002814237591,7.805804718786522e-09
186,FKML,GLDEX,0.949999999999996,0.318015300138582,1.24047253607547,0.29307896215179,-0.0276148808434766,Gumbel,5000,True,0.024131994642747442,0.014347287200636083,0.10552982893108809
186,RS,GLDEX,5.27,-0.209860354195924,0.047191751142409,0.0155379005767458,0.0531881514104798,Gumbel,5000,True,0.012956216063115922,0.009988773756073035,1.3201576219520697e-08
187,FKML,GLDEX,2.36,0.299243391259573,1.29617100019608,0.322087715111466,-0.0982458172167652,Gumbel,5000,True,0.008864276843892141,0.005466049639266583,0.04377226284427027
187,RS,GLDEX,10.61,-0.169367146156356,0.0002705789208271,3.57864018253394e-05,0.0003202527092545,Gumbel,5000,True,0.1434058619654861,0.07468740535332856,0.26742679502141486
188,FKML,GLDEX,2.95,0.333949275059929,1.24818651057191,0.319596747359556,-0.0479538409204058,Gumbel,5000,True,0.011889500754393906,0.008659427054417532,0.08084422140606096
188,RS,GLDEX,11.08,-0.15156725392386,0.017740143478032,0.0057529771199604,0.0190666342961778,Gumbel,5000,True,0.014979925466796579,0.005921328234424724,1.593915488484754e-08
189,FKML,GLDEX,2.22,0.318684000190146,1.24191725283866,0.29266718567263,-0.0416589478546619,Gumbel,5000,True,0.023790109819421895,0.012108467876860768,0.14229152568122505
189,RS,GLDEX,6.18000000000001,-0.237481220074869,0.0367446773150509,0.0111079784784239,0.0421128939861689,Gumbel,5000,True,0.010627452572270157,0.0055192370245715095,6.624731465122818e-09
190,FKML,GLDEX,0.939999999999998,0.348164907317945,1.17413512415976,0.345445024794391,-0.022109250117027,Gumbel,5000,True,0.019894406419135202,0.012616903304621226,0.10992323797232473
190,RS,GLDEX,4.17,-0.248851065257506,0.0530756240905321,0.0157336241589214,0.064595382150957,Gumbel,5000,True,0.010263072748486826,0.007508934606618181,1.1690787671270186e-08
191,FKML,GLDEX,1.0,0.313340149842992,1.24806764287156,0.335427481073565,-0.0620505752611761,Gumbel,5000,True,0.011919824407421897,0.006175005690684443,0.07578044999894851
191,RS,GLDEX,4.36,-0.0565094446122733,0.0003809849876607,0.0001189239413005,0.0004017328652933,Gumbel,5000,True,0.05106678244271748,0.027012327579653227,0.08250790879539581
192,FKML,GLDEX,1.23999999999999,0.343949644548257,1.24649578899662,0.318786267129154,-0.0633813176124753,Gumbel,5000,True,0.01632861880339087,0.008460211644432126,0.09156790303144957
192,RS,GLDEX,7.31,-0.152179443452202,0.0010119557645551,0.0003180200956782,0.0010865315168492,Gumbel,5000,True,0.019554799823267188,0.008329826442156334,0.008534861013717698
193,FKML,GLDEX,1.14,0.331610591024932,1.22823292693832,0.313925794421633,-0.0327941296700948,Gumbel,5000,True,0.018098934252163204,0.011005825071671737,0.10606461699778735
193,RS,GLDEX,5.8,-0.209083959648385,0.0412359817660616,0.0129518059790049,0.0469413369910169,Gumbel,5000,True,0.007963106135139258,0.004910528433013889,8.800252118948152e-09
194,FKML,GLDEX,1.06999999999999,0.345553426073399,1.26138207657147,0.261200857225034,-0.0462298822347473,Gumbel,5000,True,0.02338358486582684,0.013222282750024168,0.18525502732361
194,RS,GLDEX,5.75,-0.25132872315677,0.0381944265925548,0.0112809986782801,0.0444348643101943,Gumbel,5000,True,0.009707578292763586,0.0052267574055789925,6.049176561266364e-09
195,FKML,GLDEX,1.18000000000001,0.333369833107788,1.25621055430134,0.288822638305428,-0.0562993770827637,Gumbel,5000,True,0.01899659839345058,0.009921504664294211,0.11276378674820076
195,RS,GLDEX,5.37,-0.002438410462276,-0.0004030656097006,-0.0001461849530888,-0.0004107173129856,Gumbel,5000,True,0.04051491215561226,0.020880413649551392,0.06193307016527656
196,FKML,GLDEX,1.14,0.334539905082377,1.19175569015739,0.350110525955819,-0.0398760724166076,Gumbel,5000,True,0.016155174286590968,0.009791824526307506,0.07559551864467728
196,RS,GLDEX,5.30999999999999,-0.190054939377789,0.026294876703222,0.0083973567644733,0.0298860470466769,Gumbel,5000,True,0.009682621084154353,0.006270805017623769,2.509909391434917e-08
197,FKML,GLDEX,1.22,0.327181152774893,1.19677668994794,0.342746254286329,-0.031736519177878,Gumbel,5000,True,0.01791366911072545,0.009854608013978057,0.1194969882674386
197,RS,GLDEX,5.13,-0.261435105545489,0.0443322137221973,0.0127462973414989,0.0528517875927813,Gumbel,5000,True,0.010771871066708114,0.005405994293475471,1.0222397828481718e-08
198,FKML,GLDEX,1.04000000000002,0.298438064399398,1.23812989020145,0.306976264623619,-0.047678155904639,Gumbel,5000,True,0.025172472976614985,0.012063974128187657,0.14221257100368812
198,RS,GLDEX,5.51999999999998,-0.269234912094431,0.028939915062483,0.0084977959763136,0.0331610717044454,Gumbel,5000,True,0.018739914089421827,0.0083661709173728,2.4829334810405612e-08
199,FKML,GLDEX,0.969999999999999,0.346899546526625,1.22657458412177,0.293924702604329,-0.0233086586842518,Gumbel,5000,True,0.020961571005326224,0.013703188303240658,0.1460612103293053
199,RS,GLDEX,5.08000000000001,-0.255419046994703,0.0591088262494148,0.0177043169338043,0.0706595830102154,Gumbel,5000,True,0.006827200101676811,0.004653909487448328,4.851989254817113e-09
200,FKML,GLDEX,1.63,0.535750066263487,1.76496934286678,1.03074494045875,1.22134572140864,Uniform,1000,True,0.023989546788870886,0.016088726393104744,0.038527630355300595
200,RS,GLDEX,2.89,0.492745794537006,1.97275971088792,1.03072330887893,1.19911921712832,Uniform,1000,True,0.024098483414285,0.016177626719971333,0.03920367223770936
201,FKML,GLDEX,1.04,0.483864435002796,2.26313673899365,0.907466514072927,0.83498813077382,Uniform,1000,True,0.015273913235633985,0.008626074165563748,1.1000925225848509e-07
201,RS,GLDEX,2.65,0.951217890250201,1.05148673131448,0.986713922330995,0.0148863898082474,Uniform,1000,True,0.014399283138259222,0.00893413611875511,0.0056501438951854135
202,FKML,GLDEX,1.19,0.489061794414536,2.37102368510786,0.853463729534363,0.789874256493499,Uniform,1000,True,0.013220798141960755,0.00786242466142856,1.6166449296966517e-08
202,RS,GLDEX,2.7,0.509172239335153,1.94509711432336,0.859655500177071,0.782130847629643,Uniform,1000,True,0.013225933561592629,0.007858470719580972,6.281238950556948e-08
203,FKML,GLDEX,1.25,0.487617736796017,1.78960544206295,1.14595115181164,1.09126104076866,Uniform,1000,True,0.012459817358898534,0.007183114055481585,0.029029326025408222
203,RS,GLDEX,2.68,0.499618872180479,2.00153868087672,1.14205838801943,1.0934913170025,Uniform,1000,True,0.012572837166324069,0.0072215406706030265,0.02817386030382521
204,FKML,GLDEX,1.32,0.54185016345782,1.42747591103258,1.29354505221135,1.51718003741807,Uniform,1000,True,0.02917367049677977,0.017548639744485544,0.05596144981340322
204,RS,GLDEX,2.74,0.021563271708919,1.02297196564991,1.57655974661407e-06,1.06583478373581,Uniform,1000,True,0.03221866955125979,0.02878514727187517,0.03274883913173142
205,FKML,GLDEX,1.26,0.450161957858317,1.90710329189339,1.16625807777765,0.944405289288714,Uniform,1000,True,0.03274737459886812,0.02483181458142126,0.008083776867686108
205,RS,GLDEX,2.71,0.503099020049609,1.9898832392604,1.14702423796844,0.937302389785224,Uniform,1000,True,0.03276783497010255,0.02486508700693243,0.008692942431304546
206,FKML,GLDEX,1.36,0.48509458978973,1.95608566799719,1.05403060853907,0.947836032028088,Uniform,1000,True,0.020869724487414643,0.007987690307260575,0.024468137751806677
206,RS,GLDEX,2.73,0.512277591922622,1.95235407005815,1.05116523749967,0.945098035048186,Uniform,1000,True,0.02088153164557005,0.00799403208307965,0.02451514418210765
207,FKML,GLDEX,1.2,0.502964234639589,2.18364859321609,0.896894746761475,0.909418282673879,Uniform,1000,True,0.005748429692979286,0.0031445796620448523,1.78396779856783e-08
207,RS,GLDEX,2.75,0.499439830541115,1.97207930587095,0.896190806420635,0.910054296752864,Uniform,1000,True,0.0057509885,0.003144394393657239,7.385674494967425e-09
208,FKML,GLDEX,1.18,0.491250714549365,2.44989348373431,0.819341052295949,0.782299962779537,Uniform,1000,True,0.018380175506172547,0.010789521896507778,1.634775242080532e-08
208,RS,GLDEX,2.5,0.503209999749379,1.96079669816896,0.823753500712456,0.777377209125452,Uniform,1000,True,0.01839428324631831,0.010787013805375856,2.5896600704115264e-08
209,FKML,GLDEX,1.32,0.491858703119449,1.37096434234446,1.48615250045018,1.42572376180445,Uniform,1000,True,0.014656936656583242,0.010505596236167461,0.014105280223983808
209,RS,GLDEX,2.74,0.502414154331942,1.99456628155201,1.47508566287632,1.4357754434845,Uniform,1000,True,0.014839161662562106,0.010612424970017208,0.014846539747862552
210,FKML,GLDEX,1.25,0.488605563905752,2.20188807702553,0.932365783993684,0.86103815741096,Uniform,1000,True,0.011125291186995456,0.0054658624696346456,0.015292047271556851
210,RS,GLDEX,2.7,0.0292730698494628,1.01999661598051,0.0056047359437791,0.936771985290774,Uniform,1000,True,0.009675160028249086,0.006713329730370248,5.3923833761468164e-08
211,FKML,GLDEX,1.3,0.479122129961044,1.90189645280089,1.0979379583631,1.00884664996019,Uniform,1000,True,0.014844355848344482,0.010851899506398609,0.008151114277597264
211,RS,GLDEX,4.14,0.500291042145444,1.9997663049235,1.09347542622141,1.00895478327146,Uniform,1000,True,0.014846303630491997,0.010848174051533233,0.008268421294113825
212,FKML,GLDEX,2.41,0.495241288263583,2.19174339132821,0.891240815160298,0.905028783471909,Uniform,1000,True,0.013039080157132857,0.007222714957696359,0.017294825712803354
212,RS,GLDEX,6.45,0.491222323277982,1.96790277246075,0.890272045760107,0.905858177440191,Uniform,1000,True,0.013250973499999999,0.0073053448333814585,0.017754272431515103
213,FKML,GLDEX,2.69,0.508143432777741,1.37556258678625,1.43119563586006,1.48612036700021,Uniform,1000,True,0.013771114089928815,0.00908197793161669,0.03993278609444967
213,RS,GLDEX,5.53,0.498757392191962,2.00576222777981,1.44840322144869,1.48403537218404,Uniform,1000,True,0.013935537093454187,0.009085193045430937,0.039850605429588744
214,FKML,GLDEX,2.45,0.504072555267132,1.98003510927207,0.993694012204044,1.01256788780907,Uniform,1000,True,0.004041867514248097,0.0028965428714341616,3.29916507387714e-07
214,RS,GLDEX,5.47,0.499335707160399,1.98605912673683,0.993634105834858,1.01244888325642,Uniform,1000,True,0.004041834922827979,0.002896510278200015,1.9906156992267817e-08
215,FKML,GLDEX,2.06,0.483018321034653,1.84999850124201,1.12050995703209,1.03035439453133,Uniform,1000,True,0.012887442642657565,0.008461353731983066,0.030427953466917994
215,RS,GLDEX,3.27,0.5044831711441,1.98463466025733,1.11520525892535,1.03150123213163,Uniform,1000,True,0.012730223029839616,0.008415471294503752,0.03199594797908589
216,FKML,GLDEX,1.08,0.533645556379285,1.81222038442614,1.0207059206832,1.18374372269846,Uniform,1000,True,0.022942219363262573,0.01563715177477903,3.066599089549645e-08
216,RS,GLDEX,2.11,0.496314614328822,1.9866814818817,1.02067380608244,1.16814394995588,Uniform,1000,True,0.022936862577586536,0.015639301761907504,9.898152712049074e-08
217,FKML,GLDEX,1.04000000000001,0.493892460651081,1.77255629489,1.13952413959602,1.10435393562863,Uniform,1000,True,0.010518440145539043,0.007207408238203352,6.666076328378569e-08
217,RS,GLDEX,2.02,0.501794805900417,1.98821935201812,1.13719329373972,1.10591489705691,Uniform,1000,True,0.010521788647094577,0.007206920892320457,2.1179695887571686e-08
218,FKML,GLDEX,1.03999999999999,0.535828476251384,1.37880398237763,1.35919836418262,1.53960538612512,Uniform,1000,True,0.028482295365960364,0.016720778080913462,0.0415184565132829
218,RS,GLDEX,2.07000000000001,0.503828409494627,1.99362636254721,1.38945143577253,1.51265053868991,Uniform,1000,True,0.028563941713928842,0.016671039322011322,0.04084919288247857
219,FKML,GLDEX,0.829999999999998,0.515627704958822,2.00024419639351,0.937846030208251,1.03347313127158,Uniform,1000,True,0.014602677362906696,0.006888739530455599,0.04025991142805521
219,RS,GLDEX,2.03,0.491182216592205,1.96776045657992,0.935345807446031,1.03222040971204,Uniform,1000,True,0.0142509715,0.006954900976410053,0.039487597868197825
220,FKML,GLDEX,1.6,0.476927429958299,1.84993707233987,1.133630627162,1.0303684251904,Uniform,1000,True,0.01684660895560408,0.011476123137101607,0.030435024925980596
220,RS,GLDEX,2.8,0.500711447727354,1.99751232204836,1.12530359380137,1.03016398861203,Uniform,1000,True,0.016900361657818608,0.011592546144721402,0.02972876491645753
221,FKML,GLDEX,1.2,0.50284224452397,1.90185139559043,1.0260243936533,1.05815744521761,Uniform,1000,True,0.009857415132874279,0.004688251272325996,0.025711712277312834
221,RS,GLDEX,2.65,0.495055115209868,1.98140704453422,1.02637333394764,1.05722229625633,Uniform,1000,True,0.009867136273974762,0.004691287645969962,0.025734722336886298
222,FKML,GLDEX,1.2,0.503501311099543,2.1620124003721,0.893171635115798,0.932682460356616,Uniform,1000,True,0.011000978,0.003205823189950676,0.026001969191810647
222,RS,GLDEX,2.7,0.492466258588456,1.97257754683038,0.891243193909872,0.934810700513112,Uniform,1000,True,0.011109944549384427,0.003175203365324494,0.026453269746537604
223,FKML,GLDEX,1.31,0.488101126669609,1.89595174142214,1.08335537807514,1.00659859307484,Uniform,1000,True,0.011659888462378976,0.006440854484877438,0.00608240056608955
223,RS,GLDEX,2.64,0.506718484936479,1.97833814456493,1.08004810277416,1.00661294394729,Uniform,1000,True,0.011754263730693992,0.006449238443385361,0.006300693496713432
224,FKML,GLDEX,1.25,0.49974125178499,2.32204554114701,0.837576875670816,0.82525200560278,Uniform,1000,True,0.014062770913815137,0.004730586431662439,4.545556822844696e-08
224,RS,GLDEX,2.74,0.503615543440367,1.93047008397905,0.838804045947125,0.823965578469484,Uniform,1000,True,0.014074181653841444,0.004730292603097882,6.639750080933628e-08
225,FKML,GLDEX,1.28,0.476348846794313,1.93003375063678,1.08825322631509,0.960096077994798,Uniform,1000,True,0.015068651364406438,0.010880941402790726,0.03111830559369305
225,RS,GLDEX,2.61,0.508208680543376,1.96863005915387,1.08230627992709,0.957219877222756,Uniform,1000,True,0.015040682043416964,0.010872254504383618,0.0314205695216882
226,FKML,GLDEX,1.28,0.499623570003657,2.21499755040205,0.868214654735165,0.907352337391208,Uniform,1000,True,0.015000969999999999,0.005926886746890292,1.1175505191906583e-07
226,RS,GLDEX,2.61,0.488368528997887,1.96545396759263,0.865418882646218,0.909499680085411,Uniform,1000,True,0.015000969999999999,0.005926953136819686,1.708807156847984e-08
227,FKML,GLDEX,1.17,0.514415059880327,1.89597821018439,1.00914695535746,1.08745929949066,Uniform,1000,True,0.010480248672674719,0.007111507762650611,0.01208783472043081
227,RS,GLDEX,2.75,0.495940382831379,1.98285434514276,1.00942329666107,1.08428515649545,Uniform,1000,True,0.01109275455346559,0.007552139005766369,0.01413671965570056
228,FKML,GLDEX,1.3,0.493350812843553,2.25288664741121,0.860983914762371,0.876657018734719,Uniform,1000,True,0.01631099360941426,0.009595043602028433,0.008695867407676881
228,RS,GLDEX,2.55,0.488661731165447,1.95688621159832,0.85960223981482,0.877654088449016,Uniform,1000,True,0.016443222005641047,0.009656290617202122,0.008931641923112214
229,FKML,GLDEX,1.11,0.525162001490141,2.03377876451656,0.927732551107161,1.0276405559978,Uniform,1000,True,0.01755319199773131,0.014114925322993847,8.627438260302048e-08
229,RS,GLDEX,2.62,0.49938090799662,1.98317899979694,0.924199429219824,1.02637405287603,Uniform,1000,True,0.0175511481593974,0.014115491593933467,4.364365757003249e-08
230,FKML,GLDEX,1.19,0.486457250204226,2.45744671195904,0.828801937952718,0.768302512422559,Uniform,1000,True,0.02076778434021176,0.011870393575098302,1.2345172645838268e-07
230,RS,GLDEX,2.59,0.0624105777503505,1.05786152662948,0.0162807913596053,0.896295081484099,Uniform,1000,True,0.01957046533397344,0.01248619833973454,1.880847479346955e-07
231,FKML,GLDEX,1.28,0.502435561019661,1.8137875937887,1.09011542096111,1.10899353435166,Uniform,1000,True,0.007475799112965448,0.005312718832983379,0.037126359359996246
231,RS,GLDEX,4.35,0.498474483626077,1.99557869559917,1.09169257078643,1.1086583975612,Uniform,1000,True,0.00711441307933125,0.00517269160747714,0.03587516043971023
232,FKML,GLDEX,3.09,0.53964583160906,2.00800145169556,0.905762241789232,1.08481593379151,Uniform,1000,True,0.02593676672550216,0.01952976107988826,0.01025270427105775
232,RS,GLDEX,6.03,0.49450974933586,1.98331182271548,0.898105625718419,1.07790026932727,Uniform,1000,True,0.026213000009448373,0.01980710619179282,0.00942969929148333
233,FKML,GLDEX,2.55,0.524440420968148,2.48424505529072,0.743131146621419,0.846678591849795,Uniform,1000,True,0.0289061842444078,0.016530494012084444,0.017807637458273552
233,RS,GLDEX,5.45,0.943473362688131,1.04086912675077,0.878456972868192,0.0129871464004466,Uniform,1000,True,0.02085436231779414,0.013252682205043309,2.1571600771494517e-08
234,FKML,GLDEX,2.22,0.486067683214242,1.83646493803094,1.12419124564144,1.06235322985667,Uniform,1000,True,0.011518500837092938,0.006989505793852827,0.015795326258612033
234,RS,GLDEX,5.23999999999999,0.500136290614943,2.0062654807154,1.12652694733527,1.06960558638365,Uniform,1000,True,0.01182829035197358,0.0070934533217923874,0.017059727262780974
235,FKML,GLDEX,2.90000000000001,0.504615398174948,1.75558315546218,1.11339650282063,1.15096905579326,Uniform,1000,True,0.011061370872792006,0.0074588212712877,0.029100268635077246
235,RS,GLDEX,3.36,0.496243388472687,1.98700833045003,1.11515932743291,1.14825001471552,Uniform,1000,True,0.011074632996315475,0.007471159766367401,0.02919263453883412
236,FKML,GLDEX,1.14,0.484032350514386,1.36167334507082,1.51742714104413,1.42643452579924,Uniform,1000,True,0.01767976406889693,0.01031687345333897,0.03290965977795694
236,RS,GLDEX,2.08,0.499468610944677,2.00236848271339,1.49378904895208,1.43612385111901,Uniform,1000,True,0.01805793814661638,0.010429731786911266,0.03333144896122442
237,FKML,GLDEX,0.890000000000001,0.506956922384295,2.54122791702995,0.747383984452511,0.75917685600813,Uniform,1000,True,0.019375174195001815,0.010686583215279148,4.135904714572975e-08
237,RS,GLDEX,1.92,0.922376944461217,1.07485088204053,0.895876836059167,0.0250127263362729,Uniform,1000,True,0.017446665107018783,0.011133462739401606,7.394038793836655e-08
238,FKML,GLDEX,0.959999999999994,0.489081076388357,2.31056838647192,0.881399334830073,0.827823289993158,Uniform,1000,True,0.014034123503958051,0.008042583197082271,7.54476843298775e-08
238,RS,GLDEX,2.18000000000001,0.0416619266053765,1.03600636787353,0.0104242121456979,0.926155963094486,Uniform,1000,True,0.013331747047245046,0.008461201125141352,2.195597163263246e-06
239,FKML,GLDEX,1.67,0.446366334808204,2.06791608445494,1.08342666982406,0.852091521666254,Uniform,1000,True,0.036347691722594666,0.02779212037783079,0.0010874010197467017
239,RS,GLDEX,2.97,0.507158477033696,1.9718656238995,1.07484385413558,0.835830968040486,Uniform,1000,True,0.03633995575830029,0.027828604456830507,0.0015316745407588078
240,FKML,GLDEX,1.28,0.453029953805195,1.38786272781958,1.57504507948776,1.32147252930081,Uniform,1000,True,0.03085127616104716,0.018810715994754562,0.01932285241548634
240,RS,GLDEX,2.69,0.497782758828176,1.99801483038671,1.53656899979671,1.3670761499016,Uniform,1000,True,0.030886840720444064,0.018640972943349727,0.0177140430052629
241,FKML,GLDEX,1.23,0.504685704575181,1.8093829679002,1.09252985945465,1.11795373326245,Uniform,1000,True,0.007833678661367971,0.0050032275990394654,0.024592174659172857
241,RS,GLDEX,2.65,0.49868437136395,1.9985450393666,1.09256874074706,1.11577781117615,Uniform,1000,True,0.007735169762537519,0.005070795221147679,0.025422031148442846
242,FKML,GLDEX,1.12,0.484994071178332,2.08937624045299,0.972922277380425,0.929669556906083,Uniform,1000,True,0.012606879409278848,0.010629523674168992,0.015366736940552335
242,RS,GLDEX,2.72,0.497253238979842,1.9898120195584,0.973636782898922,0.927608050272914,Uniform,1000,True,0.012162352601567394,0.009806393383216648,0.011963067854998831
243,FKML,GLDEX,1.44,0.457429426481572,1.67373720297783,1.30674268793659,1.08106247186024,Uniform,1000,True,0.028215253053333667,0.018398861550143555,0.011757029615552188
243,RS,GLDEX,2.73,0.505405705823634,1.97943925448507,1.26927314164911,1.08245808573752,Uniform,1000,True,0.0284284770485263,0.01856837493638624,0.013117385685914485
244,FKML,GLDEX,1.25,0.495953987223542,1.99523820577551,1.0108789363173,0.989891977782114,Uniform,1000,True,0.0025410129805899517,0.0018456529608473354,0.008842970802222632
244,RS,GLDEX,2.66,0.501122387520898,1.99613580619107,1.01088685075069,0.989996638356079,Uniform,1000,True,0.0026003791277739996,0.001888901809726832,0.008547485402707874
245,FKML,GLDEX,1.37,0.521418732067416,1.64799972646578,1.16362639415596,1.26978059323371,Uniform,1000,True,0.01877125702293103,0.01087474726647515,3.468986877347345e-08
245,RS,GLDEX,2.75,0.499479727248614,2.00140023665787,1.1690792990069,1.25546521518719,Uniform,1000,True,0.01878404899518238,0.010871119504888884,5.266438454217505e-08
246,FKML,GLDEX,1.35,0.550636104645588,1.38821027804476,1.31373918017209,1.58277407158986,Uniform,1000,True,0.03293570191338502,0.020502311446879397,0.014617570788652001
246,RS,GLDEX,2.81,0.502985599059845,1.99731800497642,1.36508897279643,1.54674798959472,Uniform,1000,True,0.03289943713570531,0.020284159253074,0.012933549538534983
247,FKML,GLDEX,1.5,0.523576839158981,1.37169679089221,1.39444585654154,1.50591486077926,Uniform,1000,True,0.025088353336057745,0.014416547723475065,0.011043139096379884
247,RS,GLDEX,2.75,0.503857010660843,1.98773266779884,1.41475189971521,1.48863444181509,Uniform,1000,True,0.02502650605765666,0.014281505936522105,0.010746456303055485
248,FKML,GLDEX,1.15,0.538722899838216,2.13362187744481,0.842635908111068,1.01456250521725,Uniform,1000,True,0.02644018251729685,0.019635217537390285,2.827973043382681e-08
248,RS,GLDEX,2.68,0.491430046673504,1.96395267103621,0.829442671112701,1.01464359187496,Uniform,1000,True,0.0264219330354713,0.019640067876310605,2.5550567611230392e-08
249,FKML,GLDEX,1.2,0.526189796292138,2.2781571592972,0.80566275763449,0.911321777331098,Uniform,1000,True,0.02166268358312129,0.014809398163050765,5.305374678733206e-08
249,RS,GLDEX,2.66999999999999,0.494378624747796,1.94804457167533,0.794643713705091,0.917828882420347,Uniform,1000,True,0.0216506983975977,0.014815709717427907,3.2962256103913515e-08
250,FKML,GLDEX,4.08000000000001,0.500927379114668,2.02367173072756,0.987105952470691,0.987151447350331,Uniform,5000,True,0.0015088559917879607,0.0010235844104597126,0.006387745465230806
250,RS,GLDEX,14.61,0.500997894683376,1.99729707123337,0.986952459915402,0.986857559323347,Uniform,5000,True,0.001607328056906443,0.0010948422672388198,0.0066388569198350626
251,FKML,GLDEX,4.59,0.503667841252782,2.0719444317239,0.941073352205203,0.972535816076897,Uniform,5000,True,0.007876811537744177,0.0015225095032865678,0.01754986438113338
251,RS,GLDEX,11.57,0.495237979881892,1.98138338187341,0.93992678923427,0.97322890542334,Uniform,5000,True,0.008102470263698005,0.001519576607962949,0.018083691797257412
252,FKML,GLDEX,2.0,0.496841374702044,2.06347549802271,0.973480687981635,0.945077072956897,Uniform,5000,True,0.008340972954008263,0.001290632374453039,2.697132711953053e-08
252,RS,GLDEX,5.98,0.504325456149095,1.97901093939118,0.973892574273907,0.944286204212688,Uniform,5000,True,0.008343013896667806,0.0012903663168235334,6.208975099664798e-08
253,FKML,GLDEX,2.11,0.49174882578179,2.14696812490016,0.947393926268881,0.903110475336341,Uniform,5000,True,0.0073618520025736656,0.004252618491368069,0.004015898763554379
253,RS,GLDEX,7.39,0.503816717810142,1.98529279266863,0.948746118883053,0.900895120291163,Uniform,5000,True,0.007361654835107645,0.004251118244856998,0.004055531579038696
254,FKML,GLDEX,3.09,0.501745272229288,1.84380549130763,1.07219924869971,1.08859678692715,Uniform,5000,True,0.007288133415862902,0.004879198793925409,0.017233375893851145
254,RS,GLDEX,8.0,0.49780908183106,1.99142732946532,1.07276943282318,1.08794292348374,Uniform,5000,True,0.0075099110393808954,0.004948105906663531,0.017756028101588172
255,FKML,GLDEX,2.70999999999999,0.504870305850226,1.92264549456212,1.03024574933735,1.04040655459554,Uniform,5000,True,0.007503984491840199,0.004328162119426452,0.015400295216019008
255,RS,GLDEX,7.59,0.502276086894568,1.99102849113923,1.03058887052925,1.04051035099056,Uniform,5000,True,0.00731383570851285,0.004215817883762758,0.01495285892547028
256,FKML,GLDEX,2.45,0.500299949772708,2.12216012013648,0.940059766082498,0.941049239453492,Uniform,5000,True,0.0043354383128888785,0.0030007348242045468,2.410410946226325e-08
256,RS,GLDEX,7.09999999999999,0.500036197570683,1.99600674214209,0.940028393795034,0.94108023974471,Uniform,5000,True,0.004335478359561079,0.003000737293126966,1.0749197709128584e-08
257,FKML,GLDEX,2.65000000000001,0.508458380116432,2.09736520265066,0.934674873258898,0.970862266193071,Uniform,5000,True,0.007670981063654825,0.004663337287947653,0.0011323960527911884
257,RS,GLDEX,7.13,0.498993530660719,1.99641058558255,0.933395236257686,0.971363669805308,Uniform,5000,True,0.007599314297529858,0.004625856340871034,1.6195151677304593e-07
258,FKML,GLDEX,2.65,0.496469973123998,2.06342047719944,0.958729036749679,0.953211860724874,Uniform,5000,True,0.008191932651059355,0.003508546502965073,2.362371726351024e-08
258,RS,GLDEX,7.55,0.989342245268377,1.00289551584113,0.988719856389681,0.0035782381261025,Uniform,5000,True,0.007340999781368969,0.0035737004445082128,1.4729309779230123e-07
259,FKML,GLDEX,2.45,0.494224074347893,2.06202435931132,0.976453998724862,0.950158397457146,Uniform,5000,True,0.004158207514364576,0.003008273045701711,1.5107428289593932e-08
259,RS,GLDEX,7.36,0.501098924697326,1.98598788915,0.976790241385692,0.949495356902421,Uniform,5000,True,0.004158001284380153,0.003008345323159339,8.586481172715878e-08
260,FKML,GLDEX,2.47,0.490937329183253,2.03205594776712,0.999885572979515,0.957489935078886,Uniform,5000,True,0.005843737711003771,0.004473010798704599,3.34875859541362e-08
260,RS,GLDEX,7.13,0.50183565271207,1.98781111781612,0.99991161302869,0.956595019496282,Uniform,5000,True,0.005843445998570229,0.004473062419449434,7.110655410400262e-08
261,FKML,GLDEX,2.47,0.498863496797493,2.03819509332906,0.984480693071782,0.963522967028415,Uniform,5000,True,0.007322660716656881,0.001666895834502095,0.006519675843913656
261,RS,GLDEX,7.54,0.504283479913665,1.98497602896959,0.984649514972655,0.963133754163487,Uniform,5000,True,0.007321957113896604,0.0016658515209544975,0.006516657112943909
262,FKML,GLDEX,2.66,0.523004657205174,1.86395276033255,1.00725692494259,1.12476278339687,Uniform,5000,True,0.01612762682117741,0.010956934775407766,0.031781363280638436
262,RS,GLDEX,11.64,0.495056205520768,1.9804614193093,1.00645172876645,1.11675271394902,Uniform,5000,True,0.01610639028860228,0.010956847394385611,0.03218914856915326
263,FKML,GLDEX,5.26,0.483478059305838,2.00500855262725,1.03216568471701,0.958431548052336,Uniform,5000,True,0.010875834018407526,0.008245249717230006,0.004652679368469041
263,RS,GLDEX,13.05,0.50207148562641,1.99281911017873,1.0309943333031,0.95692078960533,Uniform,5000,True,0.010874376436382949,0.008244927461842404,0.004675730889648715
264,FKML,GLDEX,4.61,0.514207848315748,2.12583776939823,0.903924030751919,0.969243647345276,Uniform,5000,True,0.010971032165997208,0.006971684492923167,0.0034811589131770043
264,RS,GLDEX,7.14,0.495800785309372,1.98516361079119,0.904156539773436,0.974268258927254,Uniform,5000,True,0.009693128954198826,0.0061990818682951376,0.006653694484588832
265,FKML,GLDEX,2.14,0.474933932051687,1.87405767818329,1.124092977935,1.017005805665,Uniform,5000,True,0.01779646917040084,0.013031828754924231,0.01924199271718499
265,RS,GLDEX,6.10000000000001,0.499925977767663,2.00125449948535,1.11684631786467,1.01700557748317,Uniform,5000,True,0.01781087520692004,0.013065055215070327,0.019181441095440666
266,FKML,GLDEX,2.94,0.502472146258271,2.10310101412446,0.915617966358586,0.956538647838178,Uniform,5000,True,0.01375462024362478,0.0030166024011063935,0.019670111423789747
266,RS,GLDEX,8.26000000000001,0.979740156553048,1.00941390797325,0.964193012986868,0.0033476386500085,Uniform,5000,True,0.009282939698584326,0.003805841087245321,3.4236414064878776e-08
267,FKML,GLDEX,2.84999999999999,0.50140752146225,1.80947253221622,1.10029956895773,1.10926832592605,Uniform,5000,True,0.006736136664886927,0.004814218492282385,0.02269840061547318
267,RS,GLDEX,7.65000000000001,0.499429555545141,1.9992532224457,1.10011113094193,1.10825895908298,Uniform,5000,True,0.006735311804313859,0.0047676736152017125,0.02235651124929591
268,FKML,GLDEX,2.69,0.481574674622744,1.88247728392537,1.10312695045725,1.0197799107628,Uniform,5000,True,0.013583333490386096,0.009197229412908823,0.004689382198202023
268,RS,GLDEX,7.56,0.501257126640716,1.99506742419474,1.09868987142124,1.0202122356072,Uniform,5000,True,0.01360160102692709,0.009215792308695894,0.004708287272773547
269,FKML,GLDEX,2.39,0.509380263778441,2.05669120198374,0.93919979696195,0.991707157220058,Uniform,5000,True,0.007000986,0.0038229383987703285,0.010691682845974049
269,RS,GLDEX,7.64,0.49562624912194,1.98397848971597,0.937614756427982,0.992052934906293,Uniform,5000,True,0.007066819557841746,0.0038028357366648585,0.010889143659391214
270,FKML,GLDEX,2.53,0.496884775408197,1.9814475298608,1.01608123533917,1.00196037922761,Uniform,5000,True,0.002312800029848683,0.001569540493258446,0.001200699706642677
270,RS,GLDEX,7.19,0.500384641078923,1.99922447782354,1.01596866001201,1.001974726822,Uniform,5000,True,0.0023129836326351016,0.0015696790266164552,0.001200739717039258
271,FKML,GLDEX,2.28,0.494536507011602,1.96626848937622,1.0275639586993,1.00033630860237,Uniform,5000,True,0.004202779491066233,0.0028897640052997393,1.1313013616211596e-07
271,RS,GLDEX,6.88,0.501272727281045,1.99333969656437,1.02718678746219,1.00033474116549,Uniform,5000,True,0.004202762790611547,0.0028897474100999915,7.635855911072287e-08
272,FKML,GLDEX,2.50999999999999,0.496899269131892,1.86022574613463,1.08209031328225,1.05353565049566,Uniform,5000,True,0.008654910583790865,0.005206528421903533,0.019543478002640776
272,RS,GLDEX,7.33000000000001,0.503616698812911,1.98607706080017,1.08085737539318,1.05414562221914,Uniform,5000,True,0.008618542901797532,0.005196437661042711,0.019465080762514513
273,FKML,GLDEX,1.91999999999999,0.501061530137215,2.03066271339925,0.975769292058591,0.985987409447371,Uniform,5000,True,0.003367813228128672,0.0005094430133148212,1.0191170214489257e-07
273,RS,GLDEX,5.72,0.996053361959322,1.00069811643221,0.990642718586395,0.0010300476903953,Uniform,5000,True,0.003069021538595985,0.0005758744237981971,4.286075740422827e-08
274,FKML,GLDEX,2.49000000000001,0.50620987105903,1.82443173463527,1.07860402534289,1.11044243220163,Uniform,5000,True,0.008481348621890539,0.0052898210171042105,0.024445352556843672
274,RS,GLDEX,7.28999999999999,0.498916870450972,1.99642683690357,1.07965837716182,1.10870998059914,Uniform,5000,True,0.008490043470673725,0.005294215383246881,0.024476130391632912
275,FKML,GLDEX,2.36000000000001,0.504619505469138,1.98924202384385,0.989902632542533,1.01647599328031,Uniform,5000,True,0.0030797726618681863,0.001966034382063052,0.006975063371235362
275,RS,GLDEX,7.31999999999999,0.497969970595244,1.99519049054088,0.989587766537392,1.01601238985354,Uniform,5000,True,0.003101269616015124,0.0019506196724639272,0.006951508032794564
276,FKML,GLDEX,2.63999999999999,0.511390874831907,1.89806200645709,1.02452845062047,1.07832106558578,Uniform,5000,True,0.009197355383541383,0.005902625669502231,0.013480678845607297
276,RS,GLDEX,7.18000000000001,0.498547194127889,1.99429536293053,1.0250319091618,1.07615759727302,Uniform,5000,True,0.00919314374115543,0.00590049693859246,0.013548284441647481
277,FKML,GLDEX,2.83,0.513730187278126,1.98159848166591,0.968004181656237,1.03789692168979,Uniform,5000,True,0.00872400775339266,0.0063748010814901074,0.019330928337936763
277,RS,GLDEX,7.28,0.999004103986313,0.994126087829571,0.968640842814413,2.96816760379665e-12,Uniform,5000,True,0.007238425441920715,0.00502762864831559,0.008084808707480073
278,FKML,GLDEX,2.74,0.500842001889039,1.7981369637103,1.10777443884933,1.1147276807239,Uniform,5000,True,0.007138268630667383,0.005153179830316907,0.009344692995871512
278,RS,GLDEX,7.47,0.499202146154477,1.99786609921984,1.10798110236253,1.11427328866246,Uniform,5000,True,0.007251481294638706,0.005190082514507339,0.009620794634449023
279,FKML,GLDEX,2.71,0.514031312667875,1.94668726750453,0.993428019189388,1.05752473753657,Uniform,5000,True,0.009712856561908012,0.006927005980360575,0.008325573615898524
279,RS,GLDEX,7.74,0.498390630055043,1.99445061980568,0.992948495457332,1.05542530206519,Uniform,5000,True,0.009730211235109865,0.006952997050697573,0.008145567758749046
280,FKML,GLDEX,2.45,0.499767802089061,2.09051928787246,0.947126078096093,0.956424870085668,Uniform,5000,True,0.004580659972956206,0.0019353394919168238,0.00973730601707067
280,RS,GLDEX,7.31,0.497355165727731,1.98982594772745,0.946887258984254,0.956630890829736,Uniform,5000,True,0.004500991,0.0019298817029349336,0.009567420371584277
281,FKML,GLDEX,2.6,0.491104552967253,2.09004255215541,0.974305459907247,0.916636193714955,Uniform,5000,True,0.010500979000000021,0.003311975389738425,0.006805203146437795
281,RS,GLDEX,11.97,0.0314522947563,1.0327956091831,0.002883542668685,0.957431491180985,Uniform,5000,True,0.01962143311305043,0.00907739958130762,0.05886570310026412
282,FKML,GLDEX,4.65,0.505787714675153,2.02137160237596,0.963453771441349,1.00155483578738,Uniform,5000,True,0.006919563537410091,0.002329779314344966,0.006719905148360737
282,RS,GLDEX,13.46,0.0282735887423764,1.02937876902924,0.0046078038110327,1.00099521333438,Uniform,5000,True,0.01568008651181918,0.010892144696036556,0.031490648306062165
283,FKML,GLDEX,4.42999999999999,0.518327389517385,1.91002485011596,1.00080534373055,1.08718862678213,Uniform,5000,True,0.012879294933766938,0.008914569242692773,0.022713176841755514
283,RS,GLDEX,6.49000000000001,0.497465631001691,1.99033472610968,1.00091680492478,1.08364344026739,Uniform,5000,True,0.01285592160220339,0.0088833845233809,0.0231379210410078
284,FKML,GLDEX,2.14999999999999,0.512884658734313,2.10118989756554,0.924864831785127,0.962343465824231,Uniform,5000,True,0.01103005328732648,0.009079727652085205,8.583020621951701e-08
284,RS,GLDEX,6.08000000000001,0.994846302380014,1.00471416589468,0.968120965898758,0.002931549654063,Uniform,5000,True,0.011012578716624255,0.009064316162030003,5.751664187022618e-08
285,FKML,GLDEX,3.36,0.498792439657964,2.11462505462645,0.948126154838724,0.935773562395543,Uniform,5000,True,0.003871277338137691,0.0024886670018904856,0.0007760509199014898
285,RS,GLDEX,8.59999999999999,0.502088183585639,1.99177022174003,0.948474732565203,0.935365734810995,Uniform,5000,True,0.0038693199089112063,0.0024868979631824896,0.0007921381217279315
286,FKML,GLDEX,2.81,0.509532682228494,1.85587969738984,1.05816529824451,1.09803975998402,Uniform,5000,True,0.00952191553026649,0.005560181671918624,0.0076484318223918315
286,RS,GLDEX,7.56,0.500255502250157,2.00026997434321,1.05903618494331,1.09600176705143,Uniform,5000,True,0.009481883577346584,0.005533990222338637,0.007497502557454883
287,FKML,GLDEX,2.72999999999999,0.502883394092462,1.8170197187085,1.0945030345032,1.10725003753057,Uniform,5000,True,0.007327999018704179,0.004625284160660116,0.018881751538244833
287,RS,GLDEX,7.27000000000001,0.499989012423374,2.00024732637101,1.09492501461677,1.10649287116181,Uniform,5000,True,0.007328632213147057,0.00462200232678266,0.018855904624233786
288,FKML,GLDEX,2.69,0.503248523670756,1.9789774551967,1.00455589111893,1.00494627430115,Uniform,5000,True,0.006106286682630246,0.0035531767706616047,0.0021178688777925914
288,RS,GLDEX,7.38999999999999,0.50315099254591,1.98837899034846,1.00455626533875,1.00494468371457,Uniform,5000,True,0.006106609220001613,0.003553350637440644,0.0021183627950402567
289,FKML,GLDEX,2.73000000000002,0.511373156418733,1.93570072742639,0.995678368031111,1.05795009079147,Uniform,5000,True,0.007971721606978344,0.005565001880307976,0.020632557995596348
289,RS,GLDEX,7.26999999999998,0.495241917793166,1.98238708583996,0.993551098992146,1.05305426171722,Uniform,5000,True,0.008750982499999999,0.005241194225660414,0.023371617598361226
290,FKML,GLDEX,2.33000000000001,0.487522313187581,2.03786207480045,1.00689585085521,0.957610354139395,Uniform,5000,True,0.009110785754644302,0.007024910116036314,0.0060761830180489085
290,RS,GLDEX,7.03999999999999,0.979640839037748,1.02096221294282,1.01823492446152,0.0020888158505937,Uniform,5000,True,0.016238224071188245,0.013862364384745722,0.01777287857006827
291,FKML,GLDEX,2.38,0.503573028909037,2.04981023006517,0.965070338240138,0.972654546397667,Uniform,5000,True,0.004800276323724595,0.0029676233471497594,2.478249731067715e-07
291,RS,GLDEX,7.08000000000001,0.996288989618846,1.00251509031976,0.987884678075319,0.0020448252683935,Uniform,5000,True,0.006529853724809409,0.002936238964824933,2.6899791227089684e-08
292,FKML,GLDEX,1.75,0.482221297518253,1.86597138065451,1.11221813302192,1.02699865913623,Uniform,5000,True,0.013291960428671479,0.00870101942862237,0.007746543090837579
292,RS,GLDEX,6.31,0.502197174063256,1.99275308448986,1.10739870667742,1.02784981232937,Uniform,5000,True,0.013321646510926544,0.008723698546401534,0.00772891259861911
293,FKML,GLDEX,2.29999999999998,0.496913387123774,2.16964554332791,0.920514247395007,0.909774965328325,Uniform,5000,True,0.006614746942444016,0.003700781042709416,8.366426034065884e-08
293,RS,GLDEX,7.64000000000001,0.972166285746759,1.02741602245284,0.977054883873766,0.007354908949696,Uniform,5000,True,0.007258299387292055,0.003704089275849508,2.332842521906477e-06
294,FKML,GLDEX,2.56,0.509498329846266,2.06419594775831,0.927729715815854,0.988088820287757,Uniform,5000,True,0.010482091845318542,0.0036642127261317663,0.01836225166020874
294,RS,GLDEX,7.32999999999998,0.493542665473241,1.97532530386442,0.925546118998758,0.988547734091062,Uniform,5000,True,0.010485448295473631,0.003666927423662952,0.018365012676212576
295,FKML,GLDEX,2.37,0.513897667603279,1.99149556034076,0.975335845761759,1.03310475258509,Uniform,5000,True,0.009475564550909032,0.0074277324733098065,0.002903891644717468
295,RS,GLDEX,7.09999999999999,0.499501308263304,1.99823693231667,0.974629701435392,1.03215138483373,Uniform,5000,True,0.009475740596762372,0.007428140623266497,0.002916355882916759
296,FKML,GLDEX,2.72,0.50790797509247,2.13510520440856,0.908474646733877,0.95296918444217,Uniform,5000,True,0.006668263278428954,0.00392672551887622,0.00039703756772533786
296,RS,GLDEX,7.86,0.495860257102899,1.98600580685064,0.906368279621732,0.954159142150532,Uniform,5000,True,0.00666876510550668,0.00392591021680207,0.0004215792114052038
297,FKML,GLDEX,2.59,0.501953609703051,1.9216128147748,1.03594517751395,1.04497271918597,Uniform,5000,True,0.0036299718861050323,0.0022552329421697266,0.00080437468944513
297,RS,GLDEX,7.31,0.0965464951931845,1.10692091573928,0.0050678560000716,0.978438126684199,Uniform,5000,True,0.07730279355347452,0.043067123058629475,0.17542707611664363
298,FKML,GLDEX,2.8,0.495568419166172,2.10559835602904,0.95425601467672,0.941985027572076,Uniform,5000,True,0.006420181809346337,0.0035061571025881717,0.007670158055926228
298,RS,GLDEX,7.53,0.497234239595818,1.99001725873794,0.96048487409288,0.947326064094761,Uniform,5000,True,0.006720074899098316,0.004996008210571339,0.0009058429965317172
299,FKML,GLDEX,2.36,0.472273234495495,1.94846894745954,1.08706474584634,0.9407323935335,Uniform,5000,True,0.01734338596662499,0.012644230263816912,0.04496878672103189
299,RS,GLDEX,7.13,0.50888554466653,1.96567576987191,1.08060488985047,0.936482913684933,Uniform,5000,True,0.01743857063849119,0.01271276485825283,0.04455981571013821
300,FKML,GLDEX,0.609999999999999,-0.02183092876407,1.46844885463316,-0.0627076973391831,-0.0791699867766592,Student-t,1000,True,0.0183071645746051,0.014428006812406512,5.688076381440498e-09
300,RS,GLDEX,2.29,0.290784144288898,0.0002785431695702,0.0002868463670532,0.0001263351748978,Student-t,1000,True,0.06436891357721289,0.06700721174635389,1.007581623489184
301,FKML,GLDEX,0.579999999999998,0.0294306322358915,1.66860827032165,-0.140759863467565,-0.0690773780001934,Student-t,1000,True,0.009416117832348914,0.01060492668304106,1.1178140811562001e-08
301,RS,GLDEX,2.14,0.119732860678786,-0.195653426942113,-0.126047679395912,-0.103983841380822,Student-t,1000,True,0.015726875568817633,0.013982637009515964,9.033144852130217e-08
302,FKML,GLDEX,1.32,-0.0911027653786994,1.56082011931908,0.0042423794724623,-0.13071871572397,Student-t,1000,True,0.026119673371062857,0.018963140272426533,1.962413058720358e-07
302,RS,GLDEX,5.32,0.365795073908733,0.0007745909611402,0.0001113799801411,0.0008277378217079,Student-t,1000,True,0.4550761283479272,0.30203482448272195,0.9631594570339331
303,FKML,GLDEX,1.21,-0.0356211412373378,1.63695753582469,-0.0701922503579247,-0.162777037291879,Student-t,1000,True,0.008732688872719052,0.012193888885005668,1.0808333783529633e-08
303,RS,GLDEX,5.12,-0.146648811143416,-0.225629210592919,-0.117778322192992,-0.148897216014682,Student-t,1000,True,0.016474621976778514,0.01638011969715318,1.1208758055626098e-07
304,FKML,GLDEX,1.19,-0.0481967468716217,1.6397744964791,-0.110792970193081,-0.0901260866859127,Student-t,1000,True,0.02062322384170423,0.016227329713054673,5.031215055684157e-09
304,RS,GLDEX,4.61000000000001,-0.0194534838533892,-0.166429506163952,-0.104307701851937,-0.0983505393256564,Student-t,1000,True,0.019243661601987427,0.016201077571779816,2.7272992131344154e-07
305,FKML,GLDEX,1.39,-0.0577066978665132,1.71124745235514,-0.157377969926957,-0.0602029950396308,Student-t,1000,True,0.03586901644497942,0.0300595833234635,1.6980044037495645e-08
305,RS,GLDEX,5.33999999999999,0.221493041335406,0.0932991551820924,0.0006498837801274,1.36852060000993e-07,Student-t,1000,True,0.5644894693358512,0.23593813413172662,1.2271401808987874
306,FKML,GLDEX,1.32000000000001,0.469755674397573,1.35584999560783,-0.234832338592815,0.118598964145287,Student-t,1000,True,0.14757198012398376,0.09227623465373808,2.8124188738369758
306,RS,GLDEX,4.36,1.38280313207932,-0.213326475528745,-0.213709527247394,-1.89358483404079e-07,Student-t,1000,True,0.23480901400572146,0.1367521314125873,0.8044542610121495
307,FKML,GLDEX,0.810000000000002,0.0006059896034164,1.703186185995,-0.14157398516678,-0.119346592122188,Student-t,1000,True,0.007533819258529917,0.005693851592789446,7.514467270652858e-09
307,RS,GLDEX,2.2,0.0303730192463564,-0.224628573938087,-0.135567103618295,-0.127600206266315,Student-t,1000,True,0.00749374252686974,0.006371969534086538,1.199422872133482e-07
308,FKML,GLDEX,0.489999999999995,0.0071520306463975,1.55588267180041,-0.145376712596085,-0.0533074815638494,Student-t,1000,True,0.017039536538535682,0.015336458470467697,2.172778934550479e-08
308,RS,GLDEX,1.79000000000001,0.125581514693247,-0.184719989170857,-0.129074974981121,-0.101380310950531,Student-t,1000,True,0.016995898742354576,0.016850012207001667,2.1058215982083794e-07
309,FKML,GLDEX,0.439999999999998,0.0117240238920407,1.64319853414143,-0.134249808560436,-0.103855936721327,Student-t,1000,True,0.004043101183668116,0.0042695646780577644,7.466326223948272e-09
309,RS,GLDEX,1.78,0.0534827717221487,-0.199691732474371,-0.126106052206852,-0.115986051353314,Student-t,1000,True,0.006083189653224241,0.005910796284688563,2.9709159576896127e-08
310,FKML,GLDEX,0.469999999999999,0.0049370447523008,1.54101082967691,-0.106419297150711,-0.0787783529599412,Student-t,1000,True,0.010818102321461714,0.009487781617739735,2.657381038034634e-09
310,RS,GLDEX,1.66,0.045678486051795,-0.14543616801776,-0.0978452794453774,-0.0903823704189988,Student-t,1000,True,0.011121656830923032,0.009601449116357874,6.943837313477808e-08
311,FKML,GLDEX,0.370000000000005,-0.154520903646581,1.38382403810746,0.112715075426154,-0.197002504761185,Student-t,1000,True,0.04362712312529887,0.04754590549319595,0.3567442418377622
311,RS,GLDEX,1.76000000000001,-0.528429361618734,-0.205387435195093,-0.0757329834561659,-0.176191853384606,Student-t,1000,True,0.05909056129795609,0.056671939262353935,1.7379809365003496e-06
312,FKML,GLDEX,0.489999999999995,-0.0497314507636512,1.64731373463251,-0.097714639086816,-0.124673804064288,Student-t,1000,True,0.01781686966555751,0.009993021653265101,8.027959380596528e-09
312,RS,GLDEX,1.84,-0.0868206889646753,-0.186239761567077,-0.108483655512683,-0.116959617862069,Student-t,1000,True,0.02045056645659793,0.010575977396822114,8.499596665378917e-09
313,FKML,GLDEX,0.519999999999996,0.0833337732237858,1.59274276504741,-0.0872414739086525,-0.0863879480148809,Student-t,1000,True,0.031185609019842575,0.021740340606484294,2.0403486840174512e-08
313,RS,GLDEX,2.53,-0.646164178379466,0.0005317234153425,0.0001779980897876,0.0005730387708545,Student-t,1000,True,0.04978930417668903,0.046384948107595365,1.2034625139949986
314,FKML,GLDEX,0.670000000000002,-0.0246285783714613,1.79579260122643,-0.148298594685785,-0.188738131662223,Student-t,1000,True,0.013980867708091371,0.009028270231000656,2.766319828761965e-08
314,RS,GLDEX,2.58,-0.0749370166317105,-0.314009294159293,-0.164155339123104,-0.181955047155321,Student-t,1000,True,0.017882763004803737,0.01132088971892831,9.941315478934065e-06
315,FKML,GLDEX,0.9,-0.118879915031941,1.51294587614402,-0.0233979048546229,-0.146037730504881,Student-t,1000,True,0.038695075976130755,0.02512031328934224,3.4365101875266646e-09
315,RS,GLDEX,2.39,-0.269266256971486,-0.175205618576053,-0.0933643215598517,-0.127671379156683,Student-t,1000,True,0.04599716300061124,0.027147139044589343,9.720149056757776e-07
316,FKML,GLDEX,0.59,0.0466611924657252,1.58787463317697,-0.163896703106812,-0.0491604679322569,Student-t,1000,True,0.012770461946129588,0.01600177602076161,7.119544065403716e-09
316,RS,GLDEX,2.16,0.179927398476903,-0.217202180000409,-0.149014256752019,-0.112231242237512,Student-t,1000,True,0.019404838083772802,0.019642670407159404,8.245798809647376e-06
317,FKML,GLDEX,0.55,-0.0396011532911933,1.78395879036372,-0.140945481823778,-0.187741971815966,Student-t,1000,True,0.01792720435558748,0.0098682849635588,7.499244669695315e-09
317,RS,GLDEX,2.31,-0.0971705345736752,-0.307620348965509,-0.1601041139869,-0.180258955863732,Student-t,1000,True,0.022716381042672262,0.012702034151935833,1.8990963006615402e-06
318,FKML,GLDEX,0.639999999999999,-0.0465395010854603,1.51994100371339,-0.0245603413047271,-0.100232068076729,Student-t,1000,True,0.014474587268513583,0.012154493907385844,9.489792951455911e-09
318,RS,GLDEX,2.35,-0.153703770798063,-0.112189872969941,-0.0646407986234819,-0.0804553148745836,Student-t,1000,True,0.019503933325220713,0.0145263964048442,4.633007867349548e-07
319,FKML,GLDEX,0.529999999999999,0.0380283750452328,1.66652361007773,-0.126897667831274,-0.0924445597801902,Student-t,1000,True,0.01439855873784568,0.008982254285114618,4.3776303615291954e-09
319,RS,GLDEX,2.25,0.0844932813687862,-0.187778554496683,-0.11750969196038,-0.106770103688815,Student-t,1000,True,0.017457220038220034,0.010124871484184802,2.730709242060314e-08
320,FKML,GLDEX,0.699999999999999,0.173089370912691,1.46856531390075,-0.21934524915254,0.0839728519957053,Student-t,1000,True,0.04770403514847932,0.04547632328694762,0.4494763263900441
320,RS,GLDEX,2.44,0.507537837992462,-0.266252358595264,-0.207529870492155,-0.0970159718112018,Student-t,1000,True,0.07079655160168336,0.05624314217205097,1.6608946395990642e-07
321,FKML,GLDEX,0.66,0.0338442469326797,1.52162120929041,-0.0481559060785823,-0.0844976277233205,Student-t,1000,True,0.018645798155245474,0.015785362942655253,5.052779528114115e-09
321,RS,GLDEX,2.12,-0.0205810147816727,-0.105092972364577,-0.0650482752420942,-0.0725059357105719,Student-t,1000,True,0.017248843315459617,0.015796127330068115,4.7139070424861984e-08
322,FKML,GLDEX,0.549999999999997,0.0146181737572226,1.73435900889078,-0.206398845960973,-0.147124385647585,Student-t,1000,True,0.011022979821499593,0.01028310259777825,1.0521583271305701e-08
322,RS,GLDEX,2.22,0.0859417185622912,-0.331429048344642,-0.200066154871118,-0.173368976240256,Student-t,1000,True,0.011669357265836428,0.012500544904973852,3.138325136431419e-07
323,FKML,GLDEX,0.649999999999999,0.0665744955389109,1.5003669678697,-0.140462767550866,-0.085036430560022,Student-t,1000,True,0.02959065683273865,0.024256537079162782,2.038480085686785e-08
323,RS,GLDEX,2.41,0.146753282802671,-0.180870503328003,-0.12799522603606,-0.110149784189549,Student-t,1000,True,0.03194563721573729,0.02488287632562336,1.2797035117188146e-07
324,FKML,GLDEX,0.530000000000001,-0.13830057280338,1.74490896762964,-0.122084540867927,-0.187022059773707,Student-t,1000,True,0.05056421749128237,0.026178696485770606,7.456367341639817e-09
324,RS,GLDEX,2.13,-0.215689546145964,-0.294058704129071,-0.151509719096341,-0.178073396875241,Student-t,1000,True,0.057634764601444455,0.02742065947683454,2.1137752592714776e-07
325,FKML,GLDEX,0.57,-0.0318762240934139,1.57990706678064,-0.0827848999704663,-0.0785371065856699,Student-t,1000,True,0.012257857962601704,0.01125909573280216,7.616684775946236e-09
325,RS,GLDEX,2.41,0.506332839957819,0.0003936487954105,0.000395254698079,0.0001393863923445,Student-t,1000,True,0.052152321626327325,0.04116340651398067,1.0740529442394162
326,FKML,GLDEX,0.670000000000002,0.0749371331329922,1.62690279245276,-0.138960474052238,-0.0511466619484215,Student-t,1000,True,0.02340554982332943,0.014811050513939815,5.873973751846506e-09
326,RS,GLDEX,2.24,0.184687608167613,-0.182893159819661,-0.122196208281645,-0.0966993221575901,Student-t,1000,True,0.031171134746826645,0.018268157042052483,1.50133793949652e-08
327,FKML,GLDEX,0.57,0.0443515880295284,1.79664325279083,-0.178053780729052,-0.100331344295236,Student-t,1000,True,0.02140178368933715,0.01631414894483769,4.303682743511672e-09
327,RS,GLDEX,2.18,0.131537881663558,-0.281658414257759,-0.167203928354039,-0.137737993117798,Student-t,1000,True,0.028138614395394612,0.020040288908377182,3.8945705105319917e-07
328,FKML,GLDEX,0.560000000000002,0.0706137133717415,1.58856919386613,-0.0971011804581495,-0.111641933336488,Student-t,1000,True,0.027629045134056174,0.019799039076854246,5.089400720303949e-09
328,RS,GLDEX,2.3,0.0496677654240899,-0.166634000289796,-0.102647935106386,-0.106968804990128,Student-t,1000,True,0.02622374039817854,0.01981716178985436,1.8079977515128576e-08
329,FKML,GLDEX,0.68,-0.0638650644548313,1.63325930244534,-0.0653021863828876,-0.13358645350365,Student-t,1000,True,0.0204991837798153,0.01254161453509696,4.747263915305666e-09
329,RS,GLDEX,2.22,-0.152742437475918,-0.18026803741589,-0.0984433417951437,-0.118570360400589,Student-t,1000,True,0.02684296365558636,0.015294631799822869,2.5585748826273402e-06
330,FKML,GLDEX,0.630000000000003,-0.033117314373168,1.57764201706632,-0.0792046424969813,-0.123934336772835,Student-t,1000,True,0.010913207892446042,0.0093134378026541,2.1774078873271208e-08
330,RS,GLDEX,3.49,0.556227123644392,0.0002122614469461,0.0002179430072869,7.02686537511528e-05,Student-t,1000,True,0.054738590232452866,0.043356035026372905,1.4983087452007269
331,FKML,GLDEX,1.2,0.0267015849833435,1.60941905193747,-0.125666207029634,-0.140199484835647,Student-t,1000,True,0.014742630474291696,0.01276959951834619,1.0888172641276839e-08
331,RS,GLDEX,4.42,0.0059612248984628,-0.214945709824315,-0.130777012942857,-0.136063729832979,Student-t,1000,True,0.01465994635261525,0.012296419282800456,1.4915017132466346e-07
332,FKML,GLDEX,1.31,-0.0307787284500686,1.56318806163436,-0.134367878999992,-0.078108527234054,Student-t,1000,True,0.020804324424420484,0.017651926320054443,5.972435879186833e-09
332,RS,GLDEX,5.35,-0.238741952466647,0.0001981876531357,0.0002441522589076,3.92758358673184e-05,Student-t,1000,True,0.3738477570081878,0.2977916529663181,1.1466650049890708
333,FKML,GLDEX,1.33,0.0348261552902505,1.61055791132193,-0.105595685548245,-0.0883453944601605,Student-t,1000,True,0.01212051916139495,0.008502409115236842,4.235214262626741e-09
333,RS,GLDEX,4.76000000000001,-0.292125272315292,0.0005355655097096,0.0005544344100126,0.0001552006303971,Student-t,1000,True,0.321433409077435,0.24292902437444658,1.149848141974092
334,FKML,GLDEX,0.89,-0.052266504544193,1.56166653795727,-0.0395500384636967,-0.089429968686247,Student-t,1000,True,0.016652084268084788,0.012744471695724728,8.983548294150268e-09
334,RS,GLDEX,2.56,-0.123953736417212,-0.108660758278149,-0.0639464989737138,-0.0741372651477129,Student-t,1000,True,0.020901332646346305,0.013669479457912394,1.0534571947218296e-05
335,FKML,GLDEX,0.580000000000001,-0.0462817308793558,1.64401448807319,-0.0988129111349545,-0.126013549268464,Student-t,1000,True,0.01631448236487809,0.009132114724967524,1.7530798507303658e-08
335,RS,GLDEX,2.31,0.0614554908728866,0.0002007163356236,0.0002096116344581,3.69542410563652e-05,Student-t,1000,True,0.263352494267701,0.1870532932672343,1.7448538304544021
336,FKML,GLDEX,0.61,-0.0231751821915411,1.49497294196237,-0.0764783177164733,-0.117484221866719,Student-t,1000,True,0.017221130685289993,0.01734085291001398,3.409490190176001e-09
336,RS,GLDEX,2.43,0.2829161584896,0.0005779988506843,0.0006913038315375,0.0001778548588543,Student-t,1000,True,0.12621902898082593,0.14140413668700616,1.615902495542371
337,FKML,GLDEX,0.67,-0.0108184387298493,1.60133388088027,-0.129951501057915,-0.0985051808536304,Student-t,1000,True,0.01063227272003514,0.008627632709287734,7.1045915539524884e-09
337,RS,GLDEX,2.31,0.0026968965328423,0.0001342227754073,0.0001568538757778,2.83240764802263e-05,Student-t,1000,True,0.27088242895458436,0.2234342810179459,1.273006279921491
338,FKML,GLDEX,0.559999999999999,0.0080464162673016,1.75634279658817,-0.172553943256218,-0.104615931395507,Student-t,1000,True,0.015161334812122007,0.012800022866605693,6.700848986795904e-09
338,RS,GLDEX,2.17,0.0885290197735204,-0.267206793645696,-0.161730339627803,-0.136052136663484,Student-t,1000,True,0.018312041495690545,0.015667623191854156,2.6301686733661746e-07
339,FKML,GLDEX,0.599999999999998,0.0607727373269995,1.66171363738882,-0.111401725617192,-0.128911540518004,Student-t,1000,True,0.024884811115196193,0.017821610804234143,7.227024452665681e-09
339,RS,GLDEX,2.33,0.0366892608068763,-0.201046082676169,-0.117897008945775,-0.123754905113891,Student-t,1000,True,0.023413088409583893,0.017837792065948262,1.3425514164278063e-07
340,FKML,GLDEX,0.669999999999998,-0.0773307073868044,1.65014275561155,-0.0656725064973198,-0.137807591518715,Student-t,1000,True,0.025866298935531717,0.014907482591217137,5.158282911921219e-09
340,RS,GLDEX,2.15,-0.169310680222264,-0.188166849414842,-0.10101371919066,-0.122716537309986,Student-t,1000,True,0.032536011304783785,0.017600787019551308,7.599734664909263e-07
341,FKML,GLDEX,0.609999999999999,-0.0626803256130564,1.53383213796746,-0.0798316025263423,-0.112536604777324,Student-t,1000,True,0.02473361980890082,0.015643525329824076,7.189802810101815e-09
341,RS,GLDEX,2.27,-0.110823425525887,-0.151407384766436,-0.0937497130108557,-0.102889989190087,Student-t,1000,True,0.026918331123665207,0.016400814902982265,2.756597075048717e-07
342,FKML,GLDEX,0.620000000000001,-0.0129840202957027,1.44485675927194,-0.104956703336345,-0.0824421563037994,Student-t,1000,True,0.027700137641268358,0.02374697995529557,7.88797738238145e-09
342,RS,GLDEX,2.36,0.0225550596731504,-0.137098537026412,-0.097772482529706,-0.0916476553614489,Student-t,1000,True,0.02751931652255496,0.02346574675447953,1.1350557229033997e-05
343,FKML,GLDEX,0.530000000000001,-0.0222354890098712,1.53189827375863,-0.0771522498364944,-0.124540104459155,Student-t,1000,True,0.013323358884553826,0.013487059807219997,5.65582336520265e-09
343,RS,GLDEX,2.18,-0.0906260828369493,-0.162738786273362,-0.098388940702475,-0.112284129801423,Student-t,1000,True,0.01393219207794072,0.013870283700584357,2.8320918062856707e-08
344,FKML,GLDEX,0.66,-0.158545922591037,1.6386950765732,-0.0018591874760758,-0.204438776946856,Student-t,1000,True,0.047990376994435646,0.0324339526953687,8.257603521855117e-06
344,RS,GLDEX,2.23,-0.314742515104978,-0.300766198689885,-0.131232387435717,-0.196695214974116,Student-t,1000,True,0.05847651556500133,0.03587818968679359,6.369477472472282e-07
345,FKML,GLDEX,0.640000000000001,-0.0638568909334446,1.55086969367628,-0.104291804339137,-0.135489419208753,Student-t,1000,True,0.026181988998467076,0.019436771719744575,1.2297602436373012e-08
345,RS,GLDEX,2.18,-0.109228161131031,-0.189994852783087,-0.116771164460144,-0.127221032695737,Student-t,1000,True,0.028182130537021677,0.020126836731567718,7.105934893158043e-08
346,FKML,GLDEX,0.530000000000001,0.0316358619345712,1.76521816353167,-0.15859414852208,-0.17794616142844,Student-t,1000,True,0.01810889601604082,0.011564480401090533,6.378828271147441e-09
346,RS,GLDEX,2.22,0.0060862414947557,-0.299641448977591,-0.165054967198011,-0.173614217411335,Student-t,1000,True,0.01705256268155464,0.011363120762650968,1.7063259427629873e-07
347,FKML,GLDEX,0.590000000000003,-0.0922855925662076,1.62848650557634,-0.0931613883389203,-0.156207376331997,Student-t,1000,True,0.03086813789188414,0.01820829797797766,1.786674452830539e-08
347,RS,GLDEX,2.31,-0.174506784786644,-0.220534469307332,-0.122131809224538,-0.144138980167473,Student-t,1000,True,0.037054762347123626,0.019673050884303794,4.065117336082835e-06
348,FKML,GLDEX,0.630000000000003,0.0158367252228794,1.63673591445447,-0.163390823211266,-0.12304797480911,Student-t,1000,True,0.010549148210219905,0.010620677853476108,7.948270290893545e-09
348,RS,GLDEX,2.12,0.070732924691274,-0.242737716922333,-0.154902837722428,-0.139278171651212,Student-t,1000,True,0.011336293260234193,0.011065317611804334,1.0497286346833334e-06
349,FKML,GLDEX,0.609999999999999,-0.0359057867352107,1.48602193052484,-0.0502633162766078,-0.102669796248907,Student-t,1000,True,0.017573597292430188,0.014830007261168801,1.1783126474540495e-08
349,RS,GLDEX,3.22,0.294345273726807,0.0001696373831542,6.26196913893719e-05,0.000165129539455,Student-t,1000,True,0.2738964824814326,0.210662014618416,0.9854022418629818
350,FKML,GLDEX,2.06,-0.0061576558620981,1.60358527051633,-0.0977280200314267,-0.0831243731744366,Student-t,5000,True,0.003594061397250936,0.006268496853162537,7.90329430965257e-09
350,RS,GLDEX,10.49,0.0147253026258343,-0.145796931751937,-0.0927705348130003,-0.0889273690621334,Student-t,5000,True,0.003301251551669715,0.00618866160024444,1.2819344964720703e-07
351,FKML,GLDEX,1.51,-0.0595917908114412,1.74942971466784,-0.162033700296147,-0.193991449164527,Student-t,5000,True,0.022261718221128768,0.01604004111435714,6.133999382732161e-09
351,RS,GLDEX,11.61,-0.101419850932363,-0.319156820057375,-0.173741123247525,-0.188480436102511,Student-t,5000,True,0.026210831835525528,0.016852813273623687,1.3156475652253974e-06
352,FKML,GLDEX,1.34999999999999,0.0185628740230549,1.63436409905227,-0.13760418084034,-0.133967716294819,Student-t,5000,True,0.008576397376827694,0.009036480120222543,4.054159674637958e-09
352,RS,GLDEX,6.15000000000001,0.0237016548282357,-0.221988729833168,-0.136489880827454,-0.135144063104087,Student-t,5000,True,0.008525994918739843,0.009140826334378651,8.559803730020494e-09
353,FKML,GLDEX,1.09,0.0074913897842837,1.57576054358704,-0.10579952119864,-0.094631485865548,Student-t,5000,True,0.005950069632167043,0.006428748088762418,6.061373625243505e-09
353,RS,GLDEX,5.24,0.0238554658345431,-0.158387500387911,-0.102066492272655,-0.0988681587996999,Student-t,5000,True,0.006059386937343647,0.006593054037085311,0.0001728672694722988
354,FKML,GLDEX,0.87,-0.0199034020243404,1.66372938808644,-0.125232420802913,-0.128736531369329,Student-t,5000,True,0.008376920093752016,0.005287936637162515,1.301206735415672e-08
354,RS,GLDEX,5.17,-0.0247532656430972,-0.21132571863749,-0.126399076086224,-0.127625217807587,Student-t,5000,True,0.008685845667950609,0.005356796260435528,4.769496442236232e-08
355,FKML,GLDEX,0.890000000000001,0.0692389367346227,1.7892867369605,-0.224723841810238,-0.109429802350115,Student-t,5000,True,0.02365466182438719,0.018579536149447774,7.3789507837318524e-09
355,RS,GLDEX,5.39,0.171622048540724,-0.37645603148419,-0.220674267620302,-0.173201568810758,Student-t,5000,True,0.03430961838674973,0.024301512848943628,3.7675526476377286e-08
356,FKML,GLDEX,0.890000000000001,0.0320499755931299,1.82029323669029,-0.182704130997295,-0.152217842195344,Student-t,5000,True,0.01961017264960896,0.010134993159757733,5.2213187794077795e-09
356,RS,GLDEX,5.3,0.0703418884568513,-0.311390766081893,-0.176754969720813,-0.163358245107258,Student-t,5000,True,0.022224071721454353,0.011658487579835368,1.1229518925848225e-08
357,FKML,GLDEX,0.790000000000003,-0.0019728126841413,1.72365689287864,-0.143161462856778,-0.169445480560458,Student-t,5000,True,0.005592406435819985,0.005715631894678225,9.107304632660629e-09
357,RS,GLDEX,5.16,-0.036908761905559,-0.273592756299349,-0.152634745194153,-0.163564388736209,Student-t,5000,True,0.006035636646826381,0.0063358729059080484,2.608922677893588e-07
358,FKML,GLDEX,0.969999999999995,-0.0045536764957176,1.6526889801609,-0.128631639589145,-0.121604458675711,Student-t,5000,True,0.0033688411204084168,0.0035018811777218907,1.1476842073920857e-08
358,RS,GLDEX,5.25,0.0052129550988201,-0.207009224250714,-0.126443322064894,-0.124013646694833,Student-t,5000,True,0.003595392830914812,0.003340927140514726,1.7142023323792055e-05
359,FKML,GLDEX,0.810000000000002,-0.00880807998712,1.57796558770513,-0.102443481936477,-0.115802902989147,Student-t,5000,True,0.007490485271520436,0.008036290804136256,1.1480150552412027e-08
359,RS,GLDEX,5.36,-0.0281905740535155,-0.172909059514217,-0.107437738840124,-0.111558113220565,Student-t,5000,True,0.007710974283830496,0.008192866177595418,5.207975929139534e-08
360,FKML,GLDEX,1.0,-0.095289551872752,1.77499878066052,-0.102400578526322,-0.214517429437011,Student-t,5000,True,0.03308839823655907,0.02039426559286221,5.680046299971764e-08
360,RS,GLDEX,9.67,-0.200722086335396,-0.350487291465761,-0.163357424689736,-0.208614122284523,Student-t,5000,True,0.04353961661331507,0.025482369096131892,1.1691684353998255e-07
361,FKML,GLDEX,1.85,0.0184718804320768,1.78069071296456,-0.196189237103005,-0.133292449654255,Student-t,5000,True,0.009869464309543385,0.011216861732729063,6.2796878808057954e-09
361,RS,GLDEX,11.15,0.0919065397881006,-0.318838477695389,-0.188442740721369,-0.161509755865616,Student-t,5000,True,0.01568883822859818,0.014660405225739054,2.475089155552396e-07
362,FKML,GLDEX,1.83,0.0420376336182317,1.82486066457432,-0.200018255297519,-0.156351751443777,Student-t,5000,True,0.02086886770254487,0.010679930807167417,7.247859152254996e-09
362,RS,GLDEX,9.26000000000001,0.0949797625915792,-0.340005298350207,-0.193864546214389,-0.173845543770625,Student-t,5000,True,0.025458409280645078,0.013444510097684862,7.057434611692728e-06
363,FKML,GLDEX,1.0,-0.0620156200858524,1.71791246949061,-0.143326811150768,-0.196984636709498,Student-t,5000,True,0.02080566828938435,0.01597602895547925,1.0894411928141778e-08
363,RS,GLDEX,4.31999999999999,-0.128959046766884,-0.31142010489271,-0.166220167263093,-0.189853440645864,Student-t,5000,True,0.027152751161098942,0.01696352769477401,1.1575418557008277e-07
364,FKML,GLDEX,0.700000000000003,0.0143227856161796,1.65056023398453,-0.112115977481243,-0.127063192002896,Student-t,5000,True,0.007389447341514421,0.006585813263712065,8.937771077049593e-09
364,RS,GLDEX,4.36,-0.0064075472624644,-0.198386081049741,-0.11758727458667,-0.122566207719447,Student-t,5000,True,0.006495867337432182,0.006596081388202278,5.396806580099112e-07
365,FKML,GLDEX,0.680000000000007,0.047691426981716,1.83969302993057,-0.177264809319739,-0.177294082243949,Student-t,5000,True,0.02759608763230026,0.012148541343814712,6.973543749997476e-09
365,RS,GLDEX,5.48,0.0476534852600901,-0.326139767744244,-0.177272668053759,-0.177286229004397,Student-t,5000,True,0.027594055784821103,0.01214821538918505,1.1442769030483571e-07
366,FKML,GLDEX,1.19,0.0536576221442891,1.67131219047363,-0.163916105377796,-0.125964853264311,Student-t,5000,True,0.018094460086487463,0.012594487559237321,5.516387346915508e-09
366,RS,GLDEX,6.01000000000001,0.104475427914599,-0.249877222538381,-0.155825658053943,-0.140987211398295,Student-t,5000,True,0.02235540623913801,0.013471314377823194,2.6740323946783384e-06
367,FKML,GLDEX,0.859999999999999,-0.0293377563139772,1.83156521208458,-0.150627251239644,-0.196140894312742,Student-t,5000,True,0.017796511868966136,0.011386713763979879,8.687159436249203e-09
367,RS,GLDEX,5.63,-0.0840311803049634,-0.332899281220764,-0.169078703389448,-0.189500256300501,Student-t,5000,True,0.022162245951157677,0.01395523995873108,2.8271741570051745e-07
368,FKML,GLDEX,1.0,0.0035670650868766,1.69035723320154,-0.152975273785654,-0.128412052332732,Student-t,5000,True,0.004510868521230754,0.0043428861863202255,1.0801192829035244e-08
368,RS,GLDEX,5.2,0.0367245628673519,-0.240984346022348,-0.146817269280421,-0.137446237306969,Student-t,5000,True,0.005173417286935961,0.005287437291430063,1.7766122439866194e-07
369,FKML,GLDEX,0.810000000000002,-0.0016234737026776,1.71850515704362,-0.150057477466046,-0.163363520070589,Student-t,5000,True,0.004575342664920656,0.005249339078495267,5.535326863537193e-09
369,RS,GLDEX,5.05,-0.0196324975198127,-0.270386625616209,-0.154401055913805,-0.159951346089409,Student-t,5000,True,0.0049615368357780465,0.005361990810134225,2.1544492562197703e-07
370,FKML,GLDEX,0.97999999999999,-0.166857122500229,1.62596982945842,0.0751976897155929,-0.232775683444688,Student-t,5000,True,0.04517844236111057,0.04070466075790315,0.5393040021951547
370,RS,GLDEX,5.16000000000001,-0.500322221990776,-0.329599420640743,-0.109872276737007,-0.226206808328415,Student-t,5000,True,0.09129844229308293,0.05890597806319445,7.320497145713034e-05
371,FKML,GLDEX,0.909999999999997,0.0067426942607903,1.608738918108,-0.111935632786064,-0.101358329087828,Student-t,5000,True,0.003123664604946952,0.004065774515758014,2.7810083011676254e-09
371,RS,GLDEX,5.03,0.0218506514431213,-0.172019026645174,-0.108479477783159,-0.105281085125663,Student-t,5000,True,0.0034343368592466145,0.004342673663580276,2.679177222003792e-05
372,FKML,GLDEX,1.07,0.0162719643812786,1.545138629153,-0.109908491346569,-0.0829235140435401,Student-t,5000,True,0.009967657720750589,0.009906369867606084,4.021662865247959e-09
372,RS,GLDEX,5.11,0.0559251845136116,-0.151644436066212,-0.101643306828785,-0.0941091089144562,Student-t,5000,True,0.010680445929772575,0.010259374148710634,2.563748378925368e-06
373,FKML,GLDEX,0.95,-0.0283625837485516,1.76506965644946,-0.156839449205561,-0.157215240397431,Student-t,5000,True,0.01694045064322125,0.007269214100199804,6.270262531415938e-09
373,RS,GLDEX,5.08,-0.0288601259248628,-0.27716508446387,-0.156949184319699,-0.15710625353261,Student-t,5000,True,0.01696490463553635,0.007272749145530486,2.397210576943339e-07
374,FKML,GLDEX,0.859999999999999,0.0127416815338955,1.68585826129037,-0.172161643202035,-0.120665429029189,Student-t,5000,True,0.008136520577076395,0.007401317488001833,4.468406866742214e-09
374,RS,GLDEX,5.2,0.0790776329019389,-0.260988322637822,-0.162872819873539,-0.142585586744657,Student-t,5000,True,0.00908623238530018,0.010044732199545452,1.6406700267717035e-08
375,FKML,GLDEX,0.890000000000001,-0.0061287235414566,1.72151831114783,-0.122908673474492,-0.139091579698794,Student-t,5000,True,0.007994387547281101,0.006685799154683856,6.538320024285227e-09
375,RS,GLDEX,5.06,-0.0276786621923238,-0.226829313816775,-0.128690672444721,-0.134507079458014,Student-t,5000,True,0.008858099481708459,0.007009667858706321,4.6025988741793505e-06
376,FKML,GLDEX,0.920000000000002,0.0187519348848367,1.73039057295427,-0.172225512141264,-0.126189226284242,Student-t,5000,True,0.00808625725994816,0.007661434871713001,4.261970332208875e-09
376,RS,GLDEX,5.27,0.0772939846374214,-0.270119959032312,-0.163576349193878,-0.145165906046886,Student-t,5000,True,0.012599073405234196,0.010174344279795855,1.3387852781931997e-07
377,FKML,GLDEX,0.919999999999998,0.0387379846420909,1.88418938490276,-0.21006258133271,-0.185375678835977,Student-t,5000,True,0.024048471317374642,0.012231290260856953,1.9327111411282516e-08
377,RS,GLDEX,5.24,0.0696612093432766,-0.379077697101039,-0.206251672238975,-0.193812209794107,Student-t,5000,True,0.026551282716358482,0.013301428301454922,1.1411947433259684e-05
378,FKML,GLDEX,0.789999999999999,-0.0211640706142569,1.63499361816029,-0.133053595704755,-0.14000598347424,Student-t,5000,True,0.008787841157160303,0.00942479478001335,1.1613114803132873e-08
378,RS,GLDEX,5.14,-0.0309819763780165,-0.223464480414431,-0.135350987961068,-0.137936057547979,Student-t,5000,True,0.008789785089692442,0.00962105716250655,2.5292294782569558e-06
379,FKML,GLDEX,0.890000000000001,0.0063196800495095,1.55316607867531,-0.108714461727783,-0.102295055144336,Student-t,5000,True,0.010336757482390602,0.010287246127152504,1.366766433363864e-08
379,RS,GLDEX,8.49,0.0158510356222091,-0.164028018287017,-0.10655265348534,-0.104628610806756,Student-t,5000,True,0.010303008826459514,0.010325765868136473,3.679599525952676e-05
380,FKML,GLDEX,2.38999999999999,0.0390443731324481,1.77686097836452,-0.195031396549628,-0.147588584714069,Student-t,5000,True,0.01634464047889883,0.009100076093506784,5.860720131423136e-09
380,RS,GLDEX,10.64,0.0974674553012411,-0.320176899899268,-0.188140306561286,-0.167066007199516,Student-t,5000,True,0.02156887373193811,0.012103381631815114,2.557535339064998e-08
381,FKML,GLDEX,1.22,0.0167202167917577,1.72120425153264,-0.138423566827451,-0.131163930314296,Student-t,5000,True,0.011364987130707438,0.005842725059396621,8.390183859370419e-09
381,RS,GLDEX,10.12,0.0264577739159181,-0.232278433546486,-0.136251875414662,-0.133581342628177,Student-t,5000,True,0.011793966145090928,0.005988499963315364,1.0224778186795902e-05
382,FKML,GLDEX,1.58999999999999,0.0041657265605721,1.74212427908729,-0.148034766519577,-0.167984603868234,Student-t,5000,True,0.00859736985967463,0.005826511021915632,6.012334255083776e-09
382,RS,GLDEX,4.69000000000001,-0.0222790060527355,-0.277752590631215,-0.154874086784819,-0.163248662180881,Student-t,5000,True,0.00806343186465111,0.006190729587350987,2.6225825495361528e-05
383,FKML,GLDEX,0.640000000000001,-0.0695100291726675,1.80346128279761,-0.117243460717666,-0.210122988510739,Student-t,5000,True,0.02661215146424678,0.017050047573035517,2.5712922679943517e-08
383,RS,GLDEX,4.30999999999999,-0.163320181143548,-0.347659371552118,-0.164801575575471,-0.203575038341684,Student-t,5000,True,0.03591394708984008,0.022206028612201396,3.061485724499406e-06
384,FKML,GLDEX,0.710000000000008,0.0008415696550205,1.66743805431343,-0.143636599856178,-0.127039712209895,Student-t,5000,True,0.004716206263332329,0.003969297422924977,8.941762219549787e-09
384,RS,GLDEX,4.62,0.0236879901183039,-0.227042534263617,-0.139045104403642,-0.132916138995596,Student-t,5000,True,0.005205222822973893,0.004031067556720701,1.0254953976829295e-06
385,FKML,GLDEX,1.11,0.0135364055134716,1.81099436570761,-0.170114960315376,-0.153592111997372,Student-t,5000,True,0.014937023699098217,0.008783085667739372,7.657229048679322e-09
385,RS,GLDEX,6.16999999999999,0.0347708966490759,-0.294950609213032,-0.166134672961831,-0.159056287478979,Student-t,5000,True,0.015948899711653974,0.009303766127077168,3.436895050779043e-07
386,FKML,GLDEX,0.830000000000013,-0.0017140152368572,1.64831802407922,-0.136225478754564,-0.138659245610112,Student-t,5000,True,0.00537964121827994,0.006085945290927737,3.456735498525525e-08
386,RS,GLDEX,5.59999999999999,-0.0051271045562118,-0.226578462366327,-0.137001433030547,-0.137911313866775,Student-t,5000,True,0.005460721871532681,0.0061295191032673035,1.2495191079736623e-07
387,FKML,GLDEX,0.950000000000003,-0.0142146030227861,1.73796454489964,-0.170817924055536,-0.169730256289238,Student-t,5000,True,0.008298437236108902,0.008443618290697714,5.324021407765445e-09
387,RS,GLDEX,5.39999999999999,-0.0127348139315853,-0.295938691244585,-0.170520907151359,-0.17003415764349,Student-t,5000,True,0.008205424195914301,0.00840940211820667,2.0768013606122236e-07
388,FKML,GLDEX,0.830000000000013,0.0160799426281587,1.57093036357766,-0.0862840995154035,-0.0938227203157455,Student-t,5000,True,0.008705240750031984,0.007035857028419804,5.876240827262791e-09
388,RS,GLDEX,5.19,0.0050445698043057,-0.141672443737299,-0.0891788060618337,-0.0911525361987236,Student-t,5000,True,0.008511482740418241,0.006934188752294221,1.778568696941818e-05
389,FKML,GLDEX,0.890000000000001,0.0439117074609736,1.67386010405542,-0.142259848764939,-0.0955820470500901,Student-t,5000,True,0.015414159353665413,0.008928146927905096,1.2570062324357423e-08
389,RS,GLDEX,5.08,0.105359650557332,-0.208715548620788,-0.131356863480614,-0.115743692602535,Student-t,5000,True,0.019927866733393307,0.011165350626498599,7.415164540836017e-06
390,FKML,GLDEX,0.88000000000001,0.0426007249712612,1.76382436339647,-0.18483183591844,-0.136125128706532,Student-t,5000,True,0.017580384093131396,0.00954798753588266,1.1470411044989256e-08
390,RS,GLDEX,5.05,0.102897770138957,-0.297955997467513,-0.176920387135854,-0.15633161179099,Student-t,5000,True,0.022692381822024543,0.012524346097311572,7.666952068774435e-07
391,FKML,GLDEX,1.13,0.0326205575217167,1.72426126457737,-0.189246292785262,-0.11812651839738,Student-t,5000,True,0.010281913426304912,0.010456503731048254,2.0266022581904975e-09
391,RS,GLDEX,5.23,0.116585853161985,-0.29341855039278,-0.180212645126119,-0.15129416775702,Student-t,5000,True,0.017795948101213876,0.014553785116754784,9.271140011257728e-08
392,FKML,GLDEX,0.949999999999999,0.121308566219891,1.68997878028462,-0.226622880219132,-0.0367476993853358,Student-t,5000,True,0.0353949913523916,0.028607152959589897,1.749384637150797e-08
392,RS,GLDEX,5.02,0.254999842028666,-0.359044209997173,-0.223091119464989,-0.156115376115986,Student-t,5000,True,0.04568726132381001,0.03254482042198393,2.1512935969525415e-05
393,FKML,GLDEX,0.780000000000001,-0.0456681653725871,1.82857744785718,-0.157268271441409,-0.205735166281888,Student-t,5000,True,0.02164792795503001,0.011207396169796718,1.4224752931113471e-08
393,RS,GLDEX,5.17,-0.103262775538744,-0.350734059121759,-0.177389346604588,-0.199827412226867,Student-t,5000,True,0.026953818538073215,0.014389052217013143,8.357627591260366e-07
394,FKML,GLDEX,0.890000000000001,-0.0481373557496672,1.62237699541234,-0.100129517499009,-0.151441538850981,Student-t,5000,True,0.01516926551551806,0.011713716175405335,1.5464658886799043e-08
394,RS,GLDEX,5.08,-0.117105656856654,-0.215820200270344,-0.122513977014756,-0.14048272143968,Student-t,5000,True,0.020195816895588026,0.01302621716829568,1.6953560792907527e-06
395,FKML,GLDEX,0.809999999999999,0.0120428961946054,1.66869288940128,-0.124485981805988,-0.118480207666372,Student-t,5000,True,0.006488933132498043,0.003415614484535593,1.2749107547449512e-08
395,RS,GLDEX,5.13,0.0203155106532165,-0.202882725118053,-0.122575108383566,-0.120549923546356,Student-t,5000,True,0.006907868994503352,0.0035421358792607294,1.0727044230662841e-07
396,FKML,GLDEX,0.940000000000001,0.0014666167901733,1.73771657446722,-0.172716071044369,-0.115511066489518,Student-t,5000,True,0.012318945213092292,0.010785635463588236,6.73252320559925e-09
396,RS,GLDEX,5.23,0.0719272947192677,-0.268015940510799,-0.162878887033262,-0.140618810091538,Student-t,5000,True,0.01423873553983157,0.012991016290404058,3.220240714085776e-07
397,FKML,GLDEX,0.920000000000002,0.0174703892118455,1.65704118964947,-0.147893597493405,-0.134980048920824,Student-t,5000,True,0.005830179121949164,0.007804377482337134,9.471493769841466e-09
397,RS,GLDEX,5.11,0.0354219336826679,-0.235231622103051,-0.144311620498321,-0.139364648486431,Student-t,5000,True,0.007273888242314341,0.008153663465301197,3.09832743987104e-05
398,FKML,GLDEX,0.969999999999999,0.0119058014059649,1.86280867382759,-0.189967719498481,-0.190070722542053,Student-t,5000,True,0.016805927946761334,0.010084212613775784,3.0172024710494254e-09
398,RS,GLDEX,8.58000000000001,0.0117724501389449,-0.353969557644699,-0.189993934592126,-0.190044581640069,Student-t,5000,True,0.016800449537680395,0.010083789309097504,3.2030771111931147e-07
399,FKML,GLDEX,2.01,0.0079658357013783,1.61096281847747,-0.127992851707505,-0.10742973310152,Student-t,5000,True,0.0063216603239275165,0.006049543564120981,9.095424080562964e-09
399,RS,GLDEX,9.91,0.0370504030622717,-0.191446230256421,-0.1220078877009,-0.115241499740466,Student-t,5000,True,0.0068576693471733285,0.006400050546831238,1.3296088432923625e-05
400,FKML,GLDEX,1.8,1.47277952967502,0.903700476349916,0.762830289211672,-0.0054163262570797,Gamma,1000,True,0.04682138209609027,0.014287520793256764,0.1235070265577114
400,RS,GLDEX,4.0,1.18504780927406,-0.0002877013239699,-0.0001080601904123,-0.0003332452142243,Gamma,1000,True,0.043517878088635706,0.01656811532281759,0.2550146958627215
401,FKML,GLDEX,1.17999999999999,1.55031551392955,1.04003484466324,0.629927203297651,-0.0189503335581227,Gamma,1000,True,0.014870910960304157,0.013658114860070245,0.08015628936589714
401,RS,GLDEX,4.41000000000001,0.859367248660241,0.0440709308988478,0.0079554753438585,0.0597389329810893,Gamma,1000,True,0.019590649142563393,0.015228523827266603,1.2908434321445839e-08
402,FKML,GLDEX,2.19999999999999,1.56966518718551,0.953488152335666,0.696111990497963,-0.0071203811319454,Gamma,1000,True,0.0169598044927146,0.010040872301519958,0.05141597276412213
402,RS,GLDEX,2.47000000000001,0.856580917797743,0.045759250014496,0.008901119655425,0.0661019182723881,Gamma,1000,True,0.015008184832880633,0.007342312445239437,4.379333613128779e-09
403,FKML,GLDEX,0.669999999999987,1.59507664855013,0.98385497356744,0.644735895784473,-0.052607191582491,Gamma,1000,True,0.022166045860126715,0.015372819212638316,0.08325542447782608
403,RS,GLDEX,1.74000000000001,0.923198246988598,0.0075354968069598,0.0015236969948431,0.0102842103190619,Gamma,1000,True,0.028417636970990034,0.018226796893510814,3.2041799258308856e-07
404,FKML,GLDEX,0.689999999999998,1.50874808556283,0.949075727787293,0.723587803482591,-0.0207006033682559,Gamma,1000,True,0.03038339313628549,0.008809513036243175,0.10845541796491354
404,RS,GLDEX,1.87,0.851557207412516,-0.0004522858336767,-0.0001583245154274,-0.0005434458404957,Gamma,1000,True,0.09315491366740104,0.06740704619233158,0.20825518342420746
405,FKML,GLDEX,0.659999999999997,1.51881985930233,1.002568995916,0.668592519864551,-0.0428736905704965,Gamma,1000,True,0.02509117195958359,0.008812579406338403,0.07736956200861922
405,RS,GLDEX,1.5,0.853392432677631,0.0168088413543776,0.0031630842021221,0.022675387559773,Gamma,1000,True,0.011533351940954256,0.007901145747078833,1.3491781913899104e-08
406,FKML,GLDEX,0.590000000000003,1.5082709798201,0.963092641710524,0.689632103500854,-0.0392228788866888,Gamma,1000,True,0.03501758554088921,0.010630407409550045,0.06639052064526951
406,RS,GLDEX,1.89,0.987475428050015,-0.0004354171247958,-0.0001237041156394,-0.0005518377189208,Gamma,1000,True,0.03294243031974439,0.009553697116628398,0.07559443827418533
407,FKML,GLDEX,0.659999999999997,1.57365019447296,0.96096703432936,0.697178897934177,0.005109830994095,Gamma,1000,True,0.014740435797394147,0.010513631846102064,0.06376582097374728
407,RS,GLDEX,1.72,0.800067655588356,0.0595062391798179,0.0101668637601308,0.088187904052252,Gamma,1000,True,0.012174331206082412,0.005663763701917469,4.573479150948856e-09
408,FKML,GLDEX,1.06,1.47310268451752,0.888791267838108,0.801572554863588,0.0136914436265519,Gamma,1000,True,0.042223972201973214,0.013558032137899571,0.12431643840859952
408,RS,GLDEX,2.97,1.33186174391364,-0.0006443128461026,-0.0002921674369915,-0.0007042693168313,Gamma,1000,True,0.05303201863075454,0.02553922479305167,0.3973025724154644
409,FKML,GLDEX,1.17,1.64881190990471,0.94548356531168,0.596160294345949,-0.0004797114603096,Gamma,1000,True,0.033804785922797675,0.020821473761846954,0.14771506385153277
409,RS,GLDEX,2.66,1.20537303401907,-0.0001580991315181,-7.57468250633106e-05,-0.0001765538315151,Gamma,1000,True,0.07925013808149889,0.0355415654623125,0.47880889215210587
410,FKML,GLDEX,1.17,1.53882894260166,0.957052748911191,0.699438277596679,-0.0297787909504216,Gamma,1000,True,0.024493409057526408,0.009450337390356334,0.08596748579134328
410,RS,GLDEX,2.58,0.794983964192331,0.0303461910168118,0.0050044179390509,0.0441957645845599,Gamma,1000,True,0.012862279561587697,0.0073451979258187805,5.216886425152744e-07
411,FKML,GLDEX,0.89,1.53786831495769,0.959363405954115,0.70991574206565,-0.0142714489362022,Gamma,1000,True,0.021193215520536296,0.008135338080102698,0.06211360218011386
411,RS,GLDEX,2.11,0.823127571392383,0.0410590926675932,0.0073422669757487,0.0590912052297409,Gamma,1000,True,0.012438144082199065,0.003929478079382199,6.782216122047657e-09
412,FKML,GLDEX,0.85,1.60351148915844,1.00333400613842,0.64826542056864,0.0224969105814834,Gamma,1000,True,0.01687390341888234,0.015684014293392796,0.07748849236327016
412,RS,GLDEX,2.44,1.56573607536888,-0.0007740603958045,-0.0003745110199156,-0.0007178896730082,Gamma,1000,True,0.0784822077119181,0.045154794628446626,0.41808382184225046
413,FKML,GLDEX,0.9,1.51725217163513,0.896644812514824,0.753357360064747,0.0374924731866159,Gamma,1000,True,0.037199383297870314,0.014777846424144455,0.10477135999761833
413,RS,GLDEX,2.14,0.950905666715812,-0.0002855620867358,-0.0001393854160021,-0.0003007170001406,Gamma,1000,True,0.13839689585531956,0.109995717815553,0.48203759179762784
414,FKML,GLDEX,0.93,1.52614022565135,1.00566100323737,0.591450039546031,-0.0004302365635369,Gamma,1000,True,0.04405977746823614,0.02360199845335062,0.1667839956483994
414,RS,GLDEX,2.36,0.510676643735035,0.0749359558539753,0.0060173891510802,0.122196152327525,Gamma,1000,True,0.04662806836959332,0.026537748468683665,4.082102192098358e-09
415,FKML,GLDEX,0.899999999999999,1.55989847767973,1.03603665696964,0.643684601982724,-0.0473698647468013,Gamma,1000,True,0.008912516912425353,0.006611005681673828,0.018477472392057104
415,RS,GLDEX,2.35,1.01617421075776,0.0867204290535864,1.39048912913547e-10,0.0921157419210504,Gamma,1000,True,0.2701914024964298,0.09102875078631756,0.688046499885961
416,FKML,GLDEX,0.890000000000001,1.51487795734079,0.872850806326968,0.787129966531689,0.0308776727934342,Gamma,1000,True,0.037255971436976495,0.015286793254821926,0.08618810935394272
416,RS,GLDEX,2.32,1.17196544836244,-0.0001405760203043,-6.866827464162e-05,-0.0001553800518831,Gamma,1000,True,0.08863766485482133,0.04788113738825715,0.4882643528153272
417,FKML,GLDEX,0.969999999999999,1.43775110413118,0.948760086273578,0.737906670682676,-0.0131139211419591,Gamma,1000,True,0.050978486036279635,0.022950616416264294,0.12903227577972465
417,RS,GLDEX,2.36,1.17024114711598,-0.0007556919468921,-0.0002832042535801,-0.0008634093326594,Gamma,1000,True,0.04514636360990651,0.01812509451801078,0.2861534509398833
418,FKML,GLDEX,0.91,1.58955193264785,0.950306921232685,0.676634752138746,-0.0273958113925931,Gamma,1000,True,0.023377001187391167,0.015172104380788424,0.056538564448880724
418,RS,GLDEX,2.2,1.079103638495,-0.0003191481410838,-0.000111091099367,-0.0003955828328001,Gamma,1000,True,0.046228038618864674,0.012460844786547015,0.12951505574953193
419,FKML,GLDEX,0.940000000000001,1.53121503960531,0.997228983849918,0.668364630090114,-0.008014016633257,Gamma,1000,True,0.02291683531075553,0.013402581714443381,0.19800100296889123
419,RS,GLDEX,2.41,1.28402967530193,-0.0007383657325555,-0.0002975211154503,-0.0007915614281491,Gamma,1000,True,0.04212809338896597,0.025196760767326378,0.38484093961398247
420,FKML,GLDEX,0.950000000000003,1.48162073600624,0.98008483649441,0.703764007424882,-0.052427994935472,Gamma,1000,True,0.034938057469685674,0.011575218510303482,0.07025269784508037
420,RS,GLDEX,2.33,0.927029703471498,-0.0043328180793884,-0.0010334349792271,-0.0055555474959761,Gamma,1000,True,0.0224820672590368,0.009705404819788058,0.0450360274607311
421,FKML,GLDEX,0.75,1.50123484506167,1.04995136914551,0.638679748348396,-0.096442039398222,Gamma,1000,True,0.02481869853743504,0.011964673247232185,0.07891064621576738
421,RS,GLDEX,2.31,0.176632644869279,0.0006370546452055,1.33409246468204e-07,0.0009704478229971,Gamma,1000,True,0.153894089069552,0.07666059057764701,0.5476215249712748
422,FKML,GLDEX,0.979999999999997,1.502794899054,0.898400531911501,0.772840028833933,-0.0067764560986824,Gamma,1000,True,0.03607406906135063,0.014555263989863239,0.13068791299864668
422,RS,GLDEX,2.29,1.09617755348125,-0.0001623586067651,-5.51300655139329e-05,-0.000192290795379,Gamma,1000,True,0.04112359767114404,0.014664775574695735,0.29058389707778964
423,FKML,GLDEX,0.93,1.59917541425449,0.93221036957645,0.692075383956236,0.0299091179562982,Gamma,1000,True,0.02231283079439128,0.01479447713349921,0.048342604676318235
423,RS,GLDEX,2.3,0.821961772053077,0.0767852395964528,0.0141400903574039,0.118554435625342,Gamma,1000,True,0.016404120335037714,0.012072146576645602,6.943237984557982e-09
424,FKML,GLDEX,1.3,1.52887101996769,0.961491901176439,0.688075365612355,-0.0263839681671509,Gamma,1000,True,0.029417175618926567,0.008910239895980474,0.10361551776787392
424,RS,GLDEX,5.31,0.746211602655295,0.0370559737033284,0.0053551769170147,0.0550740168964547,Gamma,1000,True,0.012675782847604414,0.006477532491357588,9.287685509562493e-09
425,FKML,GLDEX,1.91,1.59359379780536,0.92149272358679,0.684838639192412,0.0243504941565826,Gamma,1000,True,0.024416845383442992,0.015592673373493673,0.08963458815518033
425,RS,GLDEX,4.12,0.711725141569659,0.0773178100990072,0.0106025997047986,0.127027495787215,Gamma,1000,True,0.012760322077692093,0.011187440479443322,1.0890645901147319e-08
426,FKML,GLDEX,1.45,1.46865651973221,0.880553182121632,0.7897016439899,0.0453290340937327,Gamma,1000,True,0.04940680527476898,0.018501592736359602,0.10264879188643228
426,RS,GLDEX,5.27,1.05973431905369,-0.0002007180101535,-0.0001092047678634,-0.0002221276728494,Gamma,1000,True,0.13267757037961392,0.08576167374837683,0.4560239803793884
427,FKML,GLDEX,1.72,1.47164854912752,0.925024772321693,0.749978225242741,-0.0330887999447831,Gamma,1000,True,0.04351040529787886,0.015829251163955293,0.11053112669602605
427,RS,GLDEX,4.5,0.665485547574424,0.0297630593946954,0.0035865784576164,0.0457810606556543,Gamma,1000,True,0.01579006349970774,0.01251809935446077,1.0210942980037885e-08
428,FKML,GLDEX,1.58,1.63796641256972,0.897199476546852,0.705734402381093,0.0483390994794426,Gamma,1000,True,0.03542631840749344,0.020593613370207067,0.08357367152526418
428,RS,GLDEX,3.8,0.703344647376347,0.0925342765623595,0.0116273943279347,0.159829128023908,Gamma,1000,True,0.023464717256268308,0.020159864797688352,2.1026882901509225e-08
429,FKML,GLDEX,1.16,1.49176839376674,1.00652748473602,0.687953684429759,-0.0408562783395095,Gamma,1000,True,0.027901078110627225,0.014134051266483875,0.08721637006475147
429,RS,GLDEX,2.68,1.00810165814372,-0.000730316036591,-0.0001999922530542,-0.0008841750604603,Gamma,1000,True,0.026955971657112443,0.013620741280964577,0.10775750227782477
430,FKML,GLDEX,0.94,1.52719407937772,0.898877854771958,0.746158203764489,-0.0072631074598915,Gamma,1000,True,0.03494758287143107,0.01658469485800852,0.11501819355819132
430,RS,GLDEX,2.24,0.610673350132264,0.0528487759790791,0.0050977342193677,0.0878135544741594,Gamma,1000,True,0.013982497676604089,0.012711758876161253,2.4185609959204157e-08
431,FKML,GLDEX,0.929999999999999,1.55923572989379,0.946291813519688,0.709627358455147,-0.0083738624219566,Gamma,1000,True,0.018723527698061668,0.009728898402351608,0.049332456027808114
431,RS,GLDEX,2.3,1.31243347830509,-0.0007811322447895,-0.00031566799793,-0.0008741903929293,Gamma,1000,True,0.04787474198649083,0.02529728275803901,0.23748312073362454
432,FKML,GLDEX,1.0,1.58795535237274,0.950583621435731,0.686129434068994,-0.0164925966746997,Gamma,1000,True,0.02189883614810051,0.01212358541635793,0.10522766275243378
432,RS,GLDEX,2.16,0.768116690224927,0.0462832976514333,0.0063653644296899,0.071026240366143,Gamma,1000,True,0.026856655335946555,0.015101037884090182,3.798756095799118e-09
433,FKML,GLDEX,0.890000000000001,1.57082424656438,0.947555310854685,0.699147634382876,0.004592476139875,Gamma,1000,True,0.01774957424338372,0.010969660640942028,0.055784263484908614
433,RS,GLDEX,2.26,0.807535876747324,0.0569456136308321,0.010386921617747,0.0845859606875067,Gamma,1000,True,0.011938740594512507,0.004160503471315911,2.7910118066264328e-08
434,FKML,GLDEX,0.810000000000002,1.53743501225421,0.987204737194866,0.679827806588557,-0.0159388893536208,Gamma,1000,True,0.020809831176863067,0.009416643150063192,0.0598910328976483
434,RS,GLDEX,2.4,0.847733164193262,0.0405860233501107,0.0076870580841995,0.0564441547050788,Gamma,1000,True,0.011535665400160119,0.00852053603613138,4.2625524019692774e-09
435,FKML,GLDEX,0.82,1.50631512576638,0.993235268888564,0.690228723905558,-0.0548196251272667,Gamma,1000,True,0.02619915147820756,0.0077104416472793934,0.1416987368561311
435,RS,GLDEX,2.32,0.716857852305833,0.0151813593422718,0.001772595979233,0.021782584485647,Gamma,1000,True,0.023643554840697995,0.012868274232572958,3.904336498550265e-08
436,FKML,GLDEX,0.82,1.53683006029864,1.01643122021266,0.647912164553986,-0.0553198549299282,Gamma,1000,True,0.020883754246946995,0.006544831969851031,0.07403042872087684
436,RS,GLDEX,2.39,0.934860061515449,0.000921259685116,0.0001989276278641,0.0011860007435249,Gamma,1000,True,0.01844912260998363,0.008661926124495192,0.010486349539549078
437,FKML,GLDEX,0.969999999999999,1.46202871508728,1.0521416636039,0.66334762905934,-0.0347380389022706,Gamma,1000,True,0.032025479041283306,0.028427286394434363,0.11054440770909002
437,RS,GLDEX,2.22,1.02828621056992,0.0061602809152961,0.0016719268399478,0.0071431264159883,Gamma,1000,True,0.02739105955801413,0.022881300297228218,0.13829788789556807
438,FKML,GLDEX,0.830000000000002,1.54700798646686,0.990532457107203,0.681224670784454,-0.0177132304527155,Gamma,1000,True,0.016269235942950544,0.00842202954670376,0.05499857541701192
438,RS,GLDEX,2.2,0.875099015631097,0.0381047287027972,0.0074146241883686,0.0524914301818087,Gamma,1000,True,0.016915587764377793,0.008080248786308709,2.28996009973791e-07
439,FKML,GLDEX,0.829999999999998,1.56432548517179,1.08558409800676,0.607261858109475,-0.110766072372242,Gamma,1000,True,0.009052956235668375,0.006869837395742553,0.04118354659796397
439,RS,GLDEX,2.31,1.11671682396883,-0.0724929433209391,-0.0192547002786332,-0.0796744008392142,Gamma,1000,True,0.03858442299403911,0.017756831423708614,9.290941246357536e-09
440,FKML,GLDEX,0.839999999999996,1.51690437739872,0.983136587305749,0.709158493270345,-0.0179878657867954,Gamma,1000,True,0.02094414438716541,0.009762650687764156,0.07907465459277363
440,RS,GLDEX,2.27,0.791113143863524,0.0415268102450017,0.0065190367980337,0.0592963567570123,Gamma,1000,True,0.01617565764547066,0.008221291762806102,8.936362760891825e-09
441,FKML,GLDEX,0.859999999999999,1.55898239378928,0.944766942911699,0.682107474750038,-0.0167640543089217,Gamma,1000,True,0.02734923042074104,0.011653608166158333,0.0884553555387495
441,RS,GLDEX,2.36,0.777329906026555,0.0429193578052799,0.0069755959311153,0.0646691343923182,Gamma,1000,True,0.011006147248858206,0.008455252865058147,6.558281695490109e-09
442,FKML,GLDEX,1.03,1.47371196585839,0.854962507397337,0.832958204592536,0.0099822181022094,Gamma,1000,True,0.04544496607402415,0.019312679292070114,0.07542354013090513
442,RS,GLDEX,2.26,0.590619772955732,0.0572432230596518,0.0065307279610031,0.0967113437186143,Gamma,1000,True,0.018816423542707128,0.014755419389893236,5.536505920389345e-09
443,FKML,GLDEX,0.939999999999998,1.52841662178311,0.982824229935689,0.690829351430732,-0.0368335918425649,Gamma,1000,True,0.021985209355804017,0.006625421573275593,0.0687941748804568
443,RS,GLDEX,4.67,0.373879755670138,0.0467329104622386,6.78406474874301e-11,0.0790603913659048,Gamma,1000,True,0.055410930390442314,0.026040256100959162,0.12213297671438172
444,FKML,GLDEX,2.29,1.54311106769872,0.976691123150748,0.679375880438369,-0.0501312428465425,Gamma,1000,True,0.0223825944603612,0.010743086129667142,0.10489382284031268
444,RS,GLDEX,5.65,0.807070728079703,0.0136876930496066,0.0022248295642482,0.0193108859830495,Gamma,1000,True,0.01638504418834924,0.009437736162546912,1.0918152977268392e-05
445,FKML,GLDEX,1.69,1.59485649063288,1.05278332614676,0.616655230917124,-0.028261852008945,Gamma,1000,True,0.014888022666975531,0.011888458112710837,0.11644772736282083
445,RS,GLDEX,4.8,0.811457221213601,0.0416082506653767,0.0062217208429029,0.0574670590337652,Gamma,1000,True,0.026761150967833144,0.015281445924300013,8.278307372933114e-09
446,FKML,GLDEX,1.70999999999999,1.49089803814252,0.956237318318939,0.731790569879389,0.0234236725822962,Gamma,1000,True,0.032394280119982966,0.020703888401324207,0.09516170926384504
446,RS,GLDEX,5.16000000000001,0.631418694828967,0.0799175886096411,0.0083224828897074,0.12706478827068,Gamma,1000,True,0.020307221762126515,0.01603726270707754,2.00462038080218e-08
447,FKML,GLDEX,1.88,1.5047443189641,0.920546934325736,0.736055293480704,-0.0204182658467898,Gamma,1000,True,0.03757542860450305,0.014137378302183996,0.10393720913379045
447,RS,GLDEX,4.15000000000001,0.671390734058073,0.0405994087026844,0.0050651845383661,0.0635672021069007,Gamma,1000,True,0.011253954062493465,0.010191803796057504,7.484449948691463e-09
448,FKML,GLDEX,1.1,1.573347394778,0.861804851487451,0.765956082486325,0.0769089271162084,Gamma,1000,True,0.028488260594552853,0.018584987645181957,0.04477822494435346
448,RS,GLDEX,2.51,0.658031033554566,0.103750829785145,0.015246970660857,0.18152741215336,Gamma,1000,True,0.012332893431491687,0.011481545920281144,6.542300307981562e-09
449,FKML,GLDEX,0.83,1.61397034606469,0.990149823804719,0.666864971593285,-0.0094607999173328,Gamma,1000,True,0.023881980806575553,0.01274677652272854,0.011041455578542525
449,RS,GLDEX,2.33,1.00994888478836,0.0385507806844071,0.0093641497255649,0.0510792787513231,Gamma,1000,True,0.03405907746966899,0.0146743681467098,8.56743760406321e-09
450,FKML,GLDEX,1.76,1.60716927245166,0.965533663041012,0.643202356961002,-0.0003414121642467,Gamma,5000,True,0.022054974320137255,0.013506811104966215,0.0814512695283891
450,RS,GLDEX,5.79,0.7889859561614,0.0600562817068361,0.0101541452650981,0.0907504154652136,Gamma,5000,True,0.011061799316929077,0.005540772445926637,6.051749803718161e-09
451,FKML,GLDEX,1.32,1.56838099346263,1.12051492556314,0.572352962144386,-0.101907435646941,Gamma,5000,True,0.008885315585227316,0.00768925897263222,0.006114986038031622
451,RS,GLDEX,5.97,1.007968663328,0.0005099622199182,2.07088911483989e-07,0.0007214435462835,Gamma,5000,True,0.26581380542063276,0.0958030366662525,0.6431813028133355
452,FKML,GLDEX,1.55,1.53991652449752,0.974142185670304,0.685799108443254,-0.0168054566384251,Gamma,5000,True,0.022489983726134158,0.008661768296846492,0.08046831700053314
452,RS,GLDEX,5.83,0.80209714412055,0.0427992415732629,0.0070926841598208,0.0618637338253844,Gamma,5000,True,0.014384336191473002,0.0045950501864517115,6.7060819120001725e-09
453,FKML,GLDEX,1.67,1.52439460877935,0.965354796583547,0.680417541893513,-0.0128011917831302,Gamma,5000,True,0.03177351855168556,0.010908319747921858,0.09569937796696082
453,RS,GLDEX,5.81,0.735695629002799,0.0489052733357669,0.007239658540148,0.0729209540572719,Gamma,5000,True,0.011773662586703648,0.00609158869003806,1.4274971655427384e-08
454,FKML,GLDEX,1.46,1.51634590062389,0.969809210563086,0.687015207780881,-0.0333419295845867,Gamma,5000,True,0.031037554433965123,0.008697288401501396,0.10964975826093837
454,RS,GLDEX,6.07,0.984361170901141,-0.0002178327651812,-6.379562154189e-05,-0.0002701337825777,Gamma,5000,True,0.03703280834662882,0.016260605560377638,0.11478859493554983
455,FKML,GLDEX,1.88,1.57005507343357,0.989458825392198,0.646403786351624,-0.0187549757717129,Gamma,5000,True,0.019907112066249108,0.009601037823990308,0.07648988713011717
455,RS,GLDEX,11.5,0.860664221894816,0.0413018279228878,0.0076869968275805,0.0584052142467912,Gamma,5000,True,0.019501015503018276,0.00575960445973092,1.2057750353733354e-08
456,FKML,GLDEX,3.18,1.56260609176036,0.989998314065345,0.661823702549546,-0.0356815066802722,Gamma,5000,True,0.017214542725233317,0.0074009739015872735,0.05580089660038179
456,RS,GLDEX,11.62,0.923540364789863,0.0202325333340574,0.0042879190680466,0.0272611684775277,Gamma,5000,True,0.02145110395376193,0.007975454802772126,4.452864255100053e-08
457,FKML,GLDEX,3.19,1.58635030171155,0.93023675236459,0.690683852278837,-0.0010118441147396,Gamma,5000,True,0.02282444477829826,0.014066189781042784,0.09217929318629148
457,RS,GLDEX,6.3,0.742389089676879,0.0568725885688175,0.0082969281300546,0.0894223793909365,Gamma,5000,True,0.013771997969235311,0.010648650379466662,4.9316637871592745e-09
458,FKML,GLDEX,0.980000000000004,1.55145385022797,1.0373157172313,0.622920940214628,-0.0500584913889922,Gamma,5000,True,0.017446784380893005,0.007786381422759575,0.049775704826166
458,RS,GLDEX,4.89,1.01568758393432,-0.000377493930357,-9.54225185997265e-05,-0.0004636145346725,Gamma,5000,True,0.021478014752573937,0.010897786224141826,0.0712502326704394
459,FKML,GLDEX,1.42,1.5395157958013,0.984220470475678,0.665761839623566,-0.0237918498670294,Gamma,5000,True,0.02508727849062914,0.008906123030093773,0.09160602711747279
459,RS,GLDEX,5.64,0.797949969532063,0.0385644135739949,0.0063185773812409,0.055412340279946,Gamma,5000,True,0.013859999660664854,0.004962043652554472,3.488892574843305e-08
460,FKML,GLDEX,2.23,1.5452101725266,0.973531652722882,0.675694732230442,-0.0135605705861064,Gamma,5000,True,0.023914199111663564,0.00946774317308603,0.09136956456613277
460,RS,GLDEX,6.45999999999999,0.777996349781184,0.0479002176570255,0.0074102972442825,0.0706206104971262,Gamma,5000,True,0.015343324592305918,0.004435643331664263,7.847260465797333e-09
461,FKML,GLDEX,1.64,1.56971098979474,0.982283281549932,0.659381572525509,-0.0306832150533505,Gamma,5000,True,0.0183459753048332,0.008486932177409945,0.06507579289547483
461,RS,GLDEX,6.15000000000001,0.893299797512863,0.0268327384606905,0.0054205658605029,0.0370838001602234,Gamma,5000,True,0.019069335821249533,0.007920378111621988,9.671426326463006e-09
462,FKML,GLDEX,1.47,1.50846478469881,0.962528984967143,0.69424098313116,-0.0021561260114149,Gamma,5000,True,0.03405880233278735,0.014453173373082396,0.09821293336976367
462,RS,GLDEX,5.89,0.691758525093136,0.0588771888357257,0.0077604736483132,0.0900269154484304,Gamma,5000,True,0.015903913253471125,0.009256108284927752,1.9447095045421747e-08
463,FKML,GLDEX,1.55,1.50385149598086,0.970231121571238,0.698817033397872,-0.0322617284080507,Gamma,5000,True,0.03183458747661912,0.009212375846813304,0.08444254473592494
463,RS,GLDEX,6.16,1.10892741093036,-0.0007696637748233,-0.0002427542044674,-0.0009290247160987,Gamma,5000,True,0.030956229638265678,0.012028720249494897,0.15190432262337428
464,FKML,GLDEX,1.45999999999999,1.53771385511775,1.02433062901018,0.644721676104853,-0.0275779926878316,Gamma,5000,True,0.01917541528398785,0.011834038349614375,0.042169858932781024
464,RS,GLDEX,5.58000000000001,0.926710200530762,0.0272371441459085,0.006026847659116,0.0353506294651012,Gamma,5000,True,0.015584709866206716,0.012881248305970152,6.214439629559365e-09
465,FKML,GLDEX,1.32999999999998,1.56424356039071,1.02047077705786,0.628531826321093,-0.0443859503338567,Gamma,5000,True,0.017178984881016393,0.007304661036340763,0.046518093519177794
465,RS,GLDEX,5.77000000000001,0.968577242207326,0.0101551529159773,0.0023687215705554,0.0130156411286426,Gamma,5000,True,0.020039675657537975,0.008441808983253314,8.581064925294868e-08
466,FKML,GLDEX,1.41999999999999,1.54279934681025,0.985761280613127,0.663059979927471,-0.026125492846016,Gamma,5000,True,0.02434677133859206,0.008548966442264347,0.07668087307078819
466,RS,GLDEX,5.56,0.838439952535368,0.0336416841996777,0.0061813522828497,0.0472167218656073,Gamma,5000,True,0.012480230485636568,0.004806056778457358,6.995267032294805e-09
467,FKML,GLDEX,1.57,1.52496195353316,0.99827550284802,0.662720651974364,-0.0319479321453501,Gamma,5000,True,0.02609630044633668,0.009816327101208737,0.06339463211781338
467,RS,GLDEX,5.76,0.866332746697383,0.0256726523308921,0.0051261532000002,0.0347723507153585,Gamma,5000,True,0.013631879049446455,0.007460880516267577,5.372026434306362e-09
468,FKML,GLDEX,1.52,1.54808552914086,1.0159584168226,0.639733672476406,-0.036449721319908,Gamma,5000,True,0.020011287395749255,0.00841205515770647,0.03984084580612679
468,RS,GLDEX,6.2,0.987462586532148,-0.0002575496308664,-7.39317368086715e-05,-0.0003031582291817,Gamma,5000,True,0.03463913280459936,0.027749165800633732,0.40405863828146416
469,FKML,GLDEX,1.52,1.57247578969517,1.01116477390825,0.635188555518034,-0.0474744857733903,Gamma,5000,True,0.0156367871003818,0.007268210511299103,0.0730251150758987
469,RS,GLDEX,5.85,0.930346416191012,0.0115538879319819,0.0024033308837504,0.0152893304034189,Gamma,5000,True,0.024419185467619342,0.008512801523793474,2.4622597294410298e-08
470,FKML,GLDEX,1.68,1.57960122722402,0.978340244940123,0.653864737783852,-0.0308083167020661,Gamma,5000,True,0.018429915057955853,0.009734493440421703,0.04155476373512834
470,RS,GLDEX,5.76,0.944360799520622,0.0225053605126055,0.0051787325678003,0.030435695658542,Gamma,5000,True,0.019375478180657435,0.010028570901893987,8.288751907059577e-09
471,FKML,GLDEX,1.6,1.51155522632275,0.985949665869414,0.685168513342394,-0.0409748316091191,Gamma,5000,True,0.02805655936733914,0.008247762554059939,0.07834425577441118
471,RS,GLDEX,5.78,0.828718500241301,0.0184895000765219,0.0033675801394029,0.0254299075270847,Gamma,5000,True,0.011240862468797555,0.007434977506683908,7.486359590808836e-09
472,FKML,GLDEX,1.42,1.50562125865599,0.988148197155736,0.67932929380828,-0.0241721573368671,Gamma,5000,True,0.030957668484861228,0.013671774603822406,0.0821337723298754
472,RS,GLDEX,6.22,1.15589146451343,-0.0005475931372193,-0.0001909843893542,-0.0006291267612127,Gamma,5000,True,0.037597861028055506,0.016991443636287216,0.19348275734682074
473,FKML,GLDEX,2.59,1.51231097163204,0.948789902273389,0.703429846166088,0.0077172796609689,Gamma,5000,True,0.03475260498305746,0.01392461561553801,0.0919886886977499
473,RS,GLDEX,11.45,0.68120289868573,0.0656584234799987,0.0086405926300417,0.102517530537288,Gamma,5000,True,0.013918919060691481,0.008078738076905808,7.191448325727379e-09
474,FKML,GLDEX,4.17,1.64418367919264,0.973467921026486,0.593566888706585,0.0003828940331846,Gamma,5000,True,0.029557134395581608,0.01744912013203248,0.11878782024894985
474,RS,GLDEX,11.14,0.754647919492896,0.0662976203009823,0.009918941369499,0.104014996398007,Gamma,5000,True,0.015246894004132872,0.00919510810230237,6.564786714235993e-09
475,FKML,GLDEX,2.38,1.58732803029985,1.01629742575671,0.629157780632543,-0.0460896489096424,Gamma,5000,True,0.015542265920202247,0.007920576981393384,0.041174042049193726
475,RS,GLDEX,5.89999999999999,0.999752785733897,0.0072461052042603,0.0017385864879489,0.0092557481684828,Gamma,5000,True,0.02730463014908921,0.00982054744681707,9.887872298719458e-08
476,FKML,GLDEX,1.19000000000001,1.53716082981743,1.00190696223016,0.655169904403754,-0.0303060212899844,Gamma,5000,True,0.023262809773584192,0.009051529804333016,0.07043151216692523
476,RS,GLDEX,4.72,0.862826135818823,0.0280465392587414,0.0054991321055795,0.0380901687075378,Gamma,5000,True,0.012736166375100612,0.008028769001770462,9.190389338442628e-09
477,FKML,GLDEX,1.13,1.53568986506576,0.916785534286965,0.725483121333537,-0.0179712552115404,Gamma,5000,True,0.03172077363730369,0.015692004699769512,0.1064672538087219
477,RS,GLDEX,6.09,0.996353420261677,-0.000159144276313,-4.84704783911058e-05,-0.0002002177062075,Gamma,5000,True,0.04007384944103767,0.013498115804528522,0.07499799209450031
478,FKML,GLDEX,2.0,1.52353446278466,0.961203520602399,0.690458502618624,-0.0136184733813328,Gamma,5000,True,0.03059805916628576,0.010180680857128347,0.08349251790837164
478,RS,GLDEX,6.45,0.760676878151541,0.0457201353734385,0.0073231954321602,0.0675718051832095,Gamma,5000,True,0.008891194109813193,0.004649430825023031,2.1794044124945344e-08
479,FKML,GLDEX,1.75,1.55144648790959,0.957593764270162,0.679452677086874,-0.0071093350497236,Gamma,5000,True,0.0261465172578291,0.01041388631477515,0.06511816302357021
479,RS,GLDEX,6.02,0.816385296067064,0.0486040721457852,0.0089542698312492,0.0711477699127195,Gamma,5000,True,0.012031291654651975,0.0035650762383708035,8.147194252572376e-09
480,FKML,GLDEX,1.7,1.51884695968926,0.993859927929518,0.666937362577541,-0.0240774562908795,Gamma,5000,True,0.028272567600802725,0.012259185504174727,0.08533279976350161
480,RS,GLDEX,5.73999999999999,0.803200976387616,0.0375297188467649,0.0063523124706678,0.0529592756330921,Gamma,5000,True,0.011746539896077324,0.008098436640648852,4.1647238990805135e-09
481,FKML,GLDEX,1.58999999999999,1.55619102043476,1.0448784756424,0.627042018373076,-0.0499412322387725,Gamma,5000,True,0.012439934752440873,0.007540959879617048,0.003211177796321074
481,RS,GLDEX,6.10000000000001,0.999440523467457,0.0008477845836144,0.0002097924420053,0.0010367625316613,Gamma,5000,True,0.018789410159691194,0.012322030278474196,0.024902168729871832
482,FKML,GLDEX,1.64,1.55271878602263,0.961582727326439,0.677512648125634,0.0062889500232217,Gamma,5000,True,0.02503093864065628,0.01175457794022256,0.08347939657649417
482,RS,GLDEX,5.69999999999999,0.731173161568118,0.0640764990601878,0.0098413319630949,0.0977085631716126,Gamma,5000,True,0.009872751656799572,0.007487780641120443,2.1606865285200195e-08
483,FKML,GLDEX,1.47,1.52699935953161,1.00626155203427,0.656663614628462,-0.0330320482421278,Gamma,5000,True,0.024681033878566253,0.010347962439470285,0.062153863971286194
483,RS,GLDEX,5.58000000000001,0.876750342748843,0.024594010958772,0.0049818805539405,0.0329641032362128,Gamma,5000,True,0.013764153464494097,0.008651921704568969,1.4144212912015064e-08
484,FKML,GLDEX,1.34,1.62094183682902,1.02654879135569,0.607038904306492,-0.0506514439320368,Gamma,5000,True,0.024246556738104386,0.01108398961391608,0.10920801023327043
484,RS,GLDEX,5.48999999999998,0.852326903631558,0.0152545735268088,0.0027958989151774,0.0207995848739087,Gamma,5000,True,0.015209848630107825,0.007300174329030115,2.625920942911364e-07
485,FKML,GLDEX,1.45000000000002,1.5479980247458,1.10021480017543,0.594963970424456,-0.0843354106633102,Gamma,5000,True,0.011405217703161497,0.008404265231727994,0.02586141296139499
485,RS,GLDEX,5.82999999999998,1.07861999986141,0.0002204758474904,2.608032579601e-05,0.0002901345257227,Gamma,5000,True,0.1440881876749579,0.0627879153013003,0.41375051132405094
486,FKML,GLDEX,1.83,1.53047066885432,0.972944348070052,0.685239983445471,-0.0266874078931426,Gamma,5000,True,0.026020683887832186,0.008115181317072668,0.0639882369379543
486,RS,GLDEX,6.24,1.15310301822497,-0.000996936971508,-0.0003409190942826,-0.0011699477880501,Gamma,5000,True,0.03547832369293658,0.014676922351975954,0.1617037420288907
487,FKML,GLDEX,1.37,1.51842505462393,0.997813214566475,0.669843796428942,-0.0319288344132727,Gamma,5000,True,0.026367899378648127,0.01066999119474024,0.07131938616115163
487,RS,GLDEX,5.84,0.842522850576105,0.0270529913783273,0.0050916182797242,0.0369945097252493,Gamma,5000,True,0.012051671033693534,0.007893744612448851,1.5411665805753414e-08
488,FKML,GLDEX,1.52,1.59805083138597,0.997094619832695,0.639530497855976,-0.0455564880294289,Gamma,5000,True,0.020610588801556085,0.01121356017384236,0.028908075208428086
488,RS,GLDEX,6.14,1.01861960761171,0.0052773092157055,0.0013271072752322,0.0067881874805468,Gamma,5000,True,0.02895670528310665,0.014326450836455555,2.9599403816860104e-06
489,FKML,GLDEX,1.38,1.5075143599862,1.01928041289103,0.660863679342883,-0.0347493770132683,Gamma,5000,True,0.025919725646871283,0.015260095674818926,0.07795306361659149
489,RS,GLDEX,6.01,0.837149419121135,0.025890347456162,0.0047366246426657,0.0348022250644821,Gamma,5000,True,0.018396582164934783,0.012389831605763528,1.259180848478536e-08
490,FKML,GLDEX,1.42,1.52832734791218,0.969226795495068,0.679369077950388,-0.0207289020584718,Gamma,5000,True,0.029552714951490713,0.009454082417235115,0.087951572349104
490,RS,GLDEX,5.92,0.779555449451647,0.0401606373966082,0.0065397673907982,0.0586538610546322,Gamma,5000,True,0.00942517507189615,0.004530990687821886,1.3935465028920499e-08
491,FKML,GLDEX,1.6,1.51588545229317,0.978347880028384,0.681292395606252,-0.0268204653485492,Gamma,5000,True,0.030093968275875335,0.009784989821369409,0.09516347980617534
491,RS,GLDEX,6.02,1.12846438296976,-0.0002058683047232,-6.73319757217339e-05,-0.0002453452518684,Gamma,5000,True,0.032906096277838325,0.013179209316301822,0.6535045244974675
492,FKML,GLDEX,3.17,1.58162845187795,0.959953096305471,0.669512740621285,0.0006811235654094,Gamma,5000,True,0.019213038436975638,0.011608682738992899,0.07318338572851757
492,RS,GLDEX,12.19,0.814630616450987,0.0570822656475912,0.0099825336402363,0.085250344540588,Gamma,5000,True,0.015323214634914512,0.0075152188175932775,7.426453440233648e-09
493,FKML,GLDEX,2.81,1.5329995300157,1.00121573762256,0.660352908248352,-0.0398397536433496,Gamma,5000,True,0.023273529374761834,0.0076310959894098805,0.06464167580709224
493,RS,GLDEX,11.19,0.88684534562081,0.0177242820771069,0.0036081522166056,0.0237305704311126,Gamma,5000,True,0.013485071155470553,0.006792630667626469,9.291231783947751e-09
494,FKML,GLDEX,3.25,1.52519190583878,1.02559182695283,0.645847554562759,-0.0406093861119694,Gamma,5000,True,0.022400103470765043,0.011712302311175822,0.05496172019524348
494,RS,GLDEX,5.19,0.91250864541226,0.0156848497126153,0.0033670778785498,0.0202622754850255,Gamma,5000,True,0.015021364753817164,0.011074115256729656,1.4868072995000148e-08
495,FKML,GLDEX,1.06,1.55038010946654,1.00734051295247,0.651015119871249,-0.026390906195913,Gamma,5000,True,0.01867005086446709,0.00894440896869108,0.04520543732426896
495,RS,GLDEX,4.7,0.920111767774375,0.0284976569868823,0.0062328416350178,0.0378107382511627,Gamma,5000,True,0.015243437642702258,0.009197272450871695,1.591267650979944e-08
496,FKML,GLDEX,1.19,1.55756542308974,1.0068096694442,0.641397654436849,-0.0463724237381965,Gamma,5000,True,0.019510489376286286,0.0069966790046140015,0.06577276377569796
496,RS,GLDEX,6.25,0.924971439870061,0.011272467884818,0.0024007941470206,0.0148877672821193,Gamma,5000,True,0.019233243997957533,0.0074277771562999365,1.6623914689262165e-08
497,FKML,GLDEX,1.72999999999999,1.52669395985123,0.964727650537093,0.692356168611398,-0.0033481727093674,Gamma,5000,True,0.027971912757912498,0.0113036417076045,0.08409021183683096
497,RS,GLDEX,6.49000000000001,0.748563382360335,0.0555909380058681,0.0084163479172214,0.0831417741138614,Gamma,5000,True,0.008979789535605645,0.006557501544729272,4.957921184711722e-08
498,FKML,GLDEX,1.69,1.55067141739434,0.956540259117619,0.674832643026386,-0.0153501412320073,Gamma,5000,True,0.0280647568314802,0.010254131425488698,0.09044197342192195
498,RS,GLDEX,5.92,0.773659530259483,0.0451650653852752,0.007247515031238,0.0675627829896386,Gamma,5000,True,0.010690141801728698,0.005165870528777816,7.3139680978329125e-09
499,FKML,GLDEX,1.84,1.53088545046063,0.948227911394256,0.698399646449159,-0.0136884033776764,Gamma,5000,True,0.030265297344910888,0.009946782789146286,0.11128400935306693
499,RS,GLDEX,6.0,1.01287235890837,-0.0003577704504609,-0.0001370269878129,-0.000416313706048,Gamma,5000,True,0.07283146578480058,0.04681061476906986,0.2455015813016741
500,FKML,GLDEX,0.769999999999996,0.24112177720101,6.57653650748917,0.643102891603359,0.186823615857389,Beta,1000,True,0.04039688373587677,0.01787861525641136,0.1163245906391828
500,RS,GLDEX,2.23,0.129824999442115,1.38390394538691,0.0386511632487407,0.318084151498308,Beta,1000,True,0.02518014150893283,0.01611120279742241,2.3161422335448746e-07
501,FKML,GLDEX,0.799999999999997,0.251736625263289,6.36454102243406,0.643480483309395,0.186335321974206,Beta,1000,True,0.02634771855606896,0.020364154483083177,0.1638973739924062
501,RS,GLDEX,2.3,0.140136373307908,1.36526161197237,0.0385506383413819,0.317455761215704,Beta,1000,True,0.018289903383251677,0.00838835569182798,3.925486887488584e-08
502,FKML,GLDEX,0.859999999999999,0.260958918699704,7.50715532125503,0.527502664325626,0.123912789110165,Beta,1000,True,0.01833306276623836,0.012585185625596261,0.0038535196474600575
502,RS,GLDEX,2.25,0.164652250904038,1.18389368930206,0.0435564757154265,0.238716042062092,Beta,1000,True,0.027242390285729084,0.013986184354518295,2.0896932334857397e-07
503,FKML,GLDEX,0.769999999999982,0.235259798300283,7.48465836328637,0.587528252572026,0.126390683185821,Beta,1000,True,0.03915674110071454,0.03126558357744883,0.08152841332170224
503,RS,GLDEX,2.25,0.146854951266054,1.17925434194719,0.036513324413442,0.242795562309593,Beta,1000,True,0.019468992467838064,0.011820345673486067,1.5588647672391195e-07
504,FKML,GLDEX,0.840000000000003,0.24217963327264,6.69390400595918,0.634662659689328,0.181295803464286,Beta,1000,True,0.03536949915938625,0.016541617414431574,0.04224313504813572
504,RS,GLDEX,2.36000000000001,0.127266194868067,1.28753071136445,0.0379336601449598,0.313646231896247,Beta,1000,True,0.017405767345696654,0.013554134462305877,1.1518062569226041e-07
505,FKML,GLDEX,1.17,0.247083840125901,7.34852628348669,0.554554898158083,0.142260290337465,Beta,1000,True,0.017699639001725664,0.013951141342960974,0.038581478208543435
505,RS,GLDEX,2.61,0.1510666046658,1.24835287117939,0.0431989174453009,0.26334498451234,Beta,1000,True,0.009326865789056504,0.006424076419321734,1.8048058948005016e-07
506,FKML,GLDEX,0.8,0.229364869914632,7.76260531310664,0.591712502012514,0.146262278905151,Beta,1000,True,0.05784003641161983,0.04810842807208314,0.0825802299078252
506,RS,GLDEX,2.26,0.13972737528397,1.306861315506,0.0387848171998195,0.269139439063187,Beta,1000,True,0.03779205362902183,0.02492853602592225,7.410524474040247e-08
507,FKML,GLDEX,0.91,0.251269380671186,7.43137636052971,0.550063938100118,0.182278767515442,Beta,1000,True,0.018651047964704404,0.014403592779996383,0.09397164902622766
507,RS,GLDEX,2.42,0.142362176580889,1.40478907783769,0.0499517826413935,0.316320999856252,Beta,1000,True,0.014596794554304127,0.011768890956913716,1.0418408681172702e-07
508,FKML,GLDEX,0.890000000000001,0.260719413063118,6.96622355650258,0.577987834199278,0.202911545741684,Beta,1000,True,0.01672186170203971,0.009435066358641539,0.007047648096616646
508,RS,GLDEX,2.2,0.146459003279385,1.4662401399052,0.0478857027468106,0.343392583674099,Beta,1000,True,0.014918667925961304,0.011028770633414143,2.579796709421108e-06
509,FKML,GLDEX,0.83,0.202391455525409,8.27784709423776,0.63597174189815,0.126002485553396,Beta,1000,True,0.12428510073359378,0.09618262239191767,0.2994109810793058
509,RS,GLDEX,2.19,0.138054010107731,1.17620223131256,0.0292479510006513,0.247614825298012,Beta,1000,True,0.024450468396139513,0.01565370789922667,4.285274588677855e-07
510,FKML,GLDEX,0.859999999999999,0.244998890190601,6.24722557543085,0.674730538908872,0.185684074809396,Beta,1000,True,0.03823978823689836,0.02303233249365464,0.2125662867158468
510,RS,GLDEX,2.47,0.134661902109745,1.36001594013261,0.0353490433126943,0.314710100757558,Beta,1000,True,0.016848955190433668,0.006545808040054902,7.020203687795533e-08
511,FKML,GLDEX,0.75,0.255063561994054,7.21503121545108,0.558788937353406,0.142025868698151,Beta,1000,True,0.006536736987513114,0.005213585257123754,0.024173109720738245
511,RS,GLDEX,2.22,0.154494520222913,1.24277853857588,0.0434251806992213,0.261148706892705,Beta,1000,True,0.015030338183192798,0.006664942864974067,1.8568026995794895e-07
512,FKML,GLDEX,0.859999999999999,0.233736130495385,7.60212354747908,0.577172932650474,0.131572637124165,Beta,1000,True,0.04423823901630419,0.03699450082799958,0.09034418276557468
512,RS,GLDEX,2.36,0.143971406931003,1.18585515702787,0.0385070700472889,0.249640218120836,Beta,1000,True,0.02075665665711901,0.011505934450194764,1.7639385374286103e-07
513,FKML,GLDEX,1.09,0.238929306235343,6.81212079241106,0.642483113698506,0.141769737827799,Beta,1000,True,0.0367949973166371,0.019636653938462752,0.22436741253657436
513,RS,GLDEX,2.19,0.144376098805517,1.26704804495156,0.0348887165010845,0.257141935023889,Beta,1000,True,0.02942663728288286,0.02094677689401627,1.817051300260393e-07
514,FKML,GLDEX,0.789999999999999,0.260147168629106,7.49834707421594,0.526432301872197,0.117951042483305,Beta,1000,True,0.01652423267046227,0.01218594466600051,4.5142692838069254e-07
514,RS,GLDEX,2.25,0.16571609412193,1.1461485648588,0.0432479143838772,0.228917638877979,Beta,1000,True,0.02520515883315827,0.014067548716236854,2.0826802187566382e-07
515,FKML,GLDEX,0.970000000000006,0.253888537229871,6.71092726118352,0.60505401255722,0.144583141398344,Beta,1000,True,0.019575407218008878,0.018634998170463882,0.04766403655383031
515,RS,GLDEX,2.33,0.146139352470012,1.17437716978786,0.0387618271002987,0.262700946983689,Beta,1000,True,0.01577886021799091,0.013222725015574078,1.1814106433293671e-07
516,FKML,GLDEX,0.810000000000002,0.268112709248296,6.98211835627249,0.541208447258253,0.160732250795041,Beta,1000,True,0.03481885220330938,0.024763412983889593,0.016022298178313302
516,RS,GLDEX,2.25,0.161797334631557,1.29530701368021,0.0482465177062603,0.28749614357645,Beta,1000,True,0.02887315702527582,0.02676735481640247,8.029404295694059e-08
517,FKML,GLDEX,0.82,0.253318024128673,8.00083176540193,0.510731878898134,0.135849777174619,Beta,1000,True,0.02256372156147768,0.015533089108366184,2.6974805859953905e-08
517,RS,GLDEX,2.34,0.163391764941406,1.33461100339375,0.0483885800553052,0.254097902086709,Beta,1000,True,0.023485946018821174,0.019684747504838427,2.8954468440458596e-07
518,FKML,GLDEX,0.969999999999999,0.228240947096015,7.14913144059556,0.628310614514236,0.187560591040843,Beta,1000,True,0.05800238079169712,0.049297336326607426,0.173785867577405
518,RS,GLDEX,2.34,0.131213468635101,1.35321625657861,0.0360145593513934,0.328492704776849,Beta,1000,True,0.00958255401724925,0.006994916999061154,4.2309884556475124e-07
519,FKML,GLDEX,0.890000000000001,0.255087871327661,7.4692215027978,0.532886172973587,0.154557027543817,Beta,1000,True,0.00869265036672906,0.005205375913978669,0.06219114460815853
519,RS,GLDEX,5.46,0.159676371585811,1.38484414612704,0.0484662181457778,0.279323028320525,Beta,1000,True,0.023998393397625162,0.014695933379512067,3.4172262860004547e-07
520,FKML,GLDEX,1.65,0.248830753620358,6.89805419609304,0.593067325182953,0.153589943591838,Beta,1000,True,0.021920731055662224,0.010812832399718223,0.04424557627724794
520,RS,GLDEX,4.75,0.142723173916544,1.25262251798089,0.0410420100624378,0.275599340130941,Beta,1000,True,0.012348782284294257,0.00752149115291534,3.051811911616216e-07
521,FKML,GLDEX,1.13,0.260070237010295,7.34951630479294,0.535480856614837,0.166857133257569,Beta,1000,True,0.01388943209956639,0.007880969785837917,1.1864587912711897e-07
521,RS,GLDEX,5.31,0.157473171873365,1.38523249811881,0.0499027882915874,0.296058059414766,Beta,1000,True,0.019175573644926086,0.007819133194174764,2.6190150989556773e-07
522,FKML,GLDEX,1.51000000000001,0.227949816648885,6.90670499444717,0.643182267098863,0.182359423126307,Beta,1000,True,0.06095287209018313,0.045127608564513144,0.15316119253044944
522,RS,GLDEX,5.30999999999999,0.128559527998433,1.31168846328364,0.0348043308088727,0.319232514169697,Beta,1000,True,0.010743515609939469,0.008171893489657491,3.451021020050211e-07
523,FKML,GLDEX,1.94000000000001,0.234254830854959,7.17507388159485,0.621169983014773,0.162959925876999,Beta,1000,True,0.04280824171076264,0.03395112406168822,0.10584590976186584
523,RS,GLDEX,3.75,0.137127757523931,1.29203506837671,0.036482928889152,0.292570184640688,Beta,1000,True,0.0109520315881554,0.006750914166635235,5.857033682256718e-07
524,FKML,GLDEX,1.14,0.251958758777838,6.69869657871578,0.619750787905543,0.180732219448766,Beta,1000,True,0.017040324718147037,0.010208781665455684,0.03905801043106577
524,RS,GLDEX,2.48,0.138215982483374,1.33632397866616,0.0407478407110369,0.311185618935465,Beta,1000,True,0.0077268682282094145,0.005529006345877214,6.684042525041874e-08
525,FKML,GLDEX,0.86,0.245962565735743,6.43300767738739,0.646032063068108,0.20730650624356,Beta,1000,True,0.035039007295433966,0.01454365674509606,0.14020744737478116
525,RS,GLDEX,2.25,0.131199492949958,1.45765511185984,0.0396062888612555,0.345349675307745,Beta,1000,True,0.013500517743852247,0.010266463756076625,2.1674989005051295e-07
526,FKML,GLDEX,0.88,0.25336391476503,6.55841057993177,0.61625659684357,0.168719016546409,Beta,1000,True,0.02119941869298167,0.018613671505302073,0.07774910720097217
526,RS,GLDEX,2.44,0.141767525133821,1.27786353381468,0.0400648084943234,0.295120603939277,Beta,1000,True,0.01237058765033372,0.009837018308634348,4.4186799917760086e-07
527,FKML,GLDEX,0.93,0.236831392460236,5.70859116488465,0.784914308307051,0.2107486858413,Beta,1000,True,0.055543674468771315,0.03393027199630619,0.27048863026014597
527,RS,GLDEX,2.21,0.117955832536447,1.36118341733251,0.0269055350109471,0.340328623520347,Beta,1000,True,0.016889007575199365,0.008331051592090823,1.037161801043599e-07
528,FKML,GLDEX,0.790000000000001,0.239097711881037,7.4235613111335,0.603511527411978,0.125190253569287,Beta,1000,True,0.028725186858851504,0.022163219811068342,0.06725789749218922
528,RS,GLDEX,2.24,0.146273862645002,1.13886867257125,0.0353857296822794,0.239131337301512,Beta,1000,True,0.01324759657228003,0.010096736802964008,3.49177160800106e-07
529,FKML,GLDEX,0.970000000000002,0.239565928656741,7.20678721777893,0.590636635997816,0.177653558951547,Beta,1000,True,0.03364946376637129,0.029973712105641752,0.06561710572537496
529,RS,GLDEX,2.28,0.133237161338137,1.35003778101514,0.0414033162695425,0.31367823525099,Beta,1000,True,0.017934866513285963,0.0099685373496421,0.022619435301973002
530,FKML,GLDEX,0.920000000000002,0.233613132948906,5.97270589061307,0.73281801162186,0.200140966213887,Beta,1000,True,0.06216346397840686,0.0318081039693581,0.2013365281341811
530,RS,GLDEX,2.22,0.115707698183525,1.34745160244552,0.030826117048426,0.330031470327058,Beta,1000,True,0.030669944378911795,0.015439628518257994,2.0207798767061372e-07
531,FKML,GLDEX,0.970000000000002,0.244457363113382,6.25532635984619,0.665330921356817,0.19785770200388,Beta,1000,True,0.041320537255625706,0.021630627380347246,0.14116648068289003
531,RS,GLDEX,2.42,0.127420517080093,1.37514888313388,0.0370631437265959,0.331391725162047,Beta,1000,True,0.015308354852285821,0.007371330591005156,1.5200264031875775e-07
532,FKML,GLDEX,0.98,0.246387165672464,6.57071998315865,0.641629419382744,0.193212833720177,Beta,1000,True,0.02931973348565481,0.012053475585939917,0.06661415155656454
532,RS,GLDEX,2.18,0.130417786229178,1.38007229314526,0.0392641306891432,0.326753044282049,Beta,1000,True,0.015923742940249175,0.008099550186642159,4.59099643480453e-08
533,FKML,GLDEX,0.809999999999999,0.246053808702593,7.60457541197896,0.545024131320817,0.178475821545748,Beta,1000,True,0.029913376422304405,0.025415001116787336,0.12736909624199413
533,RS,GLDEX,2.36,0.154155563782569,1.42895514046022,0.0462360689506393,0.318861064991591,Beta,1000,True,0.029233539716386564,0.01524493116671914,4.674825993228287e-07
534,FKML,GLDEX,0.859999999999999,0.262562905870101,6.72325990643459,0.573081401340549,0.182437704116305,Beta,1000,True,0.0269535732034063,0.01867102719384151,6.006283918728237e-08
534,RS,GLDEX,2.25,0.146999997322816,1.33150504540145,0.0466290036735176,0.31581830071289,Beta,1000,True,0.02191976360031278,0.018502821898490684,7.301166371144283e-08
535,FKML,GLDEX,0.780000000000001,0.209424405592602,7.62706492349314,0.656547428155449,0.172999668819202,Beta,1000,True,0.10216004097284803,0.08413162818097436,0.259030484688281
535,RS,GLDEX,2.29,0.126810216743702,1.32746513320896,0.0307535083067558,0.310568607801693,Beta,1000,True,0.01788189796323425,0.009924909509650802,3.036961291298264e-08
536,FKML,GLDEX,0.920000000000002,0.238512016266537,5.31252089158476,0.803616708284553,0.225884548128371,Beta,1000,True,0.06656599874264008,0.04846552114748645,0.26415151863192454
536,RS,GLDEX,2.51,0.108258516252645,1.31697195140301,0.025723656232885,0.358413214089411,Beta,1000,True,0.02044073450350581,0.014635509273748114,5.148310936502415e-07
537,FKML,GLDEX,1.0,0.248159743947734,5.91498383379739,0.70978906440747,0.223819719084621,Beta,1000,True,0.03862412210008312,0.02654979710546669,0.1530612081568048
537,RS,GLDEX,2.36,0.121902534794024,1.40317473587893,0.033712419167908,0.362601806470216,Beta,1000,True,0.01286533343580698,0.008248411176965521,1.3571286105505345e-07
538,FKML,GLDEX,1.22,0.223328732197099,7.28478161117395,0.630554403642292,0.176144126991555,Beta,1000,True,0.06829477217206142,0.05752456040916554,0.1742479166022882
538,RS,GLDEX,4.22000000000001,0.13167612018145,1.34695384364999,0.0351110795142033,0.31287327233895,Beta,1000,True,0.013745819933786596,0.0075623001021323565,2.2057224980197207e-07
539,FKML,GLDEX,1.81,0.25046172062125,6.71525933973783,0.618442906672092,0.19355490315427,Beta,1000,True,0.019947019562230828,0.007747179621547272,0.0721068931799512
539,RS,GLDEX,5.31,0.13766817344939,1.41947002338771,0.0419408048615239,0.328504572178072,Beta,1000,True,0.008223150680960578,0.006469693725093419,2.447630766674579e-07
540,FKML,GLDEX,1.68,0.246108895168436,6.89576899204475,0.596868961008405,0.164175630413256,Beta,1000,True,0.027100857373613646,0.012211893789785112,0.11118520090630363
540,RS,GLDEX,5.05,0.143160238580107,1.34498864376315,0.0417219127124203,0.289993573969625,Beta,1000,True,0.018072405643118405,0.012485144718810983,2.035672603335123e-07
541,FKML,GLDEX,1.50999999999999,0.236738443453875,7.26669865403692,0.603719010116495,0.139962013058509,Beta,1000,True,0.03662933694371273,0.027505920664428297,0.1202239588426216
541,RS,GLDEX,4.72000000000001,0.146783990206439,1.19608452760047,0.0360709509860866,0.261947028862558,Beta,1000,True,0.020236655421553534,0.01147583191553808,1.832829315035666e-07
542,FKML,GLDEX,1.84999999999999,0.236962848755659,5.8207783698683,0.729815253363221,0.198295807576919,Beta,1000,True,0.061898140535901286,0.03659417467936487,0.2361255143330461
542,RS,GLDEX,4.31,0.118911191153136,1.32473694387746,0.0310722025787029,0.327629570756891,Beta,1000,True,0.02090052593205244,0.010134796476747483,3.383778270045799e-07
543,FKML,GLDEX,1.1,0.2636753911473,7.44438705637608,0.540439604592502,0.177827362021488,Beta,1000,True,0.023542954681072648,0.015446662822927027,0.03570386713594872
543,RS,GLDEX,2.53,0.163308719237454,1.48383138085451,0.0506375726628974,0.310897023295948,Beta,1000,True,0.038374109470972084,0.017695614983409266,3.2727124772109483e-07
544,FKML,GLDEX,0.76,0.252924389166178,6.75285125113169,0.591420599184104,0.147025424279938,Beta,1000,True,0.01998805536174833,0.017351873364534608,0.12727906633851474
544,RS,GLDEX,2.21,0.151174301431734,1.24075051277764,0.0404110512435043,0.266769644538453,Beta,1000,True,0.01872703635707823,0.008710740549167791,2.167039888695537e-07
545,FKML,GLDEX,0.89,0.250515818841969,6.88250456011113,0.601054316859328,0.188215457608653,Beta,1000,True,0.017153323001535298,0.007130426005868549,0.031131931462024982
545,RS,GLDEX,2.4,0.152317480701173,1.42332065338703,0.0454813774405334,0.318041921242297,Beta,1000,True,0.026802764755222197,0.01314518540123822,0.057288930893198496
546,FKML,GLDEX,0.850000000000001,0.257271016363879,8.06071935975688,0.476816155286355,0.164383209494789,Beta,1000,True,0.02694164787864639,0.018697553851582137,1.8360243964737056e-07
546,RS,GLDEX,2.26,0.166899154165196,1.51866470042117,0.0588489694642774,0.293751521403375,Beta,1000,True,0.023766549536374026,0.02197386325522182,4.928227392793226e-07
547,FKML,GLDEX,0.799999999999999,0.260642441668242,6.96191568124427,0.556491371468486,0.191119270802781,Beta,1000,True,0.01688524299018268,0.009285816347941381,0.008944163250126723
547,RS,GLDEX,2.42,0.149337791457664,1.41850678993072,0.0496517892347788,0.328713199765398,Beta,1000,True,0.01261115730684681,0.012102285513310196,1.8472104530414863e-07
548,FKML,GLDEX,0.879999999999999,0.245684910897881,7.11844198797224,0.585398338730394,0.173554456427953,Beta,1000,True,0.02253395346438053,0.01723055423801618,0.04180548976452199
548,RS,GLDEX,2.37,0.144642701847201,1.39319810442985,0.0435029247241633,0.304443902346855,Beta,1000,True,0.012506743550151134,0.010695792785708872,7.971727932782321e-08
549,FKML,GLDEX,0.879999999999999,0.254627120627751,6.16237944585487,0.663745693679028,0.210071721434308,Beta,1000,True,0.027894077172054277,0.02321584847536088,0.21846904009873291
549,RS,GLDEX,2.34,0.139682843150278,1.45233163248381,0.0378031229057923,0.347861113902537,Beta,1000,True,0.028462916203882027,0.014844920694070535,1.4885431895522834e-06
550,FKML,GLDEX,1.48,0.253792331935882,6.53381287329822,0.606605710447155,0.17988549033607,Beta,5000,True,0.02413226046131005,0.01832847965080028,0.11355124476415811
550,RS,GLDEX,6.08,0.14296069805852,1.34768756636446,0.0421394745647277,0.310823640508235,Beta,5000,True,0.011287419986609315,0.007832197388522193,1.4164379484805546e-07
551,FKML,GLDEX,1.52,0.2429192410621,6.66068778154022,0.621333738334526,0.176084478638133,Beta,5000,True,0.03779795399948341,0.01690888873606679,0.10225594330753321
551,RS,GLDEX,5.97,0.137730728037732,1.34652647213128,0.0391947311665258,0.306829765750861,Beta,5000,True,0.010186536451873396,0.005887085907118075,1.4885236321754756e-07
552,FKML,GLDEX,1.59,0.249136444794202,6.35554245839502,0.645827265856262,0.192988439705596,Beta,5000,True,0.03162255946312603,0.019167533590090515,0.14983922689210546
552,RS,GLDEX,6.34,0.13133410525495,1.34604654906278,0.0387682534942296,0.326198922423957,Beta,5000,True,0.009371532504430236,0.007298117915518348,0.0574888141284867
553,FKML,GLDEX,3.5,0.24964051804814,6.85327514083972,0.586219408699476,0.162473282409869,Beta,5000,True,0.023815311298586023,0.011223780730773718,0.10677098683668251
553,RS,GLDEX,12.36,0.143609576194964,1.30058350918309,0.0427886107336262,0.288106096827131,Beta,5000,True,0.009619509702868956,0.005722381806794556,0.04166427425128054
554,FKML,GLDEX,3.07,0.254400455242798,6.77393721718469,0.587321471246268,0.18690323613263,Beta,5000,True,0.01735935843800135,0.009410212014671583,0.05045857527286608
554,RS,GLDEX,13.06,0.140859945810438,1.36500266753904,0.0449504149144253,0.321686434378242,Beta,5000,True,0.010199499406553283,0.006978107253080968,0.040981904838264145
555,FKML,GLDEX,1.84,0.255600244208065,6.79339551796406,0.58880744949405,0.183810800109858,Beta,5000,True,0.0136809102464798,0.00960058777607452,0.055123427450264474
555,RS,GLDEX,5.19,0.139120025615743,1.33113074982363,0.0447183145019498,0.316934331237991,Beta,5000,True,0.013405042429132097,0.01044739468300993,0.08314511597193294
556,FKML,GLDEX,1.33,0.252300740552138,6.63640030072092,0.604913960953164,0.171863685988238,Beta,5000,True,0.02288956451871671,0.015671832758419126,0.1301155481434333
556,RS,GLDEX,5.08,0.139245813343751,1.283356494698,0.0416473965119831,0.299855423740668,Beta,5000,True,0.01226814304134105,0.009233080743638414,0.09190422705319705
557,FKML,GLDEX,1.56999999999999,0.252791534781309,6.4677446001975,0.616893534063435,0.173058110737813,Beta,5000,True,0.02636822533273342,0.02127736477329114,0.15205544312409425
557,RS,GLDEX,7.22000000000001,0.144237418289122,1.32330799206389,0.0403552583746447,0.301043443655465,Beta,5000,True,0.016123365185289784,0.009016649657546132,9.063111379897448e-08
558,FKML,GLDEX,1.77,0.248865567453349,6.42866338369371,0.638243475903393,0.186011689556928,Beta,5000,True,0.030772311603360553,0.01823756261811726,0.14361178882103984
558,RS,GLDEX,6.78,0.132507567339117,1.32185807157292,0.0391088693779571,0.317272766974782,Beta,5000,True,0.009880514384268624,0.00825053864204961,0.06839763150650831
559,FKML,GLDEX,1.56,0.226224699140504,7.10798055017632,0.628669102554229,0.179913203836642,Beta,5000,True,0.06318496929779183,0.05131325271008711,0.141569185917439
559,RS,GLDEX,6.05,0.12887207375683,1.34382910481862,0.03627156439798,0.31655421620303,Beta,5000,True,0.017634802240328484,0.008382821950855782,2.5963807282206814e-07
560,FKML,GLDEX,1.41,0.252540522478865,7.27092329253099,0.551552053273048,0.166238210333188,Beta,5000,True,0.00970221875991134,0.007508770567385636,0.03463292874077696
560,RS,GLDEX,5.81,0.15146894634524,1.35321991605075,0.046779122185795,0.296277942967934,Beta,5000,True,0.013134260679318693,0.005527256950206118,7.019149147314297e-07
561,FKML,GLDEX,1.56,0.252607427351867,6.43495108055869,0.618181512273299,0.19342457279521,Beta,5000,True,0.027993667864320892,0.018460485701963066,0.1206703056644922
561,RS,GLDEX,6.15999999999998,0.129415142813981,1.30760971532581,0.0419410841150537,0.328355206015041,Beta,5000,True,0.01948179687008733,0.01773063151784973,0.13012422757959416
562,FKML,GLDEX,1.83,0.253740653172939,6.99722123197031,0.573039195633231,0.156451512160898,Beta,5000,True,0.012770261726040372,0.008054988210648581,0.0923137542738276
562,RS,GLDEX,6.1,0.152440796991949,1.31795262416022,0.04363031397876,0.280459667247084,Beta,5000,True,0.01893981044133633,0.006499773230592983,2.334248061019494e-07
563,FKML,GLDEX,1.5,0.25097574061387,7.50859065124424,0.532122828012298,0.160331131807736,Beta,5000,True,0.015950001988717988,0.013271181313651265,0.0417364285260659
563,RS,GLDEX,6.07,0.154476861102264,1.36332002328865,0.048296537141889,0.28956497471129,Beta,5000,True,0.014292644203213939,0.006879874782892713,4.217954934319748e-07
564,FKML,GLDEX,1.43,0.2364866467069,6.99965638511117,0.60944673093772,0.168270255369716,Beta,5000,True,0.04318054996717982,0.03029089785846828,0.11176942583212728
564,RS,GLDEX,6.11,0.135139072801224,1.26715156162167,0.0381318106539367,0.300379486277913,Beta,5000,True,0.013485537320321095,0.009770131809466384,0.035861074372903874
565,FKML,GLDEX,1.39,0.255595271118842,7.36360030446155,0.536169002192403,0.142219773418702,Beta,5000,True,0.005046268753893579,0.0032338000954506676,0.037653893025704724
565,RS,GLDEX,5.95,0.158582060391239,1.28191729891828,0.0461508845303145,0.262257486858516,Beta,5000,True,0.01816798046501414,0.007294642482631924,4.597952514981941e-08
566,FKML,GLDEX,1.47,0.244506615608571,6.92276707020249,0.598696674162446,0.165184950989276,Beta,5000,True,0.029239364748480684,0.015055910655445622,0.04484602530850243
566,RS,GLDEX,6.02,0.142318934529375,1.30418531797397,0.0412524612794327,0.292254763059868,Beta,5000,True,0.007945553841517072,0.005375812766878572,2.6646148541804214e-08
567,FKML,GLDEX,1.61,0.252433863856221,6.72225242582237,0.595375817011383,0.178102909364896,Beta,5000,True,0.0213766031154215,0.012003213981179848,0.08926695595642489
567,RS,GLDEX,6.03,0.143375651514765,1.36498822039834,0.0433377436339468,0.3089228910303,Beta,5000,True,0.009173015397472714,0.0042688044420317985,2.5066022744092377e-07
568,FKML,GLDEX,2.66999999999999,0.251630535880366,6.9282974540091,0.582999620773027,0.161259807726457,Beta,5000,True,0.01734171885236993,0.008552211747090534,0.07231417590469628
568,RS,GLDEX,12.02,0.141970475212228,1.26594801555014,0.0430299562110069,0.286582590384965,Beta,5000,True,0.011953908655573314,0.008844562027328716,0.07960142736273573
569,FKML,GLDEX,3.92,0.256139272725802,7.01938798966331,0.567342292125114,0.172698474077426,Beta,5000,True,0.008994922872433864,0.0056903530622000684,0.014451961387855755
569,RS,GLDEX,11.5,0.147830198723926,1.35484598557639,0.0463057814805698,0.302829553724115,Beta,5000,True,0.009233308444742206,0.004671292131524189,2.89194699435884e-06
570,FKML,GLDEX,2.81,0.246871881750375,6.67621863268637,0.614053217843472,0.173632584397405,Beta,5000,True,0.03024314090445046,0.014048910552875127,0.0867927410984099
570,RS,GLDEX,4.94999999999999,0.137223187057588,1.32989768760892,0.0407566937942529,0.30190129240277,Beta,5000,True,0.014475550534581438,0.007313530981809311,1.4276802387840718e-07
571,FKML,GLDEX,1.43000000000001,0.25413353992683,6.7710064356781,0.581275982652515,0.168701327893533,Beta,5000,True,0.019660335886749036,0.013507541647046045,0.09256523301678671
571,RS,GLDEX,4.81999999999999,0.147974942336687,1.33437887062723,0.0439970395487446,0.296975514289355,Beta,5000,True,0.012837791605577631,0.0062194223733412655,2.3505511882629224e-06
572,FKML,GLDEX,1.41000000000001,0.250304988586417,6.66725400369785,0.604227121970845,0.16905255305302,Beta,5000,True,0.025792955266145,0.01505576952106269,0.10784873611697504
572,RS,GLDEX,7.03,0.1427437945872,1.32073688156682,0.0414103318232922,0.296218075955239,Beta,5000,True,0.008817862263132054,0.004990999592411967,1.0932529273876612e-07
573,FKML,GLDEX,1.64,0.250489950488503,6.96047527342672,0.586625061009056,0.165956154063198,Beta,5000,True,0.017490970501238406,0.006509805910178826,0.05684594720899377
573,RS,GLDEX,6.62,0.142309566982112,1.30808432562909,0.0431050035303406,0.292880099451237,Beta,5000,True,0.009880105412428118,0.00590976265884436,0.040959718275490734
574,FKML,GLDEX,1.59999999999999,0.228261773103005,6.8818425330589,0.646817487535321,0.175004379840628,Beta,5000,True,0.06006774003674725,0.04243882203786723,0.12567497408585582
574,RS,GLDEX,6.17,0.129618884390534,1.31255018611403,0.0343592802012526,0.308404176051314,Beta,5000,True,0.014438010615518138,0.007524874795784839,6.670208565344157e-07
575,FKML,GLDEX,1.42,0.25085971010931,6.94664752227254,0.581078999392021,0.151832146173717,Beta,5000,True,0.018638516069426764,0.00990900298715259,0.06604177915939759
575,RS,GLDEX,6.0,0.147482371726263,1.26766254464255,0.0421536604311547,0.273751104417708,Beta,5000,True,0.008639281359032636,0.005977514076102528,6.710539594833499e-08
576,FKML,GLDEX,1.94,0.24738305804094,6.46711382125214,0.631848845528917,0.1566588132363,Beta,5000,True,0.03360825070853332,0.023157066866061133,0.14625542836062685
576,RS,GLDEX,5.85999999999999,0.140609045776643,1.23908321517146,0.0373818722235974,0.277826437386287,Beta,5000,True,0.009057612569092113,0.007518884704303678,6.900534256218985e-08
577,FKML,GLDEX,1.42000000000002,0.23565251213255,7.34683165403444,0.583274106430343,0.170828397917327,Beta,5000,True,0.04154614084032626,0.038101068028184096,0.1276171870405826
577,RS,GLDEX,5.94,0.14279500878709,1.35273822669913,0.0413755089011216,0.305030742025675,Beta,5000,True,0.012405577700682763,0.004806972533612902,1.406927472638973e-07
578,FKML,GLDEX,1.47,0.252718536789148,6.74227062096379,0.602851696581368,0.176412539815816,Beta,5000,True,0.017909207423523893,0.01090232684754374,0.07749055196380109
578,RS,GLDEX,5.85999999999999,0.143292968598846,1.35236071841314,0.0422892375243246,0.306252967966925,Beta,5000,True,0.010897544373661125,0.004696052586046126,9.428027749761138e-08
579,FKML,GLDEX,1.31,0.25583519630405,7.41340906752965,0.536407896397633,0.15222808437702,Beta,5000,True,0.005653077530627826,0.0040617042485222654,0.01661925209089429
579,RS,GLDEX,5.80000000000001,0.15654755992261,1.3098427559603,0.0473242466289645,0.276704198563212,Beta,5000,True,0.01557565592681917,0.005756329951227254,7.398478769759834e-07
580,FKML,GLDEX,1.59,0.249784456648886,6.48191942883337,0.62807304583187,0.165670571869577,Beta,5000,True,0.028921955206859584,0.020880956894503963,0.16485283060308129
580,RS,GLDEX,5.93000000000001,0.143074153547023,1.29640778719813,0.0385409446118618,0.290359076297202,Beta,5000,True,0.015925891099904665,0.006485515410901353,1.034636026236456e-07
581,FKML,GLDEX,1.83,0.248651497521312,6.51916422412645,0.625960615192067,0.198699913117316,Beta,5000,True,0.030366103855153675,0.013616411637193402,0.10201196147385405
581,RS,GLDEX,6.18,0.14728841515585,1.54248541415897,0.0416709715469151,0.334386639433719,Beta,5000,True,0.0353497497296931,0.02117647594439239,0.15450199941944426
582,FKML,GLDEX,1.47,0.247520667865295,7.23007711043332,0.570436665348437,0.174996589127163,Beta,5000,True,0.017645378202925027,0.016492251804155898,0.08450823662772906
582,RS,GLDEX,6.0,0.149493936106774,1.37576906363732,0.0442152938560677,0.309681621213687,Beta,5000,True,0.020276578723785854,0.01106396685861772,3.723507178601547e-07
583,FKML,GLDEX,1.47,0.236628536389287,7.32848486662602,0.583782795242568,0.155540726586506,Beta,5000,True,0.03879671743044577,0.033074408350667474,0.07735947629895419
583,RS,GLDEX,6.05,0.140022317856482,1.28560042286377,0.0406008801806665,0.282380592716824,Beta,5000,True,0.018148490679605223,0.009464423107283744,8.115234704632876e-08
584,FKML,GLDEX,1.58,0.242631737192177,6.02967395864542,0.700498114366354,0.186636272425785,Beta,5000,True,0.0469577022035467,0.030307578636862398,0.2236606107230848
584,RS,GLDEX,6.0,0.128367068313086,1.31919626419309,0.033188261870979,0.314031160524101,Beta,5000,True,0.011960486283595861,0.007176853801461716,3.505534054556798e-07
585,FKML,GLDEX,1.62,0.249091116662919,6.37210312864881,0.640484850371088,0.191916736319167,Beta,5000,True,0.03229821022738688,0.019207443773315385,0.11526054220170746
585,RS,GLDEX,6.08000000000001,0.133442783827324,1.36298636657586,0.0392867004594268,0.325071999320428,Beta,5000,True,0.007033204225513987,0.005537719233967488,2.76822789357278e-07
586,FKML,GLDEX,1.84,0.244614921329805,6.12725999976358,0.672210674792638,0.1713183260569,Beta,5000,True,0.04484662157506983,0.03131411239213374,0.23686905391401372
586,RS,GLDEX,6.38,0.135898610865971,1.28230718261447,0.0346401820472846,0.295651695525675,Beta,5000,True,0.014436861072137541,0.007322983891034325,9.07770641494558e-07
587,FKML,GLDEX,2.97,0.239363768884654,7.47145576036694,0.569241865506736,0.157573876506841,Beta,5000,True,0.032723712672925176,0.030874140793399816,0.10901400369402305
587,RS,GLDEX,12.59,0.14790668412899,1.31228467477496,0.0420248671604952,0.286847888699067,Beta,5000,True,0.01526280023529844,0.005521055690275068,7.026220773292664e-08
588,FKML,GLDEX,3.05,0.234801563847451,7.21371753408191,0.600500360723765,0.15002013770147,Beta,5000,True,0.04302713034604688,0.032843161997109675,0.07989361784427133
588,RS,GLDEX,11.45,0.142021389395204,1.25291542800661,0.0397450486337813,0.270695888196566,Beta,5000,True,0.017950194739285497,0.009487369804738494,5.425960845194476e-07
589,FKML,GLDEX,2.08999999999999,0.256300042294286,6.57647815574145,0.597251009574301,0.161948190148661,Beta,5000,True,0.024288083850499187,0.021951473318480658,0.1304833988743025
589,RS,GLDEX,4.86000000000001,0.143289252223152,1.28271481236876,0.0397799935918828,0.29007735441172,Beta,5000,True,0.011605247415380868,0.0073935813730922175,1.9175412837564394e-07
590,FKML,GLDEX,1.27999999999999,0.23516737522816,7.59071560195893,0.563577656084977,0.143306990461772,Beta,5000,True,0.04248737303324146,0.037738384189777666,0.133491255160988
590,RS,GLDEX,4.77000000000001,0.149825700784491,1.25576064606565,0.0404713852147402,0.268609916869687,Beta,5000,True,0.01700968641296087,0.006840947409207447,3.871184853719456e-08
591,FKML,GLDEX,1.3,0.249608523308838,6.50118061407426,0.624817112450519,0.179963186055609,Beta,5000,True,0.02933174046551215,0.017654548098196565,0.11824452783272843
591,RS,GLDEX,7.25,0.135817689363115,1.31814921681016,0.0400957792488678,0.309910253779003,Beta,5000,True,0.008602696385026035,0.006854714639494055,0.03503786815291237
592,FKML,GLDEX,1.56,0.257533219771305,6.71925140624203,0.58505401755176,0.177134137645996,Beta,5000,True,0.018881409413783135,0.01497378527285971,0.06916311204607224
592,RS,GLDEX,6.75,0.144701556916647,1.32288149476458,0.044510161797858,0.308101064010648,Beta,5000,True,0.014318502628610563,0.01180417266562019,0.03995114902335202
593,FKML,GLDEX,1.56,0.251321145501609,6.41722342534623,0.62900304988225,0.187590998416142,Beta,5000,True,0.028539379427028194,0.019199052929603968,0.12440239794319649
593,RS,GLDEX,6.38,0.132907902050547,1.31588272228704,0.0402400817066894,0.319930354871449,Beta,5000,True,0.014004578593216244,0.010869799908492355,0.06964997985223165
594,FKML,GLDEX,1.53999999999999,0.243449609156961,6.34231625555731,0.660209572060661,0.165179296438665,Beta,5000,True,0.04069623354958693,0.02493502776992789,0.18493394454730933
594,RS,GLDEX,6.14,0.135882824788562,1.27201985743858,0.0353330633969423,0.287996714544056,Beta,5000,True,0.012445454576256454,0.007559448202220335,3.046423819997838e-08
595,FKML,GLDEX,1.74000000000001,0.247609493465565,6.51836247958401,0.62492884775448,0.166488256130469,Beta,5000,True,0.03266443091703691,0.01984825024114773,0.14458132179709846
595,RS,GLDEX,5.89,0.140235456332502,1.29674949704553,0.0389144948646951,0.291689974986014,Beta,5000,True,0.009344273430534747,0.005920308088841165,2.394360886183196e-07
596,FKML,GLDEX,1.56,0.250269860932714,6.92943360750662,0.582840352623816,0.168557094272167,Beta,5000,True,0.020210924956635706,0.0076263645677185085,0.051411323779183324
596,RS,GLDEX,5.88,0.143397332809742,1.33864180112162,0.0438785329679534,0.296531146042242,Beta,5000,True,0.010921333908477826,0.006260155559000259,6.140449569707212e-07
597,FKML,GLDEX,1.38999999999999,0.246368686991766,7.07110792581974,0.576767928191147,0.157557664926526,Beta,5000,True,0.024427607823860553,0.013643036124567774,0.06228936083333999
597,RS,GLDEX,5.73000000000002,0.14131775797597,1.22345767310389,0.0421084255557939,0.284336077516297,Beta,5000,True,0.017130671296627376,0.014095471988402834,0.10288245954772304
598,FKML,GLDEX,1.53,0.224748352784201,7.39032006616454,0.611011322435505,0.163319242460337,Beta,5000,True,0.06531726408537247,0.055184881934311085,0.17773789066415369
598,RS,GLDEX,5.94,0.135914676542267,1.29641945753822,0.0360571858783109,0.296770555768601,Beta,5000,True,0.010873907877502031,0.006598615266826304,1.734978804027656e-07
599,FKML,GLDEX,1.34,0.231885584856276,7.32274708393612,0.599296189438808,0.165725449826874,Beta,5000,True,0.04925319642425591,0.0425256407490006,0.13487289550100048
599,RS,GLDEX,5.69,0.138453235934373,1.31228159201029,0.0385394513073858,0.298325303862542,Beta,5000,True,0.00904227261175189,0.005777847744176834,8.704188621259502e-08
